2026-09-27 16:26:04,937 [INFO] VN100 universe: 100 mã
2026-09-27 16:26:04,974 [INFO] 
📈 [1/3] Pull giá OHLCV (100 mã) ...
2026-09-27 16:26:05,046 [INFO]   [  1/100] ✓ ACB   : checkpoint OK (1,990 rows, đến 2026-09-25)
2026-09-27 16:26:07,533 [WARNING] ⚠️ Phiên bản cộng đồng: Dữ liệu OHLCV (1D) giới hạn tối đa 8 năm. Nâng cấp gói tài trợ để mở rộng giới hạn cho phân tích chuyên nghiệp: https://vnstocks.com/insiders-program
⚠️ Community edition: OHLCV data (1D) limited to 8 years. Upgrade your plan to unlock full data limits for professional use: https://vnstocks.com/insiders-program
2026-09-27 16:26:07,542 [INFO]   [  2/100] ✓ ANV   : 1,995 rows (2018-09-27→2026-09-25)
2026-09-27 16:26:09,178 [INFO]   [  3/100] ✓ BAF   : 1,197 rows (2021-12-03→2026-09-25)
2026-09-27 16:26:10,860 [INFO]   [  4/100] ✓ BCM   : 1,988 rows (2018-09-27→2026-09-25)
2026-09-27 16:26:12,369 [INFO]   [  5/100] ✓ BID   : checkpoint OK (1,995 rows, đến 2026-09-25)
2026-09-27 16:26:14,057 [INFO]   [  6/100] ✓ BMP   : 1,995 rows (2018-09-27→2026-09-25)
2026-09-27 16:26:15,563 [INFO]   [  7/100] ✓ BSI   : checkpoint OK (1,989 rows, đến 2026-09-25)
2026-09-27 16:26:17,073 [INFO]   [  8/100] ✓ BSR   : checkpoint OK (1,987 rows, đến 2026-09-25)
2026-09-27 16:26:18,762 [INFO]   [  9/100] ✓ BVH   : 1,995 rows (2018-09-27→2026-09-25)
2026-09-27 16:26:20,451 [INFO]   [ 10/100] ✓ BWE   : 1,995 rows (2018-09-27→2026-09-25)
2026-09-27 16:26:22,146 [INFO]   [ 11/100] ✓ CII   : 1,995 rows (2018-09-27→2026-09-25)
2026-09-27 16:26:23,797 [INFO]   [ 12/100] ✓ CMG   : 1,995 rows (2018-09-27→2026-09-25)
2026-09-27 16:26:25,548 [INFO]   [ 13/100] ✓ CTD   : 1,995 rows (2018-09-27→2026-09-25)
2026-09-27 16:26:27,548 [INFO]   [ 14/100] ✓ CTG   : 1,995 rows (2018-09-27→2026-09-25)
2026-09-27 16:26:29,195 [INFO]   [ 15/100] ✓ CTR   : 1,994 rows (2018-09-27→2026-09-25)
2026-09-27 16:26:30,842 [INFO]   [ 16/100] ✓ CTS   : 1,995 rows (2018-09-27→2026-09-25)
2026-09-27 16:26:32,739 [INFO]   [ 17/100] ✓ DBC   : 1,989 rows (2018-09-27→2026-09-25)
2026-09-27 16:26:34,412 [INFO]   [ 18/100] ✓ DCM   : 1,995 rows (2018-09-27→2026-09-25)
2026-09-27 16:26:36,072 [INFO]   [ 19/100] ✓ DGW   : 1,995 rows (2018-09-27→2026-09-25)
2026-09-27 16:27:07,615 [ERROR] API request failed: HTTPSConnectionPool(host='trading.vietcap.com.vn', port=443): Read timed out. (read timeout=30)
2026-09-27 16:27:10,327 [INFO]   [ 20/100] ✓ DIG   : 1,995 rows (2018-09-27→2026-09-25)
2026-09-27 16:27:12,004 [INFO]   [ 21/100] ✓ DPM   : 1,995 rows (2018-09-27→2026-09-25)
2026-09-27 16:27:13,620 [INFO]   [ 22/100] ✓ DSE   : 558 rows (2024-07-01→2026-09-25)
2026-09-27 16:27:15,300 [INFO]   [ 23/100] ✓ DXG   : 1,995 rows (2018-09-27→2026-09-25)
2026-09-27 16:27:16,975 [INFO]   [ 24/100] ✓ EIB   : 1,995 rows (2018-09-27→2026-09-25)
2026-09-27 16:27:18,645 [INFO]   [ 25/100] ✓ EVF   : 1,987 rows (2018-09-27→2026-09-25)
2026-09-27 16:27:20,338 [INFO]   [ 26/100] ✓ FPT   : 1,995 rows (2018-09-27→2026-09-25)
2026-09-27 16:27:22,008 [INFO]   [ 27/100] ✓ FRT   : 1,995 rows (2018-09-27→2026-09-25)
2026-09-27 16:27:23,822 [INFO]   [ 28/100] ✓ FTS   : 1,995 rows (2018-09-27→2026-09-25)
2026-09-27 16:27:25,519 [INFO]   [ 29/100] ✓ GAS   : 1,995 rows (2018-09-27→2026-09-25)
2026-09-27 16:27:27,159 [INFO]   [ 30/100] ✓ GEE   : 1,118 rows (2022-03-08→2026-09-25)
2026-09-27 16:27:28,839 [INFO]   [ 31/100] ✓ GEX   : 1,995 rows (2018-09-27→2026-09-25)
2026-09-27 16:27:30,521 [INFO]   [ 32/100] ✓ GMD   : 1,995 rows (2018-09-27→2026-09-25)
2026-09-27 16:27:32,208 [INFO]   [ 33/100] ✓ GVR   : 1,989 rows (2018-09-27→2026-09-25)
2026-09-27 16:27:33,879 [INFO]   [ 34/100] ✓ HAG   : 1,995 rows (2018-09-27→2026-09-25)
2026-09-27 16:28:05,436 [ERROR] API request failed: HTTPSConnectionPool(host='trading.vietcap.com.vn', port=443): Read timed out. (read timeout=30)
2026-09-27 16:28:37,620 [ERROR] API request failed: HTTPSConnectionPool(host='trading.vietcap.com.vn', port=443): Read timed out. (read timeout=30)
2026-09-27 16:29:09,739 [ERROR] API request failed: HTTPSConnectionPool(host='trading.vietcap.com.vn', port=443): Read timed out. (read timeout=30)
2026-09-27 16:29:13,320 [INFO]   [ 35/100] ✓ HCM   : 1,995 rows (2018-09-27→2026-09-25)
2026-09-27 16:29:44,875 [ERROR] API request failed: HTTPSConnectionPool(host='trading.vietcap.com.vn', port=443): Read timed out. (read timeout=30)
2026-09-27 16:29:47,649 [INFO]   [ 36/100] ✓ HDB   : 1,995 rows (2018-09-27→2026-09-25)
2026-09-27 16:30:19,196 [ERROR] API request failed: HTTPSConnectionPool(host='trading.vietcap.com.vn', port=443): Read timed out. (read timeout=30)
2026-09-27 16:30:51,260 [ERROR] API request failed: HTTPSConnectionPool(host='trading.vietcap.com.vn', port=443): Read timed out. (read timeout=30)
2026-09-27 16:31:23,383 [ERROR] API request failed: HTTPSConnectionPool(host='trading.vietcap.com.vn', port=443): Read timed out. (read timeout=30)
2026-09-27 16:31:26,718 [INFO]   [ 37/100] ✓ HDG   : 1,995 rows (2018-09-27→2026-09-25)
2026-09-27 16:31:58,276 [ERROR] API request failed: HTTPSConnectionPool(host='trading.vietcap.com.vn', port=443): Read timed out. (read timeout=30)
2026-09-27 16:32:30,394 [ERROR] API request failed: HTTPSConnectionPool(host='trading.vietcap.com.vn', port=443): Read timed out. (read timeout=30)
2026-09-27 16:32:32,806 [INFO]   [ 38/100] ✓ HHV   : 1,986 rows (2018-09-27→2026-09-25)
2026-09-27 16:33:04,357 [ERROR] API request failed: HTTPSConnectionPool(host='trading.vietcap.com.vn', port=443): Read timed out. (read timeout=30)
2026-09-27 16:33:07,180 [INFO]   [ 39/100] ✓ HPG   : 1,995 rows (2018-09-27→2026-09-25)
2026-09-27 16:33:08,877 [INFO]   [ 40/100] ✓ HSG   : 1,995 rows (2018-09-27→2026-09-25)
2026-09-27 16:33:10,560 [INFO]   [ 41/100] ✓ HT1   : 1,995 rows (2018-09-27→2026-09-25)
2026-09-27 16:33:12,264 [INFO]   [ 42/100] ✓ KBC   : 1,995 rows (2018-09-27→2026-09-25)
2026-09-27 16:33:13,964 [INFO]   [ 43/100] ✓ KDC   : 1,995 rows (2018-09-27→2026-09-25)
2026-09-27 16:33:15,652 [INFO]   [ 44/100] ✓ KDH   : 1,995 rows (2018-09-27→2026-09-25)
2026-09-27 16:33:17,366 [INFO]   [ 45/100] ✓ KOS   : 1,990 rows (2018-09-27→2026-09-25)
2026-09-27 16:33:19,056 [INFO]   [ 46/100] ✓ LPB   : 1,985 rows (2018-09-27→2026-09-25)
2026-09-27 16:33:20,742 [INFO]   [ 47/100] ✓ MBB   : 1,995 rows (2018-09-27→2026-09-25)
2026-09-27 16:33:22,434 [INFO]   [ 48/100] ✓ MCH   : 1,990 rows (2018-09-27→2026-09-25)
2026-09-27 16:33:24,085 [INFO]   [ 49/100] ✓ MSB   : 1,433 rows (2020-12-23→2026-09-25)
2026-09-27 16:33:25,761 [INFO]   [ 50/100] ✓ MSN   : 1,995 rows (2018-09-27→2026-09-25)
2026-09-27 16:33:27,450 [INFO]   [ 51/100] ✓ MWG   : 1,995 rows (2018-09-27→2026-09-25)
2026-09-27 16:33:29,106 [INFO]   [ 52/100] ✓ NAB   : 1,480 rows (2020-10-09→2026-09-25)
2026-09-27 16:34:00,664 [ERROR] API request failed: HTTPSConnectionPool(host='trading.vietcap.com.vn', port=443): Read timed out. (read timeout=30)
2026-09-27 16:34:03,321 [INFO]   [ 53/100] ✓ NKG   : 1,995 rows (2018-09-27→2026-09-25)
2026-09-27 16:34:34,875 [ERROR] API request failed: HTTPSConnectionPool(host='trading.vietcap.com.vn', port=443): Read timed out. (read timeout=30)
2026-09-27 16:35:06,923 [ERROR] API request failed: HTTPSConnectionPool(host='trading.vietcap.com.vn', port=443): Read timed out. (read timeout=30)
2026-09-27 16:35:09,807 [INFO]   [ 54/100] ✓ NLG   : 1,995 rows (2018-09-27→2026-09-25)
2026-09-27 16:35:41,369 [ERROR] API request failed: HTTPSConnectionPool(host='trading.vietcap.com.vn', port=443): Read timed out. (read timeout=30)
2026-09-27 16:36:13,430 [ERROR] API request failed: HTTPSConnectionPool(host='trading.vietcap.com.vn', port=443): Read timed out. (read timeout=30)
2026-09-27 16:36:16,157 [INFO]   [ 55/100] ✓ NT2   : 1,995 rows (2018-09-27→2026-09-25)
2026-09-27 16:36:47,719 [ERROR] API request failed: HTTPSConnectionPool(host='trading.vietcap.com.vn', port=443): Read timed out. (read timeout=30)
2026-09-27 16:36:50,051 [INFO]   [ 56/100] ✓ NVL   : 1,995 rows (2018-09-27→2026-09-25)
2026-09-27 16:37:21,608 [ERROR] API request failed: HTTPSConnectionPool(host='trading.vietcap.com.vn', port=443): Read timed out. (read timeout=30)
2026-09-27 16:37:53,743 [ERROR] API request failed: HTTPSConnectionPool(host='trading.vietcap.com.vn', port=443): Read timed out. (read timeout=30)
2026-09-27 16:38:25,800 [ERROR] API request failed: HTTPSConnectionPool(host='trading.vietcap.com.vn', port=443): Read timed out. (read timeout=30)
2026-09-27 16:38:29,476 [INFO]   [ 57/100] ✓ OCB   : 1,408 rows (2021-01-28→2026-09-25)
2026-09-27 16:39:01,035 [ERROR] API request failed: HTTPSConnectionPool(host='trading.vietcap.com.vn', port=443): Read timed out. (read timeout=30)
2026-09-27 16:42:12,561 [ERROR] API request failed: HTTPSConnectionPool(host='trading.vietcap.com.vn', port=443): Read timed out. (read timeout=30)
2026-09-27 16:59:04,806 [ERROR] API request failed: ('Connection aborted.', RemoteDisconnected('Remote end closed connection without response'))
2026-09-27 17:11:53,660 [ERROR] API request failed: HTTPSConnectionPool(host='trading.vietcap.com.vn', port=443): Read timed out. (read timeout=30)
2026-09-27 17:11:55,736 [ERROR] API request failed: HTTPSConnectionPool(host='trading.vietcap.com.vn', port=443): Max retries exceeded with url: /api/chart/OHLCChart/gap-chart (Caused by NameResolutionError("HTTPSConnection(host='trading.vietcap.com.vn', port=443): Failed to resolve 'trading.vietcap.com.vn' ([Errno 8] nodename nor servname provided, or not known)"))
2026-09-27 17:12:01,778 [ERROR] API request failed: HTTPSConnectionPool(host='trading.vietcap.com.vn', port=443): Max retries exceeded with url: /api/chart/OHLCChart/gap-chart (Caused by NameResolutionError("HTTPSConnection(host='trading.vietcap.com.vn', port=443): Failed to resolve 'trading.vietcap.com.vn' ([Errno 8] nodename nor servname provided, or not known)"))
2026-09-27 17:12:03,820 [ERROR] API request failed: HTTPSConnectionPool(host='trading.vietcap.com.vn', port=443): Max retries exceeded with url: /api/chart/OHLCChart/gap-chart (Caused by NameResolutionError("HTTPSConnection(host='trading.vietcap.com.vn', port=443): Failed to resolve 'trading.vietcap.com.vn' ([Errno 8] nodename nor servname provided, or not known)"))
2026-09-27 17:12:05,865 [ERROR] API request failed: HTTPSConnectionPool(host='trading.vietcap.com.vn', port=443): Max retries exceeded with url: /api/chart/OHLCChart/gap-chart (Caused by NameResolutionError("HTTPSConnection(host='trading.vietcap.com.vn', port=443): Failed to resolve 'trading.vietcap.com.vn' ([Errno 8] nodename nor servname provided, or not known)"))
2026-09-27 17:12:05,865 [WARNING]   ✗ FAIL price PAN: API request failed: HTTPSConnectionPool(host='trading.vietcap.com.vn', port=443): Max retries exceeded with url: /api/chart/OHLCChart/gap-chart (Caused by NameResolutionError("HTTPSConnection(host='trading.vietcap.com.vn', port=443): Failed to resolve 'trading.vietcap.com.vn' ([Errno 8] nodename nor servname provided, or not known)"))
2026-09-27 17:12:05,866 [WARNING]   [ 58/100] ✗ PAN   : FAILED
2026-09-27 17:29:50,191 [ERROR] API request failed: HTTPSConnectionPool(host='trading.vietcap.com.vn', port=443): Max retries exceeded with url: /api/chart/OHLCChart/gap-chart (Caused by NameResolutionError("HTTPSConnection(host='trading.vietcap.com.vn', port=443): Failed to resolve 'trading.vietcap.com.vn' ([Errno 8] nodename nor servname provided, or not known)"))
2026-09-27 17:29:52,220 [ERROR] API request failed: HTTPSConnectionPool(host='trading.vietcap.com.vn', port=443): Max retries exceeded with url: /api/chart/OHLCChart/gap-chart (Caused by NameResolutionError("HTTPSConnection(host='trading.vietcap.com.vn', port=443): Failed to resolve 'trading.vietcap.com.vn' ([Errno 8] nodename nor servname provided, or not known)"))
2026-09-27 17:29:54,253 [ERROR] API request failed: HTTPSConnectionPool(host='trading.vietcap.com.vn', port=443): Max retries exceeded with url: /api/chart/OHLCChart/gap-chart (Caused by NameResolutionError("HTTPSConnection(host='trading.vietcap.com.vn', port=443): Failed to resolve 'trading.vietcap.com.vn' ([Errno 8] nodename nor servname provided, or not known)"))
2026-09-27 17:46:32,112 [ERROR] API request failed: HTTPSConnectionPool(host='trading.vietcap.com.vn', port=443): Max retries exceeded with url: /api/chart/OHLCChart/gap-chart (Caused by NameResolutionError("HTTPSConnection(host='trading.vietcap.com.vn', port=443): Failed to resolve 'trading.vietcap.com.vn' ([Errno 8] nodename nor servname provided, or not known)"))
2026-09-27 17:46:34,149 [ERROR] API request failed: HTTPSConnectionPool(host='trading.vietcap.com.vn', port=443): Max retries exceeded with url: /api/chart/OHLCChart/gap-chart (Caused by NameResolutionError("HTTPSConnection(host='trading.vietcap.com.vn', port=443): Failed to resolve 'trading.vietcap.com.vn' ([Errno 8] nodename nor servname provided, or not known)"))
2026-09-27 18:03:44,970 [ERROR] API request failed: HTTPSConnectionPool(host='trading.vietcap.com.vn', port=443): Max retries exceeded with url: /api/chart/OHLCChart/gap-chart (Caused by NameResolutionError("HTTPSConnection(host='trading.vietcap.com.vn', port=443): Failed to resolve 'trading.vietcap.com.vn' ([Errno 8] nodename nor servname provided, or not known)"))
2026-09-27 18:19:12,787 [ERROR] API request failed: HTTPSConnectionPool(host='trading.vietcap.com.vn', port=443): Max retries exceeded with url: /api/chart/OHLCChart/gap-chart (Caused by NameResolutionError("HTTPSConnection(host='trading.vietcap.com.vn', port=443): Failed to resolve 'trading.vietcap.com.vn' ([Errno 8] nodename nor servname provided, or not known)"))
2026-09-27 18:19:14,823 [ERROR] API request failed: HTTPSConnectionPool(host='trading.vietcap.com.vn', port=443): Max retries exceeded with url: /api/chart/OHLCChart/gap-chart (Caused by NameResolutionError("HTTPSConnection(host='trading.vietcap.com.vn', port=443): Failed to resolve 'trading.vietcap.com.vn' ([Errno 8] nodename nor servname provided, or not known)"))
2026-09-27 18:36:45,666 [ERROR] API request failed: HTTPSConnectionPool(host='trading.vietcap.com.vn', port=443): Max retries exceeded with url: /api/chart/OHLCChart/gap-chart (Caused by NameResolutionError("HTTPSConnection(host='trading.vietcap.com.vn', port=443): Failed to resolve 'trading.vietcap.com.vn' ([Errno 8] nodename nor servname provided, or not known)"))
2026-09-27 18:36:45,666 [WARNING]   ✗ FAIL price PC1: API request failed: HTTPSConnectionPool(host='trading.vietcap.com.vn', port=443): Max retries exceeded with url: /api/chart/OHLCChart/gap-chart (Caused by NameResolutionError("HTTPSConnection(host='trading.vietcap.com.vn', port=443): Failed to resolve 'trading.vietcap.com.vn' ([Errno 8] nodename nor servname provided, or not known)"))
2026-09-27 18:36:45,666 [WARNING]   [ 59/100] ✗ PC1   : FAILED
2026-09-27 18:36:47,206 [ERROR] API request failed: HTTPSConnectionPool(host='trading.vietcap.com.vn', port=443): Max retries exceeded with url: /api/chart/OHLCChart/gap-chart (Caused by NameResolutionError("HTTPSConnection(host='trading.vietcap.com.vn', port=443): Failed to resolve 'trading.vietcap.com.vn' ([Errno 8] nodename nor servname provided, or not known)"))
2026-09-27 18:36:49,248 [ERROR] API request failed: HTTPSConnectionPool(host='trading.vietcap.com.vn', port=443): Max retries exceeded with url: /api/chart/OHLCChart/gap-chart (Caused by NameResolutionError("HTTPSConnection(host='trading.vietcap.com.vn', port=443): Failed to resolve 'trading.vietcap.com.vn' ([Errno 8] nodename nor servname provided, or not known)"))
2026-09-27 18:40:16,077 [ERROR] API request failed: HTTPSConnectionPool(host='trading.vietcap.com.vn', port=443): Max retries exceeded with url: /api/chart/OHLCChart/gap-chart (Caused by NameResolutionError("HTTPSConnection(host='trading.vietcap.com.vn', port=443): Failed to resolve 'trading.vietcap.com.vn' ([Errno 8] nodename nor servname provided, or not known)"))
2026-09-27 18:40:19,111 [ERROR] API request failed: HTTPSConnectionPool(host='trading.vietcap.com.vn', port=443): Max retries exceeded with url: /api/chart/OHLCChart/gap-chart (Caused by NameResolutionError("HTTPSConnection(host='trading.vietcap.com.vn', port=443): Failed to resolve 'trading.vietcap.com.vn' ([Errno 8] nodename nor servname provided, or not known)"))
2026-09-27 18:40:21,158 [ERROR] API request failed: HTTPSConnectionPool(host='trading.vietcap.com.vn', port=443): Max retries exceeded with url: /api/chart/OHLCChart/gap-chart (Caused by NameResolutionError("HTTPSConnection(host='trading.vietcap.com.vn', port=443): Failed to resolve 'trading.vietcap.com.vn' ([Errno 8] nodename nor servname provided, or not known)"))
2026-09-27 18:40:23,192 [ERROR] API request failed: HTTPSConnectionPool(host='trading.vietcap.com.vn', port=443): Max retries exceeded with url: /api/chart/OHLCChart/gap-chart (Caused by NameResolutionError("HTTPSConnection(host='trading.vietcap.com.vn', port=443): Failed to resolve 'trading.vietcap.com.vn' ([Errno 8] nodename nor servname provided, or not known)"))
2026-09-27 19:11:46,766 [ERROR] API request failed: HTTPSConnectionPool(host='trading.vietcap.com.vn', port=443): Max retries exceeded with url: /api/chart/OHLCChart/gap-chart (Caused by NameResolutionError("HTTPSConnection(host='trading.vietcap.com.vn', port=443): Failed to resolve 'trading.vietcap.com.vn' ([Errno 8] nodename nor servname provided, or not known)"))
2026-09-27 19:11:48,805 [ERROR] API request failed: HTTPSConnectionPool(host='trading.vietcap.com.vn', port=443): Max retries exceeded with url: /api/chart/OHLCChart/gap-chart (Caused by NameResolutionError("HTTPSConnection(host='trading.vietcap.com.vn', port=443): Failed to resolve 'trading.vietcap.com.vn' ([Errno 8] nodename nor servname provided, or not known)"))
2026-09-27 19:11:50,872 [ERROR] API request failed: HTTPSConnectionPool(host='trading.vietcap.com.vn', port=443): Max retries exceeded with url: /api/chart/OHLCChart/gap-chart (Caused by NameResolutionError("HTTPSConnection(host='trading.vietcap.com.vn', port=443): Failed to resolve 'trading.vietcap.com.vn' ([Errno 8] nodename nor servname provided, or not known)"))
2026-09-27 19:11:50,873 [WARNING]   ✗ FAIL price PDR: API request failed: HTTPSConnectionPool(host='trading.vietcap.com.vn', port=443): Max retries exceeded with url: /api/chart/OHLCChart/gap-chart (Caused by NameResolutionError("HTTPSConnection(host='trading.vietcap.com.vn', port=443): Failed to resolve 'trading.vietcap.com.vn' ([Errno 8] nodename nor servname provided, or not known)"))
2026-09-27 19:11:50,873 [WARNING]   [ 60/100] ✗ PDR   : FAILED
2026-09-27 19:28:42,186 [ERROR] API request failed: HTTPSConnectionPool(host='trading.vietcap.com.vn', port=443): Max retries exceeded with url: /api/chart/OHLCChart/gap-chart (Caused by NameResolutionError("HTTPSConnection(host='trading.vietcap.com.vn', port=443): Failed to resolve 'trading.vietcap.com.vn' ([Errno 8] nodename nor servname provided, or not known)"))
2026-09-27 19:28:44,222 [ERROR] API request failed: HTTPSConnectionPool(host='trading.vietcap.com.vn', port=443): Max retries exceeded with url: /api/chart/OHLCChart/gap-chart (Caused by NameResolutionError("HTTPSConnection(host='trading.vietcap.com.vn', port=443): Failed to resolve 'trading.vietcap.com.vn' ([Errno 8] nodename nor servname provided, or not known)"))
2026-09-27 19:28:46,256 [ERROR] API request failed: HTTPSConnectionPool(host='trading.vietcap.com.vn', port=443): Max retries exceeded with url: /api/chart/OHLCChart/gap-chart (Caused by NameResolutionError("HTTPSConnection(host='trading.vietcap.com.vn', port=443): Failed to resolve 'trading.vietcap.com.vn' ([Errno 8] nodename nor servname provided, or not known)"))
2026-09-27 19:41:17,059 [ERROR] API request failed: HTTPSConnectionPool(host='trading.vietcap.com.vn', port=443): Max retries exceeded with url: /api/chart/OHLCChart/gap-chart (Caused by NameResolutionError("HTTPSConnection(host='trading.vietcap.com.vn', port=443): Failed to resolve 'trading.vietcap.com.vn' ([Errno 8] nodename nor servname provided, or not known)"))
2026-09-27 19:41:19,102 [ERROR] API request failed: HTTPSConnectionPool(host='trading.vietcap.com.vn', port=443): Max retries exceeded with url: /api/chart/OHLCChart/gap-chart (Caused by NameResolutionError("HTTPSConnection(host='trading.vietcap.com.vn', port=443): Failed to resolve 'trading.vietcap.com.vn' ([Errno 8] nodename nor servname provided, or not known)"))
2026-09-27 19:41:21,147 [ERROR] API request failed: HTTPSConnectionPool(host='trading.vietcap.com.vn', port=443): Max retries exceeded with url: /api/chart/OHLCChart/gap-chart (Caused by NameResolutionError("HTTPSConnection(host='trading.vietcap.com.vn', port=443): Failed to resolve 'trading.vietcap.com.vn' ([Errno 8] nodename nor servname provided, or not known)"))
2026-09-27 19:59:06,604 [ERROR] API request failed: HTTPSConnectionPool(host='trading.vietcap.com.vn', port=443): Max retries exceeded with url: /api/chart/OHLCChart/gap-chart (Caused by NameResolutionError("HTTPSConnection(host='trading.vietcap.com.vn', port=443): Failed to resolve 'trading.vietcap.com.vn' ([Errno 8] nodename nor servname provided, or not known)"))
2026-09-27 20:16:08,450 [ERROR] API request failed: HTTPSConnectionPool(host='trading.vietcap.com.vn', port=443): Max retries exceeded with url: /api/chart/OHLCChart/gap-chart (Caused by NameResolutionError("HTTPSConnection(host='trading.vietcap.com.vn', port=443): Failed to resolve 'trading.vietcap.com.vn' ([Errno 8] nodename nor servname provided, or not known)"))
2026-09-27 20:16:10,493 [ERROR] API request failed: HTTPSConnectionPool(host='trading.vietcap.com.vn', port=443): Max retries exceeded with url: /api/chart/OHLCChart/gap-chart (Caused by NameResolutionError("HTTPSConnection(host='trading.vietcap.com.vn', port=443): Failed to resolve 'trading.vietcap.com.vn' ([Errno 8] nodename nor servname provided, or not known)"))
2026-09-27 20:16:10,493 [WARNING]   ✗ FAIL price PHR: API request failed: HTTPSConnectionPool(host='trading.vietcap.com.vn', port=443): Max retries exceeded with url: /api/chart/OHLCChart/gap-chart (Caused by NameResolutionError("HTTPSConnection(host='trading.vietcap.com.vn', port=443): Failed to resolve 'trading.vietcap.com.vn' ([Errno 8] nodename nor servname provided, or not known)"))
2026-09-27 20:16:10,493 [WARNING]   [ 61/100] ✗ PHR   : FAILED
2026-09-27 20:16:12,032 [ERROR] API request failed: HTTPSConnectionPool(host='trading.vietcap.com.vn', port=443): Max retries exceeded with url: /api/chart/OHLCChart/gap-chart (Caused by NameResolutionError("HTTPSConnection(host='trading.vietcap.com.vn', port=443): Failed to resolve 'trading.vietcap.com.vn' ([Errno 8] nodename nor servname provided, or not known)"))
2026-09-27 20:33:49,844 [ERROR] API request failed: HTTPSConnectionPool(host='trading.vietcap.com.vn', port=443): Max retries exceeded with url: /api/chart/OHLCChart/gap-chart (Caused by NameResolutionError("HTTPSConnection(host='trading.vietcap.com.vn', port=443): Failed to resolve 'trading.vietcap.com.vn' ([Errno 8] nodename nor servname provided, or not known)"))
2026-09-27 20:33:51,874 [ERROR] API request failed: HTTPSConnectionPool(host='trading.vietcap.com.vn', port=443): Max retries exceeded with url: /api/chart/OHLCChart/gap-chart (Caused by NameResolutionError("HTTPSConnection(host='trading.vietcap.com.vn', port=443): Failed to resolve 'trading.vietcap.com.vn' ([Errno 8] nodename nor servname provided, or not known)"))
2026-09-27 20:42:15,689 [ERROR] API request failed: HTTPSConnectionPool(host='trading.vietcap.com.vn', port=443): Max retries exceeded with url: /api/chart/OHLCChart/gap-chart (Caused by NameResolutionError("HTTPSConnection(host='trading.vietcap.com.vn', port=443): Failed to resolve 'trading.vietcap.com.vn' ([Errno 8] nodename nor servname provided, or not known)"))
2026-09-27 20:42:17,728 [ERROR] API request failed: HTTPSConnectionPool(host='trading.vietcap.com.vn', port=443): Max retries exceeded with url: /api/chart/OHLCChart/gap-chart (Caused by NameResolutionError("HTTPSConnection(host='trading.vietcap.com.vn', port=443): Failed to resolve 'trading.vietcap.com.vn' ([Errno 8] nodename nor servname provided, or not known)"))
2026-09-27 20:42:19,766 [ERROR] API request failed: HTTPSConnectionPool(host='trading.vietcap.com.vn', port=443): Max retries exceeded with url: /api/chart/OHLCChart/gap-chart (Caused by NameResolutionError("HTTPSConnection(host='trading.vietcap.com.vn', port=443): Failed to resolve 'trading.vietcap.com.vn' ([Errno 8] nodename nor servname provided, or not known)"))
2026-09-27 20:58:24,040 [ERROR] API request failed: HTTPSConnectionPool(host='trading.vietcap.com.vn', port=443): Max retries exceeded with url: /api/chart/OHLCChart/gap-chart (Caused by NameResolutionError("HTTPSConnection(host='trading.vietcap.com.vn', port=443): Failed to resolve 'trading.vietcap.com.vn' ([Errno 8] nodename nor servname provided, or not known)"))
2026-09-27 20:58:26,078 [ERROR] API request failed: HTTPSConnectionPool(host='trading.vietcap.com.vn', port=443): Max retries exceeded with url: /api/chart/OHLCChart/gap-chart (Caused by NameResolutionError("HTTPSConnection(host='trading.vietcap.com.vn', port=443): Failed to resolve 'trading.vietcap.com.vn' ([Errno 8] nodename nor servname provided, or not known)"))
2026-09-27 20:58:28,113 [ERROR] API request failed: HTTPSConnectionPool(host='trading.vietcap.com.vn', port=443): Max retries exceeded with url: /api/chart/OHLCChart/gap-chart (Caused by NameResolutionError("HTTPSConnection(host='trading.vietcap.com.vn', port=443): Failed to resolve 'trading.vietcap.com.vn' ([Errno 8] nodename nor servname provided, or not known)"))
2026-09-27 20:58:28,114 [WARNING]   ✗ FAIL price PLX: API request failed: HTTPSConnectionPool(host='trading.vietcap.com.vn', port=443): Max retries exceeded with url: /api/chart/OHLCChart/gap-chart (Caused by NameResolutionError("HTTPSConnection(host='trading.vietcap.com.vn', port=443): Failed to resolve 'trading.vietcap.com.vn' ([Errno 8] nodename nor servname provided, or not known)"))
2026-09-27 20:58:28,114 [WARNING]   [ 62/100] ✗ PLX   : FAILED
2026-09-27 20:58:29,646 [ERROR] API request failed: HTTPSConnectionPool(host='trading.vietcap.com.vn', port=443): Max retries exceeded with url: /api/chart/OHLCChart/gap-chart (Caused by NameResolutionError("HTTPSConnection(host='trading.vietcap.com.vn', port=443): Failed to resolve 'trading.vietcap.com.vn' ([Errno 8] nodename nor servname provided, or not known)"))
2026-09-27 20:58:31,687 [ERROR] API request failed: HTTPSConnectionPool(host='trading.vietcap.com.vn', port=443): Max retries exceeded with url: /api/chart/OHLCChart/gap-chart (Caused by NameResolutionError("HTTPSConnection(host='trading.vietcap.com.vn', port=443): Failed to resolve 'trading.vietcap.com.vn' ([Errno 8] nodename nor servname provided, or not known)"))
2026-09-27 20:58:33,714 [ERROR] API request failed: HTTPSConnectionPool(host='trading.vietcap.com.vn', port=443): Max retries exceeded with url: /api/chart/OHLCChart/gap-chart (Caused by NameResolutionError("HTTPSConnection(host='trading.vietcap.com.vn', port=443): Failed to resolve 'trading.vietcap.com.vn' ([Errno 8] nodename nor servname provided, or not known)"))
2026-09-27 20:58:36,752 [ERROR] API request failed: HTTPSConnectionPool(host='trading.vietcap.com.vn', port=443): Max retries exceeded with url: /api/chart/OHLCChart/gap-chart (Caused by NameResolutionError("HTTPSConnection(host='trading.vietcap.com.vn', port=443): Failed to resolve 'trading.vietcap.com.vn' ([Errno 8] nodename nor servname provided, or not known)"))
2026-09-27 20:58:38,786 [ERROR] API request failed: HTTPSConnectionPool(host='trading.vietcap.com.vn', port=443): Max retries exceeded with url: /api/chart/OHLCChart/gap-chart (Caused by NameResolutionError("HTTPSConnection(host='trading.vietcap.com.vn', port=443): Failed to resolve 'trading.vietcap.com.vn' ([Errno 8] nodename nor servname provided, or not known)"))
2026-09-27 20:58:40,823 [ERROR] API request failed: HTTPSConnectionPool(host='trading.vietcap.com.vn', port=443): Max retries exceeded with url: /api/chart/OHLCChart/gap-chart (Caused by NameResolutionError("HTTPSConnection(host='trading.vietcap.com.vn', port=443): Failed to resolve 'trading.vietcap.com.vn' ([Errno 8] nodename nor servname provided, or not known)"))
2026-09-27 20:59:40,830 [ERROR] API request failed: HTTPSConnectionPool(host='trading.vietcap.com.vn', port=443): Max retries exceeded with url: /api/chart/OHLCChart/gap-chart (Caused by NameResolutionError("HTTPSConnection(host='trading.vietcap.com.vn', port=443): Failed to resolve 'trading.vietcap.com.vn' ([Errno 8] nodename nor servname provided, or not known)"))
2026-09-27 20:59:42,865 [ERROR] API request failed: HTTPSConnectionPool(host='trading.vietcap.com.vn', port=443): Max retries exceeded with url: /api/chart/OHLCChart/gap-chart (Caused by NameResolutionError("HTTPSConnection(host='trading.vietcap.com.vn', port=443): Failed to resolve 'trading.vietcap.com.vn' ([Errno 8] nodename nor servname provided, or not known)"))
2026-09-27 20:59:44,907 [ERROR] API request failed: HTTPSConnectionPool(host='trading.vietcap.com.vn', port=443): Max retries exceeded with url: /api/chart/OHLCChart/gap-chart (Caused by NameResolutionError("HTTPSConnection(host='trading.vietcap.com.vn', port=443): Failed to resolve 'trading.vietcap.com.vn' ([Errno 8] nodename nor servname provided, or not known)"))
2026-09-27 20:59:44,907 [WARNING]   ✗ FAIL price PNJ: API request failed: HTTPSConnectionPool(host='trading.vietcap.com.vn', port=443): Max retries exceeded with url: /api/chart/OHLCChart/gap-chart (Caused by NameResolutionError("HTTPSConnection(host='trading.vietcap.com.vn', port=443): Failed to resolve 'trading.vietcap.com.vn' ([Errno 8] nodename nor servname provided, or not known)"))
2026-09-27 20:59:44,907 [WARNING]   [ 63/100] ✗ PNJ   : FAILED
2026-09-27 20:59:48,058 [INFO]   [ 64/100] ✓ POW   : 1,986 rows (2018-09-27→2026-09-25)
2026-09-27 20:59:50,578 [INFO]   [ 65/100] ✓ PVD   : 1,995 rows (2018-09-27→2026-09-25)
2026-09-27 20:59:52,256 [INFO]   [ 66/100] ✓ PVT   : 1,995 rows (2018-09-27→2026-09-25)
2026-09-27 20:59:53,965 [INFO]   [ 67/100] ✓ REE   : 1,995 rows (2018-09-27→2026-09-25)
2026-09-27 20:59:55,661 [INFO]   [ 68/100] ✓ SAB   : 1,995 rows (2018-09-27→2026-09-25)
2026-09-27 20:59:57,361 [INFO]   [ 69/100] ✓ SBT   : 1,995 rows (2018-09-27→2026-09-25)
2026-09-27 20:59:59,033 [INFO]   [ 70/100] ✓ SHB   : 1,992 rows (2018-09-27→2026-09-25)
2026-09-27 21:00:01,685 [INFO]   [ 71/100] ✓ SIP   : 1,821 rows (2019-06-06→2026-09-25)
2026-09-27 21:00:03,377 [INFO]   [ 72/100] ✓ SJS   : 1,995 rows (2018-09-27→2026-09-25)
2026-09-27 21:00:05,045 [INFO]   [ 73/100] ✓ SSB   : 1,374 rows (2021-03-24→2026-09-25)
2026-09-27 21:00:06,766 [INFO]   [ 74/100] ✓ SSI   : 1,995 rows (2018-09-27→2026-09-25)
2026-09-27 21:00:09,259 [INFO]   [ 75/100] ✓ STB   : 1,995 rows (2018-09-27→2026-09-25)
2026-09-27 21:00:10,893 [INFO]   [ 76/100] ✓ TAL   : 665 rows (2024-01-09→2026-09-25)
2026-09-27 21:00:12,590 [INFO]   [ 77/100] ✓ TCB   : 1,995 rows (2018-09-27→2026-09-25)
2026-09-27 21:00:14,294 [INFO]   [ 78/100] ✓ TCH   : 1,995 rows (2018-09-27→2026-09-25)
2026-09-27 21:31:56,523 [ERROR] API request failed: HTTPSConnectionPool(host='trading.vietcap.com.vn', port=443): Read timed out. (read timeout=30)
2026-09-27 22:00:57,313 [ERROR] API request failed: HTTPSConnectionPool(host='trading.vietcap.com.vn', port=443): Read timed out. (read timeout=30)
2026-09-27 22:01:00,314 [INFO]   [ 79/100] ✓ TCX   : 231 rows (2025-10-21→2026-09-25)
2026-09-27 22:01:03,511 [INFO]   [ 80/100] ✓ TPB   : 1,995 rows (2018-09-27→2026-09-25)
2026-09-27 22:01:05,372 [INFO]   [ 81/100] ✓ VCB   : 1,995 rows (2018-09-27→2026-09-25)
2026-09-27 22:01:07,218 [INFO]   [ 82/100] ✓ VCG   : 1,990 rows (2018-09-27→2026-09-25)
2026-09-27 22:17:06,082 [ERROR] API request failed: ('Connection aborted.', ConnectionResetError(54, 'Connection reset by peer'))
2026-09-27 22:17:08,879 [INFO]   [ 83/100] ✓ VCI   : 1,995 rows (2018-09-27→2026-09-25)
2026-09-27 22:17:10,505 [INFO]   [ 84/100] ✓ VCK   : 191 rows (2025-12-16→2026-09-25)
2026-09-27 22:17:12,187 [INFO]   [ 85/100] ✓ VGC   : 1,988 rows (2018-09-27→2026-09-25)
2026-09-27 22:17:13,901 [INFO]   [ 86/100] ✓ VHC   : 1,995 rows (2018-09-27→2026-09-25)
2026-09-27 22:17:15,605 [INFO]   [ 87/100] ✓ VHM   : 1,995 rows (2018-09-27→2026-09-25)
2026-09-27 22:17:17,282 [INFO]   [ 88/100] ✓ VIB   : 1,988 rows (2018-09-27→2026-09-25)
2026-09-27 22:17:18,993 [INFO]   [ 89/100] ✓ VIC   : 1,995 rows (2018-09-27→2026-09-25)
2026-09-27 22:17:20,702 [INFO]   [ 90/100] ✓ VIX   : 1,988 rows (2018-09-27→2026-09-25)
2026-09-27 22:17:22,392 [INFO]   [ 91/100] ✓ VJC   : 1,995 rows (2018-09-27→2026-09-25)
2026-09-27 22:30:21,742 [INFO]   [ 92/100] ✓ VND   : 1,989 rows (2018-09-27→2026-09-25)
2026-09-27 22:30:23,446 [INFO]   [ 93/100] ✓ VNM   : 1,995 rows (2018-09-27→2026-09-25)
2026-09-27 22:30:25,150 [INFO]   [ 94/100] ✓ VPB   : 1,995 rows (2018-09-27→2026-09-25)
2026-09-27 22:30:26,851 [INFO]   [ 95/100] ✓ VPI   : 1,995 rows (2018-09-27→2026-09-25)
2026-09-27 22:30:28,491 [INFO]   [ 96/100] ✓ VPL   : 344 rows (2025-05-13→2026-09-25)
2026-09-27 22:30:39,614 [INFO]   [ 97/100] ✓ VPX   : 194 rows (2025-12-11→2026-09-25)
2026-09-27 22:30:41,307 [INFO]   [ 98/100] ✓ VRE   : 1,995 rows (2018-09-27→2026-09-25)
2026-09-27 22:30:43,009 [INFO]   [ 99/100] ✓ VSC   : 1,995 rows (2018-09-27→2026-09-25)
2026-09-27 22:30:44,700 [INFO]   [100/100] ✓ VTP   : 1,947 rows (2018-11-23→2026-09-25)
2026-09-27 22:30:44,756 [INFO] ✅ ohlcv_raw.parquet: 94 mã, 173,441 rows | Failed: ['PAN', 'PC1', 'PDR', 'PHR', 'PLX', 'PNJ']
2026-09-27 22:30:44,756 [INFO] 
💰 [2/3] Pull Market Cap (100 mã) ...
2026-09-27 22:30:45,463 [INFO]   [  1/100] ✓ ACB   : market_cap=124.21T
2026-09-27 22:44:15,839 [INFO]   [  2/100] ✓ ANV   : market_cap=4.25T
2026-09-27 22:44:17,054 [INFO]   [  3/100] ✓ BAF   : market_cap=11.62T
2026-09-27 22:44:18,231 [INFO]   [  4/100] ✓ BCM   : market_cap=41.61T
2026-09-27 22:44:19,418 [INFO]   [  5/100] ✓ BID   : market_cap=278.07T
2026-09-27 22:44:20,601 [INFO]   [  6/100] ✓ BMP   : market_cap=11.87T
2026-09-27 22:44:21,777 [INFO]   [  7/100] ✓ BSI   : market_cap=7.18T
2026-09-27 22:44:22,961 [INFO]   [  8/100] ✓ BSR   : market_cap=152.22T
2026-09-27 22:59:33,392 [INFO]   [  9/100] ✓ BVH   : market_cap=51.07T
2026-09-27 22:59:34,890 [INFO]   [ 10/100] ✓ BWE   : market_cap=10.12T
2026-09-27 22:59:36,084 [INFO]   [ 11/100] ✓ CII   : market_cap=8.47T
2026-09-27 22:59:37,292 [INFO]   [ 12/100] ✓ CMG   : market_cap=5.23T
2026-09-27 23:16:29,721 [INFO]   [ 13/100] ✓ CTD   : market_cap=6.51T
2026-09-27 23:16:31,320 [INFO]   [ 14/100] ✓ CTG   : market_cap=234.17T
2026-09-27 23:16:32,510 [INFO]   [ 15/100] ✓ CTR   : market_cap=9.31T
2026-09-27 23:31:43,039 [ERROR] API request failed: ('Connection aborted.', RemoteDisconnected('Remote end closed connection without response'))
2026-09-27 23:31:45,550 [INFO]   [ 16/100] ✓ CTS   : market_cap=5.77T
2026-09-27 23:31:47,080 [INFO]   [ 17/100] ✓ DBC   : market_cap=6.77T
2026-09-27 23:31:49,152 [INFO]   [ 18/100] ✓ DCM   : market_cap=18.16T
2026-09-27 23:31:50,347 [INFO]   [ 19/100] ✓ DGW   : market_cap=9.94T
2026-09-27 23:31:51,547 [INFO]   [ 20/100] ✓ DIG   : market_cap=8.13T
2026-09-27 23:31:52,716 [INFO]   [ 21/100] ✓ DPM   : market_cap=15.37T
2026-09-27 23:31:53,907 [INFO]   [ 22/100] ✓ DSE   : market_cap=9.31T
2026-09-27 23:31:55,093 [INFO]   [ 23/100] ✓ DXG   : market_cap=12.81T
2026-09-27 23:36:54,295 [INFO]   [ 24/100] ✓ EIB   : market_cap=31.11T
2026-09-27 23:36:55,791 [INFO]   [ 25/100] ✓ EVF   : market_cap=8.82T
2026-09-27 23:36:57,011 [INFO]   [ 26/100] ✓ FPT   : market_cap=122.01T
2026-09-27 23:36:58,212 [INFO]   [ 27/100] ✓ FRT   : market_cap=25.37T
2026-09-27 23:36:59,416 [INFO]   [ 28/100] ✓ FTS   : market_cap=7.66T
2026-09-27 23:37:00,631 [INFO]   [ 29/100] ✓ GAS   : market_cap=194.24T
2026-09-27 23:37:01,843 [INFO]   [ 30/100] ✓ GEE   : market_cap=47.33T
2026-09-27 23:37:03,027 [INFO]   [ 31/100] ✓ GEX   : market_cap=31.40T
2026-09-27 23:37:04,225 [INFO]   [ 32/100] ✓ GMD   : market_cap=33.51T
2026-09-27 23:37:05,418 [INFO]   [ 33/100] ✓ GVR   : market_cap=131.60T
2026-09-27 23:41:36,954 [INFO]   [ 34/100] ✓ HAG   : market_cap=17.68T
2026-09-27 23:41:38,443 [INFO]   [ 35/100] ✓ HCM   : market_cap=34.16T
2026-09-27 23:41:39,512 [INFO]   [ 36/100] ✓ HDB   : market_cap=139.15T
2026-09-27 23:41:40,657 [INFO]   [ 37/100] ✓ HDG   : market_cap=6.45T
2026-09-27 23:41:41,727 [INFO]   [ 38/100] ✓ HHV   : market_cap=5.23T
2026-09-27 23:41:42,789 [INFO]   [ 39/100] ✓ HPG   : market_cap=174.35T
2026-09-27 23:41:43,861 [INFO]   [ 40/100] ✓ HSG   : market_cap=8.07T
2026-09-27 23:41:45,166 [INFO]   [ 41/100] ✓ HT1   : market_cap=4.54T
2026-09-27 23:41:46,244 [INFO]   [ 42/100] ✓ KBC   : market_cap=24.44T
2026-09-27 23:41:47,310 [INFO]   [ 43/100] ✓ KDC   : market_cap=14.07T
2026-09-27 23:41:48,379 [INFO]   [ 44/100] ✓ KDH   : market_cap=17.62T
2026-09-27 23:41:49,522 [INFO]   [ 45/100] ✓ KOS   : market_cap=4.55T
2026-09-27 23:41:50,625 [INFO]   [ 46/100] ✓ LPB   : market_cap=138.76T
2026-09-27 23:41:51,951 [INFO]   [ 47/100] ✓ MBB   : market_cap=200.37T
2026-09-27 23:41:53,170 [INFO]   [ 48/100] ✓ MCH   : market_cap=184.34T
2026-09-27 23:42:24,233 [ERROR] API request failed: HTTPSConnectionPool(host='iq.vietcap.com.vn', port=443): Read timed out. (read timeout=30)
2026-09-27 23:42:56,321 [ERROR] API request failed: HTTPSConnectionPool(host='iq.vietcap.com.vn', port=443): Read timed out. (read timeout=30)
2026-09-27 23:43:28,423 [ERROR] API request failed: HTTPSConnectionPool(host='iq.vietcap.com.vn', port=443): Read timed out. (read timeout=30)
2026-09-27 23:43:28,428 [WARNING]   [ 49/100] ✗ MSB   : API request failed: HTTPSConnectionPool(host='iq.vietcap.com.vn', port=443): Read timed out. (read timeout=30)
2026-09-27 23:43:59,547 [ERROR] API request failed: HTTPSConnectionPool(host='iq.vietcap.com.vn', port=443): Read timed out. (read timeout=30)
2026-09-27 23:44:02,119 [INFO]   [ 50/100] ✓ MSN   : market_cap=102.37T
2026-09-27 23:44:03,727 [INFO]   [ 51/100] ✓ MWG   : market_cap=108.32T
2026-09-27 23:44:04,932 [INFO]   [ 52/100] ✓ NAB   : market_cap=26.77T
2026-09-27 23:44:06,093 [INFO]   [ 53/100] ✓ NKG   : market_cap=4.78T
2026-09-27 23:44:37,201 [ERROR] API request failed: HTTPSConnectionPool(host='iq.vietcap.com.vn', port=443): Read timed out. (read timeout=30)
2026-09-27 23:44:39,370 [INFO]   [ 54/100] ✓ NLG   : market_cap=10.89T
2026-09-27 23:44:40,766 [INFO]   [ 55/100] ✓ NT2   : market_cap=6.00T
2026-09-27 23:45:11,853 [ERROR] API request failed: HTTPSConnectionPool(host='iq.vietcap.com.vn', port=443): Read timed out. (read timeout=30)
2026-09-27 23:45:14,426 [INFO]   [ 56/100] ✓ NVL   : market_cap=28.46T
2026-09-27 23:45:45,519 [ERROR] API request failed: HTTPSConnectionPool(host='iq.vietcap.com.vn', port=443): Read timed out. (read timeout=30)
2026-09-27 23:46:17,621 [ERROR] API request failed: HTTPSConnectionPool(host='iq.vietcap.com.vn', port=443): Read timed out. (read timeout=30)
2026-09-27 23:46:20,253 [INFO]   [ 57/100] ✓ OCB   : market_cap=31.24T
2026-09-27 23:46:51,346 [ERROR] API request failed: HTTPSConnectionPool(host='iq.vietcap.com.vn', port=443): Read timed out. (read timeout=30)
2026-09-27 23:47:23,452 [ERROR] API request failed: HTTPSConnectionPool(host='iq.vietcap.com.vn', port=443): Read timed out. (read timeout=30)
2026-09-27 23:47:25,537 [INFO]   [ 58/100] ✓ PAN   : market_cap=4.61T
2026-09-27 23:47:26,925 [INFO]   [ 59/100] ✓ PC1   : market_cap=8.64T
2026-09-27 23:47:27,998 [INFO]   [ 60/100] ✓ PDR   : market_cap=11.28T
2026-09-27 23:47:29,068 [INFO]   [ 61/100] ✓ PHR   : market_cap=7.91T
2026-09-27 23:47:30,142 [INFO]   [ 62/100] ✓ PLX   : market_cap=45.29T
2026-09-27 23:47:31,207 [INFO]   [ 63/100] ✓ PNJ   : market_cap=16.89T
2026-09-27 23:47:32,278 [INFO]   [ 64/100] ✓ POW   : market_cap=38.19T
2026-09-27 23:47:33,343 [INFO]   [ 65/100] ✓ PVD   : market_cap=16.70T
2026-09-27 23:47:34,413 [INFO]   [ 66/100] ✓ PVT   : market_cap=11.94T
2026-09-27 23:47:35,483 [INFO]   [ 67/100] ✓ REE   : market_cap=28.74T
2026-09-27 23:47:36,543 [INFO]   [ 68/100] ✓ SAB   : market_cap=56.30T
2026-09-27 23:47:37,661 [INFO]   [ 69/100] ✓ SBT   : market_cap=21.26T
2026-09-27 23:47:38,743 [INFO]   [ 70/100] ✓ SHB   : market_cap=61.99T
2026-09-27 23:47:39,819 [INFO]   [ 71/100] ✓ SIP   : market_cap=12.11T
2026-09-27 23:47:40,894 [INFO]   [ 72/100] ✓ SJS   : market_cap=16.42T
2026-09-27 23:48:11,935 [ERROR] API request failed: HTTPSConnectionPool(host='iq.vietcap.com.vn', port=443): Read timed out. (read timeout=30)
2026-09-27 23:48:44,070 [ERROR] API request failed: HTTPSConnectionPool(host='iq.vietcap.com.vn', port=443): Read timed out. (read timeout=30)
2026-09-27 23:48:46,261 [INFO]   [ 73/100] ✓ SSB   : market_cap=67.47T
2026-09-27 23:49:17,372 [ERROR] API request failed: HTTPSConnectionPool(host='iq.vietcap.com.vn', port=443): Read timed out. (read timeout=30)
2026-09-27 23:49:19,568 [INFO]   [ 74/100] ✓ SSI   : market_cap=62.13T
2026-09-27 23:49:50,640 [ERROR] API request failed: HTTPSConnectionPool(host='iq.vietcap.com.vn', port=443): Read timed out. (read timeout=30)
2026-09-27 23:50:22,746 [ERROR] API request failed: HTTPSConnectionPool(host='iq.vietcap.com.vn', port=443): Read timed out. (read timeout=30)
2026-09-27 23:50:54,842 [ERROR] API request failed: HTTPSConnectionPool(host='iq.vietcap.com.vn', port=443): Read timed out. (read timeout=30)
2026-09-27 23:50:54,846 [WARNING]   [ 75/100] ✗ STB   : API request failed: HTTPSConnectionPool(host='iq.vietcap.com.vn', port=443): Read timed out. (read timeout=30)
2026-09-27 23:51:25,957 [ERROR] API request failed: HTTPSConnectionPool(host='iq.vietcap.com.vn', port=443): Read timed out. (read timeout=30)
2026-09-27 23:51:58,052 [ERROR] API request failed: HTTPSConnectionPool(host='iq.vietcap.com.vn', port=443): Read timed out. (read timeout=30)
2026-09-27 23:52:30,161 [ERROR] API request failed: HTTPSConnectionPool(host='iq.vietcap.com.vn', port=443): Read timed out. (read timeout=30)
2026-09-27 23:52:30,165 [WARNING]   [ 76/100] ✗ TAL   : API request failed: HTTPSConnectionPool(host='iq.vietcap.com.vn', port=443): Read timed out. (read timeout=30)
2026-09-27 23:52:31,607 [INFO]   [ 77/100] ✓ TCB   : market_cap=235.62T
2026-09-27 23:52:32,679 [INFO]   [ 78/100] ✓ TCH   : market_cap=11.34T
2026-09-27 23:52:33,751 [INFO]   [ 79/100] ✓ TCX   : market_cap=99.71T
2026-09-27 23:52:34,824 [INFO]   [ 80/100] ✓ TPB   : market_cap=40.50T
2026-09-27 23:52:35,892 [INFO]   [ 81/100] ✓ VCB   : market_cap=484.63T
2026-09-27 23:52:36,958 [INFO]   [ 82/100] ✓ VCG   : market_cap=9.81T
2026-09-27 23:52:38,033 [INFO]   [ 83/100] ✓ VCI   : market_cap=22.81T
2026-09-27 23:52:39,099 [INFO]   [ 84/100] ✓ VCK   : market_cap=69.40T
2026-09-27 23:52:40,162 [INFO]   [ 85/100] ✓ VGC   : market_cap=19.17T
2026-09-27 23:52:41,245 [INFO]   [ 86/100] ✓ VHC   : market_cap=10.38T
2026-09-27 23:52:42,315 [INFO]   [ 87/100] ✓ VHM   : market_cap=567.64T
2026-09-27 23:52:43,381 [INFO]   [ 88/100] ✓ VIB   : market_cap=50.05T
2026-09-27 23:52:44,458 [INFO]   [ 89/100] ✓ VIC   : market_cap=1800.83T
2026-09-27 23:52:45,531 [INFO]   [ 90/100] ✓ VIX   : market_cap=32.55T
2026-09-27 23:53:16,629 [ERROR] API request failed: HTTPSConnectionPool(host='iq.vietcap.com.vn', port=443): Read timed out. (read timeout=30)
2026-09-27 23:53:19,205 [INFO]   [ 91/100] ✓ VJC   : market_cap=102.14T
2026-09-27 23:53:50,291 [ERROR] API request failed: HTTPSConnectionPool(host='iq.vietcap.com.vn', port=443): Read timed out. (read timeout=30)
2026-09-27 23:54:22,389 [ERROR] API request failed: HTTPSConnectionPool(host='iq.vietcap.com.vn', port=443): Read timed out. (read timeout=30)
2026-09-27 23:54:54,476 [ERROR] API request failed: HTTPSConnectionPool(host='iq.vietcap.com.vn', port=443): Read timed out. (read timeout=30)
2026-09-27 23:54:54,480 [WARNING]   [ 92/100] ✗ VND   : API request failed: HTTPSConnectionPool(host='iq.vietcap.com.vn', port=443): Read timed out. (read timeout=30)
2026-09-27 23:54:55,966 [INFO]   [ 93/100] ✓ VNM   : market_cap=124.98T
2026-09-27 23:54:57,034 [INFO]   [ 94/100] ✓ VPB   : market_cap=230.00T
2026-09-27 23:55:28,080 [ERROR] API request failed: HTTPSConnectionPool(host='iq.vietcap.com.vn', port=443): Read timed out. (read timeout=30)
2026-09-27 23:56:00,133 [ERROR] API request failed: HTTPSConnectionPool(host='iq.vietcap.com.vn', port=443): Read timed out. (read timeout=30)
2026-09-27 23:56:32,175 [ERROR] API request failed: HTTPSConnectionPool(host='iq.vietcap.com.vn', port=443): Read timed out. (read timeout=30)
2026-09-27 23:56:32,176 [WARNING]   [ 95/100] ✗ VPI   : API request failed: HTTPSConnectionPool(host='iq.vietcap.com.vn', port=443): Read timed out. (read timeout=30)
2026-09-27 23:57:03,231 [ERROR] API request failed: HTTPSConnectionPool(host='iq.vietcap.com.vn', port=443): Read timed out. (read timeout=30)
2026-09-27 23:57:35,376 [ERROR] API request failed: HTTPSConnectionPool(host='iq.vietcap.com.vn', port=443): Read timed out. (read timeout=30)
2026-09-27 23:57:37,555 [INFO]   [ 96/100] ✓ VPL   : market_cap=142.93T
2026-09-27 23:58:08,658 [ERROR] API request failed: HTTPSConnectionPool(host='iq.vietcap.com.vn', port=443): Read timed out. (read timeout=30)
2026-09-27 23:58:40,752 [ERROR] API request failed: HTTPSConnectionPool(host='iq.vietcap.com.vn', port=443): Read timed out. (read timeout=30)
2026-09-27 23:59:12,852 [ERROR] API request failed: HTTPSConnectionPool(host='iq.vietcap.com.vn', port=443): Read timed out. (read timeout=30)
2026-09-27 23:59:12,856 [WARNING]   [ 97/100] ✗ VPX   : API request failed: HTTPSConnectionPool(host='iq.vietcap.com.vn', port=443): Read timed out. (read timeout=30)
2026-09-27 23:59:14,341 [INFO]   [ 98/100] ✓ VRE   : market_cap=55.67T
2026-09-27 23:59:45,378 [ERROR] API request failed: HTTPSConnectionPool(host='iq.vietcap.com.vn', port=443): Read timed out. (read timeout=30)
2026-09-27 23:59:47,649 [INFO]   [ 99/100] ✓ VSC   : market_cap=4.96T
2026-09-28 00:00:18,687 [ERROR] API request failed: HTTPSConnectionPool(host='iq.vietcap.com.vn', port=443): Read timed out. (read timeout=30)
2026-09-28 00:00:50,780 [ERROR] API request failed: HTTPSConnectionPool(host='iq.vietcap.com.vn', port=443): Read timed out. (read timeout=30)
2026-09-28 00:00:52,960 [INFO]   [100/100] ✓ VTP   : market_cap=10.66T
2026-09-28 00:00:52,967 [INFO] ✅ market_cap_snapshot.csv: 94 mã
2026-09-28 00:00:52,967 [INFO] 
📚 [3/3] Pull Book Value (100 mã) ...
2026-09-28 00:00:54,300 [INFO] Loaded 162 built-in KBS field mappings
2026-09-28 00:00:54,300 [INFO] Loaded 162 built-in KBS field mappings
2026-09-28 00:00:56,187 [INFO] Loaded 162 built-in KBS field mappings
2026-09-28 00:00:56,187 [INFO] Loaded 162 built-in KBS field mappings
2026-09-28 00:00:56,192 [INFO]   [  2/100] ✓ ANV   : 8 years (2018→2025)
2026-09-28 00:00:58,069 [INFO] Loaded 162 built-in KBS field mappings
2026-09-28 00:00:58,069 [INFO] Loaded 162 built-in KBS field mappings
2026-09-28 00:00:58,074 [INFO]   [  3/100] ✓ BAF   : 7 years (2018→2025)
2026-09-28 00:00:59,999 [INFO] Loaded 162 built-in KBS field mappings
2026-09-28 00:01:00,000 [INFO] Loaded 162 built-in KBS field mappings
2026-09-28 00:01:00,007 [INFO]   [  4/100] ✓ BCM   : 8 years (2018→2025)
2026-09-28 00:01:02,495 [INFO] Loaded 162 built-in KBS field mappings
2026-09-28 00:01:02,495 [INFO] Loaded 162 built-in KBS field mappings
2026-09-28 00:01:04,697 [INFO] Loaded 162 built-in KBS field mappings
2026-09-28 00:01:04,697 [INFO] Loaded 162 built-in KBS field mappings
2026-09-28 00:01:04,702 [INFO]   [  6/100] ✓ BMP   : 8 years (2018→2025)
2026-09-28 00:01:06,964 [INFO] Loaded 162 built-in KBS field mappings
2026-09-28 00:01:06,964 [INFO] Loaded 162 built-in KBS field mappings
2026-09-28 00:01:06,969 [INFO]   [  7/100] ✓ BSI   : 8 years (2018→2025)
2026-09-28 00:01:09,769 [INFO] Loaded 162 built-in KBS field mappings
2026-09-28 00:01:09,770 [INFO] Loaded 162 built-in KBS field mappings
2026-09-28 00:01:09,775 [INFO]   [  8/100] ✓ BSR   : 8 years (2018→2025)
2026-09-28 00:01:12,047 [INFO] Loaded 162 built-in KBS field mappings
2026-09-28 00:01:12,048 [INFO] Loaded 162 built-in KBS field mappings
2026-09-28 00:01:12,052 [INFO]   [  9/100] ✓ BVH   : 8 years (2018→2025)
2026-09-28 00:01:14,235 [INFO] Loaded 162 built-in KBS field mappings
2026-09-28 00:01:14,235 [INFO] Loaded 162 built-in KBS field mappings
2026-09-28 00:01:14,241 [INFO]   [ 10/100] ✓ BWE   : 8 years (2018→2025)
2026-09-28 00:01:16,321 [INFO] Loaded 162 built-in KBS field mappings
2026-09-28 00:01:16,321 [INFO] Loaded 162 built-in KBS field mappings
2026-09-28 00:01:16,327 [INFO]   [ 11/100] ✓ CII   : 8 years (2018→2025)
2026-09-28 00:01:18,398 [INFO] Loaded 162 built-in KBS field mappings
2026-09-28 00:01:18,398 [INFO] Loaded 162 built-in KBS field mappings
2026-09-28 00:01:18,403 [INFO]   [ 12/100] ✓ CMG   : 8 years (2018→2025)
2026-09-28 00:01:20,521 [INFO] Loaded 162 built-in KBS field mappings
2026-09-28 00:01:20,521 [INFO] Loaded 162 built-in KBS field mappings
2026-09-28 00:01:20,526 [INFO]   [ 13/100] ✓ CTD   : 8 years (2018→2025)
2026-09-28 00:01:22,596 [INFO] Loaded 162 built-in KBS field mappings
2026-09-28 00:01:22,596 [INFO] Loaded 162 built-in KBS field mappings
2026-09-28 00:01:24,693 [INFO] Loaded 162 built-in KBS field mappings
2026-09-28 00:01:24,694 [INFO] Loaded 162 built-in KBS field mappings
2026-09-28 00:01:24,698 [INFO]   [ 15/100] ✓ CTR   : 8 years (2018→2025)
2026-09-28 00:01:56,029 [ERROR] API request failed: HTTPSConnectionPool(host='iq.vietcap.com.vn', port=443): Read timed out. (read timeout=30)
2026-09-28 00:02:29,269 [ERROR] API request failed: HTTPSConnectionPool(host='iq.vietcap.com.vn', port=443): Read timed out. (read timeout=30)
2026-09-28 00:02:31,997 [INFO] Loaded 162 built-in KBS field mappings
2026-09-28 00:02:31,997 [INFO] Loaded 162 built-in KBS field mappings
2026-09-28 00:02:32,002 [INFO]   [ 16/100] ✓ CTS   : 8 years (2018→2025)
2026-09-28 00:02:33,892 [INFO] Loaded 162 built-in KBS field mappings
2026-09-28 00:02:33,892 [INFO] Loaded 162 built-in KBS field mappings
2026-09-28 00:02:33,897 [INFO]   [ 17/100] ✓ DBC   : 8 years (2018→2025)
2026-09-28 00:02:35,791 [INFO] Loaded 162 built-in KBS field mappings
2026-09-28 00:02:35,791 [INFO] Loaded 162 built-in KBS field mappings
2026-09-28 00:02:35,797 [INFO]   [ 18/100] ✓ DCM   : 8 years (2018→2025)
2026-09-28 00:02:37,755 [INFO] Loaded 162 built-in KBS field mappings
2026-09-28 00:02:37,755 [INFO] Loaded 162 built-in KBS field mappings
2026-09-28 00:02:37,761 [INFO]   [ 19/100] ✓ DGW   : 8 years (2018→2025)
2026-09-28 00:02:39,622 [INFO] Loaded 162 built-in KBS field mappings
2026-09-28 00:02:39,622 [INFO] Loaded 162 built-in KBS field mappings
2026-09-28 00:02:39,631 [INFO]   [ 20/100] ✓ DIG   : 8 years (2018→2025)
2026-09-28 00:02:41,477 [INFO] Loaded 162 built-in KBS field mappings
2026-09-28 00:02:41,477 [INFO] Loaded 162 built-in KBS field mappings
2026-09-28 00:02:41,483 [INFO]   [ 21/100] ✓ DPM   : 8 years (2018→2025)
2026-09-28 00:02:43,541 [INFO] Loaded 162 built-in KBS field mappings
2026-09-28 00:02:43,541 [INFO] Loaded 162 built-in KBS field mappings
2026-09-28 00:02:43,545 [INFO]   [ 22/100] ✓ DSE   : 8 years (2018→2025)
2026-09-28 00:02:45,473 [INFO] Loaded 162 built-in KBS field mappings
2026-09-28 00:02:45,474 [INFO] Loaded 162 built-in KBS field mappings
2026-09-28 00:02:45,479 [INFO]   [ 23/100] ✓ DXG   : 8 years (2018→2025)
2026-09-28 00:03:17,101 [ERROR] API request failed: HTTPSConnectionPool(host='iq.vietcap.com.vn', port=443): Read timed out. (read timeout=30)
2026-09-28 00:03:20,682 [INFO] Loaded 162 built-in KBS field mappings
2026-09-28 00:03:20,682 [INFO] Loaded 162 built-in KBS field mappings
2026-09-28 00:04:02,131 [ERROR] API request failed: HTTPSConnectionPool(host='iq.vietcap.com.vn', port=443): Read timed out. (read timeout=30)
2026-09-28 00:04:34,810 [ERROR] API request failed: HTTPSConnectionPool(host='iq.vietcap.com.vn', port=443): Read timed out. (read timeout=30)
2026-09-28 00:05:07,455 [ERROR] API request failed: HTTPSConnectionPool(host='iq.vietcap.com.vn', port=443): Read timed out. (read timeout=30)
2026-09-28 00:05:10,792 [INFO] Loaded 162 built-in KBS field mappings
2026-09-28 00:05:10,792 [INFO] Loaded 162 built-in KBS field mappings
2026-09-28 00:05:42,558 [ERROR] API request failed: HTTPSConnectionPool(host='iq.vietcap.com.vn', port=443): Read timed out. (read timeout=30)
2026-09-28 00:05:45,170 [INFO] Loaded 162 built-in KBS field mappings
2026-09-28 00:05:45,170 [INFO] Loaded 162 built-in KBS field mappings
2026-09-28 00:05:45,175 [INFO]   [ 26/100] ✓ FPT   : 8 years (2018→2025)
2026-09-28 00:05:47,510 [INFO] Loaded 162 built-in KBS field mappings
2026-09-28 00:05:47,511 [INFO] Loaded 162 built-in KBS field mappings
2026-09-28 00:05:47,516 [INFO]   [ 27/100] ✓ FRT   : 8 years (2018→2025)
2026-09-28 00:05:49,508 [INFO] Loaded 162 built-in KBS field mappings
2026-09-28 00:05:49,509 [INFO] Loaded 162 built-in KBS field mappings
2026-09-28 00:05:49,515 [INFO]   [ 28/100] ✓ FTS   : 8 years (2018→2025)
2026-09-28 00:05:51,447 [INFO] Loaded 162 built-in KBS field mappings
2026-09-28 00:05:51,448 [INFO] Loaded 162 built-in KBS field mappings
2026-09-28 00:05:51,451 [INFO]   [ 29/100] ✓ GAS   : 8 years (2018→2025)
2026-09-28 00:05:53,328 [INFO] Loaded 162 built-in KBS field mappings
2026-09-28 00:05:53,328 [INFO] Loaded 162 built-in KBS field mappings
2026-09-28 00:05:53,333 [INFO]   [ 30/100] ✓ GEE   : 5 years (2021→2025)
2026-09-28 00:05:55,232 [INFO] Loaded 162 built-in KBS field mappings
2026-09-28 00:05:55,232 [INFO] Loaded 162 built-in KBS field mappings
2026-09-28 00:05:55,237 [INFO]   [ 31/100] ✓ GEX   : 8 years (2018→2025)
2026-09-28 00:05:57,155 [INFO] Loaded 162 built-in KBS field mappings
2026-09-28 00:05:57,155 [INFO] Loaded 162 built-in KBS field mappings
2026-09-28 00:05:57,161 [INFO]   [ 32/100] ✓ GMD   : 8 years (2018→2025)
2026-09-28 00:05:59,119 [INFO] Loaded 162 built-in KBS field mappings
2026-09-28 00:05:59,119 [INFO] Loaded 162 built-in KBS field mappings
2026-09-28 00:05:59,124 [INFO]   [ 33/100] ✓ GVR   : 8 years (2018→2025)
2026-09-28 00:06:01,001 [INFO] Loaded 162 built-in KBS field mappings
2026-09-28 00:06:01,001 [INFO] Loaded 162 built-in KBS field mappings
2026-09-28 00:06:01,007 [INFO]   [ 34/100] ✓ HAG   : 8 years (2018→2025)
2026-09-28 00:06:02,960 [INFO] Loaded 162 built-in KBS field mappings
2026-09-28 00:06:02,960 [INFO] Loaded 162 built-in KBS field mappings
2026-09-28 00:06:02,966 [INFO]   [ 35/100] ✓ HCM   : 8 years (2018→2025)
2026-09-28 00:06:04,937 [INFO] Loaded 162 built-in KBS field mappings
2026-09-28 00:06:04,937 [INFO] Loaded 162 built-in KBS field mappings
2026-09-28 00:06:06,884 [INFO] Loaded 162 built-in KBS field mappings
2026-09-28 00:06:06,884 [INFO] Loaded 162 built-in KBS field mappings
2026-09-28 00:06:06,892 [INFO]   [ 37/100] ✓ HDG   : 8 years (2018→2025)
2026-09-28 00:06:08,757 [INFO] Loaded 162 built-in KBS field mappings
2026-09-28 00:06:08,757 [INFO] Loaded 162 built-in KBS field mappings
2026-09-28 00:06:08,763 [INFO]   [ 38/100] ✓ HHV   : 8 years (2018→2025)
2026-09-28 00:06:10,717 [INFO] Loaded 162 built-in KBS field mappings
2026-09-28 00:06:10,717 [INFO] Loaded 162 built-in KBS field mappings
2026-09-28 00:06:10,723 [INFO]   [ 39/100] ✓ HPG   : 8 years (2018→2025)
2026-09-28 00:06:12,607 [INFO] Loaded 162 built-in KBS field mappings
2026-09-28 00:06:12,607 [INFO] Loaded 162 built-in KBS field mappings
2026-09-28 00:06:12,612 [INFO]   [ 40/100] ✓ HSG   : 8 years (2018→2025)
2026-09-28 00:06:14,483 [INFO] Loaded 162 built-in KBS field mappings
2026-09-28 00:06:14,483 [INFO] Loaded 162 built-in KBS field mappings
2026-09-28 00:06:14,489 [INFO]   [ 41/100] ✓ HT1   : 8 years (2018→2025)
2026-09-28 00:06:16,344 [INFO] Loaded 162 built-in KBS field mappings
2026-09-28 00:06:16,344 [INFO] Loaded 162 built-in KBS field mappings
2026-09-28 00:06:16,349 [INFO]   [ 42/100] ✓ KBC   : 8 years (2018→2025)
2026-09-28 00:06:48,543 [ERROR] API request failed: HTTPSConnectionPool(host='iq.vietcap.com.vn', port=443): Read timed out. (read timeout=30)
2026-09-28 00:06:51,315 [INFO] Loaded 162 built-in KBS field mappings
2026-09-28 00:06:51,316 [INFO] Loaded 162 built-in KBS field mappings
2026-09-28 00:06:51,321 [INFO]   [ 43/100] ✓ KDC   : 8 years (2018→2025)
2026-09-28 00:06:53,928 [INFO] Loaded 162 built-in KBS field mappings
2026-09-28 00:06:53,928 [INFO] Loaded 162 built-in KBS field mappings
2026-09-28 00:06:53,933 [INFO]   [ 44/100] ✓ KDH   : 8 years (2018→2025)
2026-09-28 00:06:55,829 [INFO] Loaded 162 built-in KBS field mappings
2026-09-28 00:06:55,829 [INFO] Loaded 162 built-in KBS field mappings
2026-09-28 00:06:55,835 [INFO]   [ 45/100] ✓ KOS   : 8 years (2018→2025)
2026-09-28 00:06:57,719 [INFO] Loaded 162 built-in KBS field mappings
2026-09-28 00:06:57,719 [INFO] Loaded 162 built-in KBS field mappings
2026-09-28 00:06:59,628 [INFO] Loaded 162 built-in KBS field mappings
2026-09-28 00:06:59,628 [INFO] Loaded 162 built-in KBS field mappings
2026-09-28 00:07:01,498 [INFO] Loaded 162 built-in KBS field mappings
2026-09-28 00:07:01,498 [INFO] Loaded 162 built-in KBS field mappings
2026-09-28 00:07:01,504 [INFO]   [ 48/100] ✓ MCH   : 8 years (2018→2025)
2026-09-28 00:07:03,422 [INFO] Loaded 162 built-in KBS field mappings
2026-09-28 00:07:03,422 [INFO] Loaded 162 built-in KBS field mappings
2026-09-28 00:07:05,314 [INFO] Loaded 162 built-in KBS field mappings
2026-09-28 00:07:05,314 [INFO] Loaded 162 built-in KBS field mappings
2026-09-28 00:07:05,319 [INFO]   [ 50/100] ✓ MSN   : 8 years (2018→2025)
2026-09-28 00:07:07,191 [INFO] Loaded 162 built-in KBS field mappings
2026-09-28 00:07:07,192 [INFO] Loaded 162 built-in KBS field mappings
2026-09-28 00:07:07,196 [INFO]   [ 51/100] ✓ MWG   : 8 years (2018→2025)
2026-09-28 00:07:09,108 [INFO] Loaded 162 built-in KBS field mappings
2026-09-28 00:07:09,111 [INFO] Loaded 162 built-in KBS field mappings
2026-09-28 00:07:10,967 [INFO] Loaded 162 built-in KBS field mappings
2026-09-28 00:07:10,967 [INFO] Loaded 162 built-in KBS field mappings
2026-09-28 00:07:10,972 [INFO]   [ 53/100] ✓ NKG   : 8 years (2018→2025)
2026-09-28 00:07:42,646 [ERROR] API request failed: HTTPSConnectionPool(host='iq.vietcap.com.vn', port=443): Read timed out. (read timeout=30)
2026-09-28 00:08:14,859 [ERROR] API request failed: HTTPSConnectionPool(host='iq.vietcap.com.vn', port=443): Read timed out. (read timeout=30)
2026-09-28 00:08:46,996 [ERROR] API request failed: HTTPSConnectionPool(host='iq.vietcap.com.vn', port=443): Read timed out. (read timeout=30)
2026-09-28 00:09:19,981 [ERROR] API request failed: HTTPSConnectionPool(host='iq.vietcap.com.vn', port=443): Read timed out. (read timeout=30)
2026-09-28 00:09:22,752 [INFO] Loaded 162 built-in KBS field mappings
2026-09-28 00:09:22,753 [INFO] Loaded 162 built-in KBS field mappings
2026-09-28 00:09:22,760 [INFO]   [ 54/100] ✓ NLG   : 8 years (2018→2025)
2026-09-28 00:09:25,035 [INFO] Loaded 162 built-in KBS field mappings
2026-09-28 00:09:25,035 [INFO] Loaded 162 built-in KBS field mappings
2026-09-28 00:09:25,040 [INFO]   [ 55/100] ✓ NT2   : 8 years (2018→2025)
2026-09-28 00:09:26,922 [INFO] Loaded 162 built-in KBS field mappings
2026-09-28 00:09:26,922 [INFO] Loaded 162 built-in KBS field mappings
2026-09-28 00:09:26,931 [INFO]   [ 56/100] ✓ NVL   : 8 years (2018→2025)
2026-09-28 00:09:28,878 [INFO] Loaded 162 built-in KBS field mappings
2026-09-28 00:09:28,878 [INFO] Loaded 162 built-in KBS field mappings
2026-09-28 00:09:30,829 [INFO] Loaded 162 built-in KBS field mappings
2026-09-28 00:09:30,830 [INFO] Loaded 162 built-in KBS field mappings
2026-09-28 00:09:30,835 [INFO]   [ 58/100] ✓ PAN   : 8 years (2018→2025)
2026-09-28 00:09:32,733 [INFO] Loaded 162 built-in KBS field mappings
2026-09-28 00:09:32,733 [INFO] Loaded 162 built-in KBS field mappings
2026-09-28 00:09:32,739 [INFO]   [ 59/100] ✓ PC1   : 8 years (2018→2025)
2026-09-28 00:10:04,304 [ERROR] API request failed: HTTPSConnectionPool(host='iq.vietcap.com.vn', port=443): Read timed out. (read timeout=30)
2026-09-28 00:10:07,056 [INFO] Loaded 162 built-in KBS field mappings
2026-09-28 00:10:07,056 [INFO] Loaded 162 built-in KBS field mappings
2026-09-28 00:10:07,061 [INFO]   [ 60/100] ✓ PDR   : 8 years (2018→2025)
2026-09-28 00:10:09,409 [INFO] Loaded 162 built-in KBS field mappings
2026-09-28 00:10:09,409 [INFO] Loaded 162 built-in KBS field mappings
2026-09-28 00:10:09,414 [INFO]   [ 61/100] ✓ PHR   : 8 years (2018→2025)
2026-09-28 00:10:11,333 [INFO] Loaded 162 built-in KBS field mappings
2026-09-28 00:10:11,333 [INFO] Loaded 162 built-in KBS field mappings
2026-09-28 00:10:11,338 [INFO]   [ 62/100] ✓ PLX   : 8 years (2018→2025)
2026-09-28 00:10:13,234 [INFO] Loaded 162 built-in KBS field mappings
2026-09-28 00:10:13,234 [INFO] Loaded 162 built-in KBS field mappings
2026-09-28 00:10:13,239 [INFO]   [ 63/100] ✓ PNJ   : 8 years (2018→2025)
2026-09-28 00:10:15,120 [INFO] Loaded 162 built-in KBS field mappings
2026-09-28 00:10:15,120 [INFO] Loaded 162 built-in KBS field mappings
2026-09-28 00:10:15,125 [INFO]   [ 64/100] ✓ POW   : 8 years (2018→2025)
2026-09-28 00:10:17,093 [INFO] Loaded 162 built-in KBS field mappings
2026-09-28 00:10:17,094 [INFO] Loaded 162 built-in KBS field mappings
2026-09-28 00:10:17,098 [INFO]   [ 65/100] ✓ PVD   : 8 years (2018→2025)
2026-09-28 00:10:19,401 [INFO] Loaded 162 built-in KBS field mappings
2026-09-28 00:10:19,401 [INFO] Loaded 162 built-in KBS field mappings
2026-09-28 00:10:19,405 [INFO]   [ 66/100] ✓ PVT   : 8 years (2018→2025)
2026-09-28 00:10:50,977 [ERROR] API request failed: HTTPSConnectionPool(host='iq.vietcap.com.vn', port=443): Read timed out. (read timeout=30)
2026-09-28 00:10:53,707 [INFO] Loaded 162 built-in KBS field mappings
2026-09-28 00:10:53,710 [INFO] Loaded 162 built-in KBS field mappings
2026-09-28 00:10:53,716 [INFO]   [ 67/100] ✓ REE   : 8 years (2018→2025)
2026-09-28 00:11:25,381 [ERROR] API request failed: HTTPSConnectionPool(host='iq.vietcap.com.vn', port=443): Read timed out. (read timeout=30)
2026-09-28 00:11:29,006 [INFO] Loaded 162 built-in KBS field mappings
2026-09-28 00:11:29,006 [INFO] Loaded 162 built-in KBS field mappings
2026-09-28 00:11:29,011 [INFO]   [ 68/100] ✓ SAB   : 8 years (2018→2025)
2026-09-28 00:11:40,844 [INFO] Loaded 162 built-in KBS field mappings
2026-09-28 00:11:40,847 [INFO] Loaded 162 built-in KBS field mappings
2026-09-28 00:11:40,852 [INFO]   [ 69/100] ✓ SBT   : 8 years (2018→2025)
2026-09-28 00:11:52,591 [INFO] Loaded 162 built-in KBS field mappings
2026-09-28 00:11:52,591 [INFO] Loaded 162 built-in KBS field mappings
2026-09-28 00:12:23,840 [ERROR] API request failed: HTTPSConnectionPool(host='iq.vietcap.com.vn', port=443): Read timed out. (read timeout=30)
2026-09-28 00:12:27,242 [INFO] Loaded 162 built-in KBS field mappings
2026-09-28 00:12:27,242 [INFO] Loaded 162 built-in KBS field mappings
2026-09-28 00:12:27,247 [INFO]   [ 71/100] ✓ SIP   : 8 years (2018→2025)
2026-09-28 00:12:29,686 [INFO] Loaded 162 built-in KBS field mappings
2026-09-28 00:12:29,686 [INFO] Loaded 162 built-in KBS field mappings
2026-09-28 00:12:29,691 [INFO]   [ 72/100] ✓ SJS   : 8 years (2018→2025)
2026-09-28 00:12:31,552 [INFO] Loaded 162 built-in KBS field mappings
2026-09-28 00:12:31,552 [INFO] Loaded 162 built-in KBS field mappings
2026-09-28 00:13:03,469 [ERROR] API request failed: HTTPSConnectionPool(host='iq.vietcap.com.vn', port=443): Read timed out. (read timeout=30)
2026-09-28 00:13:05,996 [INFO] Loaded 162 built-in KBS field mappings
2026-09-28 00:13:05,996 [INFO] Loaded 162 built-in KBS field mappings
2026-09-28 00:13:05,999 [INFO]   [ 74/100] ✓ SSI   : 8 years (2018→2025)
2026-09-28 00:13:08,330 [INFO] Loaded 162 built-in KBS field mappings
2026-09-28 00:13:08,330 [INFO] Loaded 162 built-in KBS field mappings
2026-09-28 00:13:10,281 [INFO] Loaded 162 built-in KBS field mappings
2026-09-28 00:13:10,282 [INFO] Loaded 162 built-in KBS field mappings
2026-09-28 00:13:10,286 [INFO]   [ 76/100] ✓ TAL   : 4 years (2022→2025)
2026-09-28 00:13:12,206 [INFO] Loaded 162 built-in KBS field mappings
2026-09-28 00:13:12,206 [INFO] Loaded 162 built-in KBS field mappings
2026-09-28 00:13:14,132 [INFO] Loaded 162 built-in KBS field mappings
2026-09-28 00:13:14,132 [INFO] Loaded 162 built-in KBS field mappings
2026-09-28 00:13:14,137 [INFO]   [ 78/100] ✓ TCH   : 8 years (2018→2025)
2026-09-28 00:13:16,215 [INFO] Loaded 162 built-in KBS field mappings
2026-09-28 00:13:16,215 [INFO] Loaded 162 built-in KBS field mappings
2026-09-28 00:13:16,221 [INFO]   [ 79/100] ✓ TCX   : 8 years (2018→2025)
2026-09-28 00:13:48,036 [ERROR] API request failed: HTTPSConnectionPool(host='iq.vietcap.com.vn', port=443): Read timed out. (read timeout=30)
2026-09-28 00:13:50,707 [INFO] Loaded 162 built-in KBS field mappings
2026-09-28 00:13:50,707 [INFO] Loaded 162 built-in KBS field mappings
2026-09-28 00:13:52,631 [INFO] Loaded 162 built-in KBS field mappings
2026-09-28 00:13:52,631 [INFO] Loaded 162 built-in KBS field mappings
2026-09-28 00:13:54,514 [INFO] Loaded 162 built-in KBS field mappings
2026-09-28 00:13:54,515 [INFO] Loaded 162 built-in KBS field mappings
2026-09-28 00:13:54,519 [INFO]   [ 82/100] ✓ VCG   : 8 years (2018→2025)
2026-09-28 00:13:56,572 [INFO] Loaded 162 built-in KBS field mappings
2026-09-28 00:13:56,572 [INFO] Loaded 162 built-in KBS field mappings
2026-09-28 00:13:56,578 [INFO]   [ 83/100] ✓ VCI   : 8 years (2018→2025)
2026-09-28 00:13:58,571 [INFO] Loaded 162 built-in KBS field mappings
2026-09-28 00:13:58,571 [INFO] Loaded 162 built-in KBS field mappings
2026-09-28 00:13:58,575 [INFO]   [ 84/100] ✓ VCK   : 8 years (2018→2025)
2026-09-28 00:14:00,460 [INFO] Loaded 162 built-in KBS field mappings
2026-09-28 00:14:00,460 [INFO] Loaded 162 built-in KBS field mappings
2026-09-28 00:14:00,464 [INFO]   [ 85/100] ✓ VGC   : 8 years (2018→2025)
2026-09-28 00:14:02,340 [INFO] Loaded 162 built-in KBS field mappings
2026-09-28 00:14:02,344 [INFO] Loaded 162 built-in KBS field mappings
2026-09-28 00:14:02,348 [INFO]   [ 86/100] ✓ VHC   : 8 years (2018→2025)
2026-09-28 00:14:04,206 [INFO] Loaded 162 built-in KBS field mappings
2026-09-28 00:14:04,206 [INFO] Loaded 162 built-in KBS field mappings
2026-09-28 00:14:04,210 [INFO]   [ 87/100] ✓ VHM   : 8 years (2018→2025)
2026-09-28 00:14:35,869 [ERROR] API request failed: HTTPSConnectionPool(host='iq.vietcap.com.vn', port=443): Read timed out. (read timeout=30)
2026-09-28 00:14:39,325 [INFO] Loaded 162 built-in KBS field mappings
2026-09-28 00:14:39,326 [INFO] Loaded 162 built-in KBS field mappings
2026-09-28 00:14:41,548 [INFO] Loaded 162 built-in KBS field mappings
2026-09-28 00:14:41,549 [INFO] Loaded 162 built-in KBS field mappings
2026-09-28 00:14:41,554 [INFO]   [ 89/100] ✓ VIC   : 8 years (2018→2025)
2026-09-28 00:14:43,612 [INFO] Loaded 162 built-in KBS field mappings
2026-09-28 00:14:43,612 [INFO] Loaded 162 built-in KBS field mappings
2026-09-28 00:14:43,616 [INFO]   [ 90/100] ✓ VIX   : 8 years (2018→2025)
2026-09-28 00:14:45,509 [INFO] Loaded 162 built-in KBS field mappings
2026-09-28 00:14:45,509 [INFO] Loaded 162 built-in KBS field mappings
2026-09-28 00:14:45,513 [INFO]   [ 91/100] ✓ VJC   : 8 years (2018→2025)
2026-09-28 00:14:47,480 [INFO] Loaded 162 built-in KBS field mappings
2026-09-28 00:14:47,480 [INFO] Loaded 162 built-in KBS field mappings
2026-09-28 00:14:47,486 [INFO]   [ 92/100] ✓ VND   : 8 years (2018→2025)
2026-09-28 00:15:19,035 [ERROR] API request failed: HTTPSConnectionPool(host='iq.vietcap.com.vn', port=443): Read timed out. (read timeout=30)
2026-09-28 00:15:21,744 [INFO] Loaded 162 built-in KBS field mappings
2026-09-28 00:15:21,744 [INFO] Loaded 162 built-in KBS field mappings
2026-09-28 00:15:21,747 [INFO]   [ 93/100] ✓ VNM   : 8 years (2018→2025)
2026-09-28 00:15:23,681 [INFO] Loaded 162 built-in KBS field mappings
2026-09-28 00:15:23,682 [INFO] Loaded 162 built-in KBS field mappings
2026-09-28 00:15:25,579 [INFO] Loaded 162 built-in KBS field mappings
2026-09-28 00:15:25,580 [INFO] Loaded 162 built-in KBS field mappings
2026-09-28 00:15:25,585 [INFO]   [ 95/100] ✓ VPI   : 8 years (2018→2025)
2026-09-28 00:15:27,430 [INFO] Loaded 162 built-in KBS field mappings
2026-09-28 00:15:27,430 [INFO] Loaded 162 built-in KBS field mappings
2026-09-28 00:15:27,435 [INFO]   [ 96/100] ✓ VPL   : 6 years (2018→2025)
2026-09-28 00:15:29,360 [INFO] Loaded 162 built-in KBS field mappings
2026-09-28 00:15:29,360 [INFO] Loaded 162 built-in KBS field mappings
2026-09-28 00:15:29,365 [INFO]   [ 97/100] ✓ VPX   : 8 years (2018→2025)
2026-09-28 00:15:31,254 [INFO] Loaded 162 built-in KBS field mappings
2026-09-28 00:15:31,254 [INFO] Loaded 162 built-in KBS field mappings
2026-09-28 00:15:31,259 [INFO]   [ 98/100] ✓ VRE   : 8 years (2018→2025)
2026-09-28 00:15:33,138 [INFO] Loaded 162 built-in KBS field mappings
2026-09-28 00:15:33,138 [INFO] Loaded 162 built-in KBS field mappings
2026-09-28 00:15:33,144 [INFO]   [ 99/100] ✓ VSC   : 8 years (2018→2025)
2026-09-28 00:16:04,379 [ERROR] API request failed: HTTPSConnectionPool(host='iq.vietcap.com.vn', port=443): Read timed out. (read timeout=30)
2026-09-28 00:16:07,728 [INFO] Loaded 162 built-in KBS field mappings
2026-09-28 00:16:07,731 [INFO] Loaded 162 built-in KBS field mappings
2026-09-28 00:16:07,736 [INFO]   [100/100] ✓ VTP   : 8 years (2018→2025)
2026-09-28 00:16:07,741 [INFO] ✅ book_value_annual.csv: 81 mã | Failed: ['ACB', 'BID', 'CTG', 'EIB', 'EVF', 'HDB', 'LPB', 'MBB', 'MSB', 'NAB', 'OCB', 'SHB', 'SSB', 'STB', 'TCB', 'TPB', 'VCB', 'VIB', 'VPB']
2026-09-28 00:16:07,741 [INFO] 
🔧 Xây dựng Monthly Panel Dataset ...
2026-09-28 00:16:07,759 [INFO]   Resampling daily → monthly...
2026-09-28 00:18:54,928 [INFO] Loaded 162 built-in KBS field mappings
2026-09-28 00:18:54,929 [INFO] Loaded 162 built-in KBS field mappings
2026-09-28 00:18:54,933 [INFO]   [  0/3] ✓ VCB   : 8 years (2018→2025)
2026-09-28 00:19:11,544 [INFO] VN100 universe: 100 mã
2026-09-28 00:19:11,573 [INFO] 
📈 [1/3] Pull giá OHLCV (100 mã) ...
2026-09-28 00:19:11,636 [INFO]   [  1/100] ✓ ACB   : checkpoint OK (1,990 rows, đến 2026-09-25)
2026-09-28 00:19:13,148 [INFO]   [  2/100] ✓ ANV   : checkpoint OK (1,995 rows, đến 2026-09-25)
2026-09-28 00:19:14,657 [INFO]   [  3/100] ✓ BAF   : checkpoint OK (1,197 rows, đến 2026-09-25)
2026-09-28 00:19:16,168 [INFO]   [  4/100] ✓ BCM   : checkpoint OK (1,988 rows, đến 2026-09-25)
2026-09-28 00:19:17,676 [INFO]   [  5/100] ✓ BID   : checkpoint OK (1,995 rows, đến 2026-09-25)
2026-09-28 00:19:19,186 [INFO]   [  6/100] ✓ BMP   : checkpoint OK (1,995 rows, đến 2026-09-25)
2026-09-28 00:19:20,692 [INFO]   [  7/100] ✓ BSI   : checkpoint OK (1,989 rows, đến 2026-09-25)
2026-09-28 00:19:22,202 [INFO]   [  8/100] ✓ BSR   : checkpoint OK (1,987 rows, đến 2026-09-25)
2026-09-28 00:19:23,709 [INFO]   [  9/100] ✓ BVH   : checkpoint OK (1,995 rows, đến 2026-09-25)
2026-09-28 00:19:25,216 [INFO]   [ 10/100] ✓ BWE   : checkpoint OK (1,995 rows, đến 2026-09-25)
2026-09-28 00:19:25,458 [ERROR] API request failed: HTTPSConnectionPool(host='iq.vietcap.com.vn', port=443): Read timed out. (read timeout=30)
2026-09-28 00:19:26,723 [INFO]   [ 11/100] ✓ CII   : checkpoint OK (1,995 rows, đến 2026-09-25)
2026-09-28 00:19:28,230 [INFO]   [ 12/100] ✓ CMG   : checkpoint OK (1,995 rows, đến 2026-09-25)
2026-09-28 00:19:29,745 [INFO]   [ 13/100] ✓ CTD   : checkpoint OK (1,995 rows, đến 2026-09-25)
2026-09-28 00:19:31,256 [INFO]   [ 14/100] ✓ CTG   : checkpoint OK (1,995 rows, đến 2026-09-25)
2026-09-28 00:19:32,764 [INFO]   [ 15/100] ✓ CTR   : checkpoint OK (1,994 rows, đến 2026-09-25)
2026-09-28 00:19:34,273 [INFO]   [ 16/100] ✓ CTS   : checkpoint OK (1,995 rows, đến 2026-09-25)
2026-09-28 00:19:35,784 [INFO]   [ 17/100] ✓ DBC   : checkpoint OK (1,989 rows, đến 2026-09-25)
2026-09-28 00:19:37,292 [INFO]   [ 18/100] ✓ DCM   : checkpoint OK (1,995 rows, đến 2026-09-25)
2026-09-28 00:19:38,801 [INFO]   [ 19/100] ✓ DGW   : checkpoint OK (1,995 rows, đến 2026-09-25)
2026-09-28 00:19:40,313 [INFO]   [ 20/100] ✓ DIG   : checkpoint OK (1,995 rows, đến 2026-09-25)
2026-09-28 00:19:41,826 [INFO]   [ 21/100] ✓ DPM   : checkpoint OK (1,995 rows, đến 2026-09-25)
2026-09-28 00:19:43,338 [INFO]   [ 22/100] ✓ DSE   : checkpoint OK (558 rows, đến 2026-09-25)
2026-09-28 00:19:44,850 [INFO]   [ 23/100] ✓ DXG   : checkpoint OK (1,995 rows, đến 2026-09-25)
2026-09-28 00:19:46,362 [INFO]   [ 24/100] ✓ EIB   : checkpoint OK (1,995 rows, đến 2026-09-25)
2026-09-28 00:19:47,869 [INFO]   [ 25/100] ✓ EVF   : checkpoint OK (1,987 rows, đến 2026-09-25)
2026-09-28 00:19:49,378 [INFO]   [ 26/100] ✓ FPT   : checkpoint OK (1,995 rows, đến 2026-09-25)
2026-09-28 00:19:50,890 [INFO]   [ 27/100] ✓ FRT   : checkpoint OK (1,995 rows, đến 2026-09-25)
2026-09-28 00:19:52,396 [INFO]   [ 28/100] ✓ FTS   : checkpoint OK (1,995 rows, đến 2026-09-25)
2026-09-28 00:19:53,905 [INFO]   [ 29/100] ✓ GAS   : checkpoint OK (1,995 rows, đến 2026-09-25)
2026-09-28 00:19:55,417 [INFO]   [ 30/100] ✓ GEE   : checkpoint OK (1,118 rows, đến 2026-09-25)
2026-09-28 00:19:56,924 [INFO]   [ 31/100] ✓ GEX   : checkpoint OK (1,995 rows, đến 2026-09-25)
2026-09-28 00:19:57,715 [ERROR] API request failed: HTTPSConnectionPool(host='iq.vietcap.com.vn', port=443): Read timed out. (read timeout=30)
2026-09-28 00:19:58,437 [INFO]   [ 32/100] ✓ GMD   : checkpoint OK (1,995 rows, đến 2026-09-25)
2026-09-28 00:19:59,944 [INFO]   [ 33/100] ✓ GVR   : checkpoint OK (1,989 rows, đến 2026-09-25)
2026-09-28 00:20:00,467 [INFO] Loaded 162 built-in KBS field mappings
2026-09-28 00:20:00,468 [INFO] Loaded 162 built-in KBS field mappings
2026-09-28 00:20:00,472 [INFO]   [  0/3] ✓ ACB   : 8 years (2018→2025)
2026-09-28 00:20:01,404 [INFO] Loaded 162 built-in KBS field mappings
2026-09-28 00:20:01,404 [INFO] Loaded 162 built-in KBS field mappings
2026-09-28 00:20:01,408 [INFO]   [  0/3] ✓ MBB   : 8 years (2018→2025)
2026-09-28 00:20:01,448 [INFO]   [ 34/100] ✓ HAG   : checkpoint OK (1,995 rows, đến 2026-09-25)
2026-09-28 00:20:02,953 [INFO]   [ 35/100] ✓ HCM   : checkpoint OK (1,995 rows, đến 2026-09-25)
2026-09-28 00:20:04,456 [INFO]   [ 36/100] ✓ HDB   : checkpoint OK (1,995 rows, đến 2026-09-25)
2026-09-28 00:20:05,967 [INFO]   [ 37/100] ✓ HDG   : checkpoint OK (1,995 rows, đến 2026-09-25)
2026-09-28 00:20:07,479 [INFO]   [ 38/100] ✓ HHV   : checkpoint OK (1,986 rows, đến 2026-09-25)
2026-09-28 00:20:08,989 [INFO]   [ 39/100] ✓ HPG   : checkpoint OK (1,995 rows, đến 2026-09-25)
2026-09-28 00:20:10,500 [INFO]   [ 40/100] ✓ HSG   : checkpoint OK (1,995 rows, đến 2026-09-25)
2026-09-28 00:20:12,004 [INFO]   [ 41/100] ✓ HT1   : checkpoint OK (1,995 rows, đến 2026-09-25)
2026-09-28 00:20:13,510 [INFO]   [ 42/100] ✓ KBC   : checkpoint OK (1,995 rows, đến 2026-09-25)
2026-09-28 00:20:15,020 [INFO]   [ 43/100] ✓ KDC   : checkpoint OK (1,995 rows, đến 2026-09-25)
2026-09-28 00:20:16,529 [INFO]   [ 44/100] ✓ KDH   : checkpoint OK (1,995 rows, đến 2026-09-25)
2026-09-28 00:20:18,039 [INFO]   [ 45/100] ✓ KOS   : checkpoint OK (1,990 rows, đến 2026-09-25)
2026-09-28 00:20:19,550 [INFO]   [ 46/100] ✓ LPB   : checkpoint OK (1,985 rows, đến 2026-09-25)
2026-09-28 00:20:21,059 [INFO]   [ 47/100] ✓ MBB   : checkpoint OK (1,995 rows, đến 2026-09-25)
2026-09-28 00:20:22,566 [INFO]   [ 48/100] ✓ MCH   : checkpoint OK (1,990 rows, đến 2026-09-25)
2026-09-28 00:20:24,073 [INFO]   [ 49/100] ✓ MSB   : checkpoint OK (1,433 rows, đến 2026-09-25)
2026-09-28 00:20:25,580 [INFO]   [ 50/100] ✓ MSN   : checkpoint OK (1,995 rows, đến 2026-09-25)
2026-09-28 00:20:27,088 [INFO]   [ 51/100] ✓ MWG   : checkpoint OK (1,995 rows, đến 2026-09-25)
2026-09-28 00:20:28,600 [INFO]   [ 52/100] ✓ NAB   : checkpoint OK (1,480 rows, đến 2026-09-25)
2026-09-28 00:20:30,111 [INFO]   [ 53/100] ✓ NKG   : checkpoint OK (1,995 rows, đến 2026-09-25)
2026-09-28 00:20:31,623 [INFO]   [ 54/100] ✓ NLG   : checkpoint OK (1,995 rows, đến 2026-09-25)
2026-09-28 00:20:33,135 [INFO]   [ 55/100] ✓ NT2   : checkpoint OK (1,995 rows, đến 2026-09-25)
2026-09-28 00:20:34,644 [INFO]   [ 56/100] ✓ NVL   : checkpoint OK (1,995 rows, đến 2026-09-25)
2026-09-28 00:20:36,152 [INFO]   [ 57/100] ✓ OCB   : checkpoint OK (1,408 rows, đến 2026-09-25)
2026-09-28 00:20:38,624 [WARNING] ⚠️ Phiên bản cộng đồng: Dữ liệu OHLCV (1D) giới hạn tối đa 8 năm. Nâng cấp gói tài trợ để mở rộng giới hạn cho phân tích chuyên nghiệp: https://vnstocks.com/insiders-program
⚠️ Community edition: OHLCV data (1D) limited to 8 years. Upgrade your plan to unlock full data limits for professional use: https://vnstocks.com/insiders-program
2026-09-28 00:20:38,635 [INFO]   [ 58/100] ✓ PAN   : 1,988 rows (2018-09-27→2026-09-25)
2026-09-28 00:20:40,648 [INFO]   [ 59/100] ✓ PC1   : 1,995 rows (2018-09-27→2026-09-25)
2026-09-28 00:21:12,270 [ERROR] API request failed: HTTPSConnectionPool(host='trading.vietcap.com.vn', port=443): Read timed out. (read timeout=30)
2026-09-28 00:21:44,380 [ERROR] API request failed: HTTPSConnectionPool(host='trading.vietcap.com.vn', port=443): Read timed out. (read timeout=30)
2026-09-28 00:22:16,474 [ERROR] API request failed: HTTPSConnectionPool(host='trading.vietcap.com.vn', port=443): Read timed out. (read timeout=30)
2026-09-28 00:22:49,577 [ERROR] API request failed: HTTPSConnectionPool(host='trading.vietcap.com.vn', port=443): Read timed out. (read timeout=30)
2026-09-28 00:22:52,339 [INFO]   [ 60/100] ✓ PDR   : 1,995 rows (2018-09-27→2026-09-25)
2026-09-28 00:22:54,169 [INFO]   [ 61/100] ✓ PHR   : 1,995 rows (2018-09-27→2026-09-25)
2026-09-28 00:22:55,978 [INFO]   [ 62/100] ✓ PLX   : 1,995 rows (2018-09-27→2026-09-25)
2026-09-28 00:22:57,816 [INFO]   [ 63/100] ✓ PNJ   : 1,995 rows (2018-09-27→2026-09-25)
2026-09-28 00:22:59,330 [INFO]   [ 64/100] ✓ POW   : checkpoint OK (1,986 rows, đến 2026-09-25)
2026-09-28 00:23:00,839 [INFO]   [ 65/100] ✓ PVD   : checkpoint OK (1,995 rows, đến 2026-09-25)
2026-09-28 00:23:02,347 [INFO]   [ 66/100] ✓ PVT   : checkpoint OK (1,995 rows, đến 2026-09-25)
2026-09-28 00:23:03,859 [INFO]   [ 67/100] ✓ REE   : checkpoint OK (1,995 rows, đến 2026-09-25)
2026-09-28 00:23:05,370 [INFO]   [ 68/100] ✓ SAB   : checkpoint OK (1,995 rows, đến 2026-09-25)
2026-09-28 00:23:06,880 [INFO]   [ 69/100] ✓ SBT   : checkpoint OK (1,995 rows, đến 2026-09-25)
2026-09-28 00:23:08,393 [INFO]   [ 70/100] ✓ SHB   : checkpoint OK (1,992 rows, đến 2026-09-25)
2026-09-28 00:23:09,900 [INFO]   [ 71/100] ✓ SIP   : checkpoint OK (1,821 rows, đến 2026-09-25)
2026-09-28 00:23:11,410 [INFO]   [ 72/100] ✓ SJS   : checkpoint OK (1,995 rows, đến 2026-09-25)
2026-09-28 00:23:12,922 [INFO]   [ 73/100] ✓ SSB   : checkpoint OK (1,374 rows, đến 2026-09-25)
2026-09-28 00:23:14,431 [INFO]   [ 74/100] ✓ SSI   : checkpoint OK (1,995 rows, đến 2026-09-25)
2026-09-28 00:23:15,943 [INFO]   [ 75/100] ✓ STB   : checkpoint OK (1,995 rows, đến 2026-09-25)
2026-09-28 00:23:17,455 [INFO]   [ 76/100] ✓ TAL   : checkpoint OK (665 rows, đến 2026-09-25)
2026-09-28 00:23:18,960 [INFO]   [ 77/100] ✓ TCB   : checkpoint OK (1,995 rows, đến 2026-09-25)
2026-09-28 00:23:20,472 [INFO]   [ 78/100] ✓ TCH   : checkpoint OK (1,995 rows, đến 2026-09-25)
2026-09-28 00:23:21,985 [INFO]   [ 79/100] ✓ TCX   : checkpoint OK (231 rows, đến 2026-09-25)
2026-09-28 00:23:23,495 [INFO]   [ 80/100] ✓ TPB   : checkpoint OK (1,995 rows, đến 2026-09-25)
2026-09-28 00:23:25,003 [INFO]   [ 81/100] ✓ VCB   : checkpoint OK (1,995 rows, đến 2026-09-25)
2026-09-28 00:23:26,511 [INFO]   [ 82/100] ✓ VCG   : checkpoint OK (1,990 rows, đến 2026-09-25)
2026-09-28 00:23:28,018 [INFO]   [ 83/100] ✓ VCI   : checkpoint OK (1,995 rows, đến 2026-09-25)
2026-09-28 00:23:29,532 [INFO]   [ 84/100] ✓ VCK   : checkpoint OK (191 rows, đến 2026-09-25)
2026-09-28 00:23:31,044 [INFO]   [ 85/100] ✓ VGC   : checkpoint OK (1,988 rows, đến 2026-09-25)
2026-09-28 00:23:32,556 [INFO]   [ 86/100] ✓ VHC   : checkpoint OK (1,995 rows, đến 2026-09-25)
2026-09-28 00:23:34,068 [INFO]   [ 87/100] ✓ VHM   : checkpoint OK (1,995 rows, đến 2026-09-25)
2026-09-28 00:23:35,579 [INFO]   [ 88/100] ✓ VIB   : checkpoint OK (1,988 rows, đến 2026-09-25)
2026-09-28 00:23:37,088 [INFO]   [ 89/100] ✓ VIC   : checkpoint OK (1,995 rows, đến 2026-09-25)
2026-09-28 00:23:38,603 [INFO]   [ 90/100] ✓ VIX   : checkpoint OK (1,988 rows, đến 2026-09-25)
2026-09-28 00:23:40,111 [INFO]   [ 91/100] ✓ VJC   : checkpoint OK (1,995 rows, đến 2026-09-25)
2026-09-28 00:23:41,623 [INFO]   [ 92/100] ✓ VND   : checkpoint OK (1,989 rows, đến 2026-09-25)
2026-09-28 00:23:43,135 [INFO]   [ 93/100] ✓ VNM   : checkpoint OK (1,995 rows, đến 2026-09-25)
2026-09-28 00:23:44,647 [INFO]   [ 94/100] ✓ VPB   : checkpoint OK (1,995 rows, đến 2026-09-25)
2026-09-28 00:23:46,160 [INFO]   [ 95/100] ✓ VPI   : checkpoint OK (1,995 rows, đến 2026-09-25)
2026-09-28 00:23:47,672 [INFO]   [ 96/100] ✓ VPL   : checkpoint OK (344 rows, đến 2026-09-25)
2026-09-28 00:23:49,179 [INFO]   [ 97/100] ✓ VPX   : checkpoint OK (194 rows, đến 2026-09-25)
2026-09-28 00:23:50,691 [INFO]   [ 98/100] ✓ VRE   : checkpoint OK (1,995 rows, đến 2026-09-25)
2026-09-28 00:23:52,196 [INFO]   [ 99/100] ✓ VSC   : checkpoint OK (1,995 rows, đến 2026-09-25)
2026-09-28 00:23:53,706 [INFO]   [100/100] ✓ VTP   : checkpoint OK (1,947 rows, đến 2026-09-25)
2026-09-28 00:23:53,758 [INFO] ✅ ohlcv_raw.parquet: 100 mã, 185,404 rows | Failed: none
2026-09-28 00:23:53,758 [INFO] 
💰 [2/3] Pull Market Cap (100 mã) ...
2026-09-28 00:23:54,237 [INFO]   [  1/100] ✓ ACB   : market_cap=124.21T
2026-09-28 00:23:55,392 [INFO]   [  2/100] ✓ ANV   : market_cap=4.25T
2026-09-28 00:23:56,574 [INFO]   [  3/100] ✓ BAF   : market_cap=11.62T
2026-09-28 00:23:57,745 [INFO]   [  4/100] ✓ BCM   : market_cap=41.61T
2026-09-28 00:23:58,910 [INFO]   [  5/100] ✓ BID   : market_cap=278.07T
2026-09-28 00:24:00,088 [INFO]   [  6/100] ✓ BMP   : market_cap=11.87T
2026-09-28 00:24:01,255 [INFO]   [  7/100] ✓ BSI   : market_cap=7.18T
2026-09-28 00:24:02,405 [INFO]   [  8/100] ✓ BSR   : market_cap=152.22T
2026-09-28 00:24:03,586 [INFO]   [  9/100] ✓ BVH   : market_cap=51.07T
2026-09-28 00:24:04,758 [INFO]   [ 10/100] ✓ BWE   : market_cap=10.12T
2026-09-28 00:24:05,925 [INFO]   [ 11/100] ✓ CII   : market_cap=8.47T
2026-09-28 00:24:07,094 [INFO]   [ 12/100] ✓ CMG   : market_cap=5.23T
2026-09-28 00:24:08,261 [INFO]   [ 13/100] ✓ CTD   : market_cap=6.51T
2026-09-28 00:24:09,691 [INFO]   [ 14/100] ✓ CTG   : market_cap=234.17T
2026-09-28 00:24:11,196 [INFO]   [ 15/100] ✓ CTR   : market_cap=9.31T
2026-09-28 00:24:42,273 [ERROR] API request failed: HTTPSConnectionPool(host='iq.vietcap.com.vn', port=443): Read timed out. (read timeout=30)
2026-09-28 00:25:14,377 [ERROR] API request failed: HTTPSConnectionPool(host='iq.vietcap.com.vn', port=443): Read timed out. (read timeout=30)
2026-09-28 00:25:16,536 [INFO]   [ 16/100] ✓ CTS   : market_cap=5.77T
2026-09-28 00:25:47,603 [ERROR] API request failed: HTTPSConnectionPool(host='iq.vietcap.com.vn', port=443): Read timed out. (read timeout=30)
2026-09-28 00:25:50,073 [INFO]   [ 17/100] ✓ DBC   : market_cap=6.77T
2026-09-28 00:26:21,155 [ERROR] API request failed: HTTPSConnectionPool(host='iq.vietcap.com.vn', port=443): Read timed out. (read timeout=30)
2026-09-28 00:26:53,240 [ERROR] API request failed: HTTPSConnectionPool(host='iq.vietcap.com.vn', port=443): Read timed out. (read timeout=30)
2026-09-28 00:27:25,338 [ERROR] API request failed: HTTPSConnectionPool(host='iq.vietcap.com.vn', port=443): Read timed out. (read timeout=30)
2026-09-28 00:27:25,339 [WARNING]   [ 18/100] ✗ DCM   : API request failed: HTTPSConnectionPool(host='iq.vietcap.com.vn', port=443): Read timed out. (read timeout=30)
2026-09-28 00:27:26,495 [INFO]   [ 19/100] ✓ DGW   : market_cap=9.94T
2026-09-28 00:27:27,652 [INFO]   [ 20/100] ✓ DIG   : market_cap=8.13T
2026-09-28 00:27:28,814 [INFO]   [ 21/100] ✓ DPM   : market_cap=15.37T
2026-09-28 00:27:30,237 [INFO]   [ 22/100] ✓ DSE   : market_cap=9.31T
2026-09-28 00:28:01,304 [ERROR] API request failed: HTTPSConnectionPool(host='iq.vietcap.com.vn', port=443): Read timed out. (read timeout=30)
2026-09-28 00:28:33,393 [ERROR] API request failed: HTTPSConnectionPool(host='iq.vietcap.com.vn', port=443): Read timed out. (read timeout=30)
2026-09-28 00:29:05,478 [ERROR] API request failed: HTTPSConnectionPool(host='iq.vietcap.com.vn', port=443): Read timed out. (read timeout=30)
2026-09-28 00:29:05,479 [WARNING]   [ 23/100] ✗ DXG   : API request failed: HTTPSConnectionPool(host='iq.vietcap.com.vn', port=443): Read timed out. (read timeout=30)
2026-09-28 00:29:36,575 [ERROR] API request failed: HTTPSConnectionPool(host='iq.vietcap.com.vn', port=443): Read timed out. (read timeout=30)
2026-09-28 00:30:08,675 [ERROR] API request failed: HTTPSConnectionPool(host='iq.vietcap.com.vn', port=443): Read timed out. (read timeout=30)
2026-09-28 00:30:11,195 [INFO]   [ 24/100] ✓ EIB   : market_cap=31.11T
2026-09-28 00:30:42,283 [ERROR] API request failed: HTTPSConnectionPool(host='iq.vietcap.com.vn', port=443): Read timed out. (read timeout=30)
2026-09-28 00:31:14,360 [ERROR] API request failed: HTTPSConnectionPool(host='iq.vietcap.com.vn', port=443): Read timed out. (read timeout=30)
2026-09-28 00:31:16,791 [INFO]   [ 25/100] ✓ EVF   : market_cap=8.82T
2026-09-28 00:31:18,467 [INFO]   [ 26/100] ✓ FPT   : market_cap=122.01T
2026-09-28 00:31:49,546 [ERROR] API request failed: HTTPSConnectionPool(host='iq.vietcap.com.vn', port=443): Read timed out. (read timeout=30)
2026-09-28 00:31:52,041 [INFO]   [ 27/100] ✓ FRT   : market_cap=25.37T
2026-09-28 00:31:53,550 [INFO]   [ 28/100] ✓ FTS   : market_cap=7.66T
2026-09-28 00:31:54,734 [INFO]   [ 29/100] ✓ GAS   : market_cap=194.24T
2026-09-28 00:31:55,925 [INFO]   [ 30/100] ✓ GEE   : market_cap=47.33T
2026-09-28 00:32:27,008 [ERROR] API request failed: HTTPSConnectionPool(host='iq.vietcap.com.vn', port=443): Read timed out. (read timeout=30)
2026-09-28 00:32:59,094 [ERROR] API request failed: HTTPSConnectionPool(host='iq.vietcap.com.vn', port=443): Read timed out. (read timeout=30)
2026-09-28 00:33:01,256 [INFO]   [ 31/100] ✓ GEX   : market_cap=31.40T
2026-09-28 00:33:02,413 [INFO]   [ 32/100] ✓ GMD   : market_cap=33.51T
2026-09-28 00:33:03,827 [INFO]   [ 33/100] ✓ GVR   : market_cap=131.60T
2026-09-28 00:33:34,905 [ERROR] API request failed: HTTPSConnectionPool(host='iq.vietcap.com.vn', port=443): Read timed out. (read timeout=30)
2026-09-28 00:33:37,380 [INFO]   [ 34/100] ✓ HAG   : market_cap=17.68T
2026-09-28 00:34:08,457 [ERROR] API request failed: HTTPSConnectionPool(host='iq.vietcap.com.vn', port=443): Read timed out. (read timeout=30)
2026-09-28 00:34:40,564 [ERROR] API request failed: HTTPSConnectionPool(host='iq.vietcap.com.vn', port=443): Read timed out. (read timeout=30)
2026-09-28 00:34:42,725 [INFO]   [ 35/100] ✓ HCM   : market_cap=34.16T
2026-09-28 00:34:44,159 [INFO]   [ 36/100] ✓ HDB   : market_cap=139.15T
2026-09-28 00:35:15,230 [ERROR] API request failed: HTTPSConnectionPool(host='iq.vietcap.com.vn', port=443): Read timed out. (read timeout=30)
2026-09-28 00:35:47,311 [ERROR] API request failed: HTTPSConnectionPool(host='iq.vietcap.com.vn', port=443): Read timed out. (read timeout=30)
2026-09-28 00:35:49,889 [INFO]   [ 37/100] ✓ HDG   : market_cap=6.45T
2026-09-28 00:35:51,031 [INFO]   [ 38/100] ✓ HHV   : market_cap=5.23T
2026-09-28 00:36:22,106 [ERROR] API request failed: HTTPSConnectionPool(host='iq.vietcap.com.vn', port=443): Read timed out. (read timeout=30)
2026-09-28 00:36:54,190 [ERROR] API request failed: HTTPSConnectionPool(host='iq.vietcap.com.vn', port=443): Read timed out. (read timeout=30)
2026-09-28 00:36:56,625 [INFO]   [ 39/100] ✓ HPG   : market_cap=174.35T
2026-09-28 00:37:27,710 [ERROR] API request failed: HTTPSConnectionPool(host='iq.vietcap.com.vn', port=443): Read timed out. (read timeout=30)
2026-09-28 00:37:59,795 [ERROR] API request failed: HTTPSConnectionPool(host='iq.vietcap.com.vn', port=443): Read timed out. (read timeout=30)
2026-09-28 00:38:31,868 [ERROR] API request failed: HTTPSConnectionPool(host='iq.vietcap.com.vn', port=443): Read timed out. (read timeout=30)
2026-09-28 00:38:31,869 [WARNING]   [ 40/100] ✗ HSG   : API request failed: HTTPSConnectionPool(host='iq.vietcap.com.vn', port=443): Read timed out. (read timeout=30)
2026-09-28 00:39:02,963 [ERROR] API request failed: HTTPSConnectionPool(host='iq.vietcap.com.vn', port=443): Read timed out. (read timeout=30)
2026-09-28 00:39:35,065 [ERROR] API request failed: HTTPSConnectionPool(host='iq.vietcap.com.vn', port=443): Read timed out. (read timeout=30)
2026-09-28 00:39:37,524 [INFO]   [ 41/100] ✓ HT1   : market_cap=4.54T
2026-09-28 00:39:39,060 [INFO]   [ 42/100] ✓ KBC   : market_cap=24.44T
2026-09-28 00:40:10,135 [ERROR] API request failed: HTTPSConnectionPool(host='iq.vietcap.com.vn', port=443): Read timed out. (read timeout=30)
2026-09-28 00:40:42,222 [ERROR] API request failed: HTTPSConnectionPool(host='iq.vietcap.com.vn', port=443): Read timed out. (read timeout=30)
2026-09-28 00:41:14,307 [ERROR] API request failed: HTTPSConnectionPool(host='iq.vietcap.com.vn', port=443): Read timed out. (read timeout=30)
2026-09-28 00:41:14,307 [WARNING]   [ 43/100] ✗ KDC   : API request failed: HTTPSConnectionPool(host='iq.vietcap.com.vn', port=443): Read timed out. (read timeout=30)
2026-09-28 00:41:15,727 [INFO]   [ 44/100] ✓ KDH   : market_cap=17.62T
2026-09-28 00:41:46,807 [ERROR] API request failed: HTTPSConnectionPool(host='iq.vietcap.com.vn', port=443): Read timed out. (read timeout=30)
2026-09-28 00:42:18,897 [ERROR] API request failed: HTTPSConnectionPool(host='iq.vietcap.com.vn', port=443): Read timed out. (read timeout=30)
2026-09-28 00:42:50,996 [ERROR] API request failed: HTTPSConnectionPool(host='iq.vietcap.com.vn', port=443): Read timed out. (read timeout=30)
2026-09-28 00:42:50,996 [WARNING]   [ 45/100] ✗ KOS   : API request failed: HTTPSConnectionPool(host='iq.vietcap.com.vn', port=443): Read timed out. (read timeout=30)
2026-09-28 00:42:52,447 [INFO]   [ 46/100] ✓ LPB   : market_cap=138.76T
2026-09-28 00:43:23,578 [ERROR] API request failed: HTTPSConnectionPool(host='iq.vietcap.com.vn', port=443): Read timed out. (read timeout=30)
2026-09-28 00:43:55,716 [ERROR] API request failed: HTTPSConnectionPool(host='iq.vietcap.com.vn', port=443): Read timed out. (read timeout=30)
2026-09-28 00:43:58,113 [INFO]   [ 47/100] ✓ MBB   : market_cap=200.37T
2026-09-28 00:44:29,185 [ERROR] API request failed: HTTPSConnectionPool(host='iq.vietcap.com.vn', port=443): Read timed out. (read timeout=30)
2026-09-28 00:44:31,567 [INFO]   [ 48/100] ✓ MCH   : market_cap=184.34T
2026-09-28 00:45:02,635 [ERROR] API request failed: HTTPSConnectionPool(host='iq.vietcap.com.vn', port=443): Read timed out. (read timeout=30)
2026-09-28 00:45:05,205 [INFO]   [ 49/100] ✓ MSB   : market_cap=52.60T
2026-09-28 00:45:36,243 [ERROR] API request failed: HTTPSConnectionPool(host='iq.vietcap.com.vn', port=443): Read timed out. (read timeout=30)
2026-09-28 00:45:38,651 [INFO]   [ 50/100] ✓ MSN   : market_cap=102.37T
2026-09-28 00:46:09,716 [ERROR] API request failed: HTTPSConnectionPool(host='iq.vietcap.com.vn', port=443): Read timed out. (read timeout=30)
2026-09-28 00:46:41,806 [ERROR] API request failed: HTTPSConnectionPool(host='iq.vietcap.com.vn', port=443): Read timed out. (read timeout=30)
2026-09-28 00:47:13,910 [ERROR] API request failed: HTTPSConnectionPool(host='iq.vietcap.com.vn', port=443): Read timed out. (read timeout=30)
2026-09-28 00:47:13,910 [WARNING]   [ 51/100] ✗ MWG   : API request failed: HTTPSConnectionPool(host='iq.vietcap.com.vn', port=443): Read timed out. (read timeout=30)
2026-09-28 00:47:44,997 [ERROR] API request failed: HTTPSConnectionPool(host='iq.vietcap.com.vn', port=443): Read timed out. (read timeout=30)
2026-09-28 00:48:17,078 [ERROR] API request failed: HTTPSConnectionPool(host='iq.vietcap.com.vn', port=443): Read timed out. (read timeout=30)
2026-09-28 00:48:49,198 [ERROR] API request failed: HTTPSConnectionPool(host='iq.vietcap.com.vn', port=443): Read timed out. (read timeout=30)
2026-09-28 00:48:49,198 [WARNING]   [ 52/100] ✗ NAB   : API request failed: HTTPSConnectionPool(host='iq.vietcap.com.vn', port=443): Read timed out. (read timeout=30)
2026-09-28 00:49:20,270 [ERROR] API request failed: HTTPSConnectionPool(host='iq.vietcap.com.vn', port=443): Read timed out. (read timeout=30)
2026-09-28 00:49:52,348 [ERROR] API request failed: HTTPSConnectionPool(host='iq.vietcap.com.vn', port=443): Read timed out. (read timeout=30)
2026-09-28 00:49:54,851 [INFO]   [ 53/100] ✓ NKG   : market_cap=4.78T
2026-09-28 00:49:56,317 [INFO]   [ 54/100] ✓ NLG   : market_cap=10.89T
2026-09-28 00:50:27,390 [ERROR] API request failed: HTTPSConnectionPool(host='iq.vietcap.com.vn', port=443): Read timed out. (read timeout=30)
2026-09-28 00:50:59,465 [ERROR] API request failed: HTTPSConnectionPool(host='iq.vietcap.com.vn', port=443): Read timed out. (read timeout=30)
2026-09-28 00:51:01,622 [INFO]   [ 55/100] ✓ NT2   : market_cap=6.00T
2026-09-28 00:51:03,153 [INFO]   [ 56/100] ✓ NVL   : market_cap=28.46T
2026-09-28 00:51:34,227 [ERROR] API request failed: HTTPSConnectionPool(host='iq.vietcap.com.vn', port=443): Read timed out. (read timeout=30)
2026-09-28 00:51:36,668 [INFO]   [ 57/100] ✓ OCB   : market_cap=31.24T
2026-09-28 00:52:07,746 [ERROR] API request failed: HTTPSConnectionPool(host='iq.vietcap.com.vn', port=443): Read timed out. (read timeout=30)
2026-09-28 00:52:39,840 [ERROR] API request failed: HTTPSConnectionPool(host='iq.vietcap.com.vn', port=443): Read timed out. (read timeout=30)
2026-09-28 00:53:11,931 [ERROR] API request failed: HTTPSConnectionPool(host='iq.vietcap.com.vn', port=443): Read timed out. (read timeout=30)
2026-09-28 00:53:11,932 [WARNING]   [ 58/100] ✗ PAN   : API request failed: HTTPSConnectionPool(host='iq.vietcap.com.vn', port=443): Read timed out. (read timeout=30)
2026-09-28 00:53:43,022 [ERROR] API request failed: HTTPSConnectionPool(host='iq.vietcap.com.vn', port=443): Read timed out. (read timeout=30)
2026-09-28 00:53:45,178 [INFO]   [ 59/100] ✓ PC1   : market_cap=8.64T
2026-09-28 00:53:46,322 [INFO]   [ 60/100] ✓ PDR   : market_cap=11.28T
2026-09-28 00:53:47,755 [INFO]   [ 61/100] ✓ PHR   : market_cap=7.91T
2026-09-28 00:54:18,837 [ERROR] API request failed: HTTPSConnectionPool(host='iq.vietcap.com.vn', port=443): Read timed out. (read timeout=30)
2026-09-28 00:54:51,770 [ERROR] API request failed: HTTPSConnectionPool(host='iq.vietcap.com.vn', port=443): Read timed out. (read timeout=30)
2026-09-28 00:54:54,213 [INFO]   [ 62/100] ✓ PLX   : market_cap=45.29T
2026-09-28 00:55:25,293 [ERROR] API request failed: HTTPSConnectionPool(host='iq.vietcap.com.vn', port=443): Read timed out. (read timeout=30)
2026-09-28 00:55:57,377 [ERROR] API request failed: HTTPSConnectionPool(host='iq.vietcap.com.vn', port=443): Read timed out. (read timeout=30)
2026-09-28 00:55:59,885 [INFO]   [ 63/100] ✓ PNJ   : market_cap=16.89T
2026-09-28 00:56:01,458 [INFO]   [ 64/100] ✓ POW   : market_cap=38.19T
2026-09-28 00:56:02,634 [INFO]   [ 65/100] ✓ PVD   : market_cap=16.70T
2026-09-28 00:56:03,803 [INFO]   [ 66/100] ✓ PVT   : market_cap=11.94T
2026-09-28 00:56:04,980 [INFO]   [ 67/100] ✓ REE   : market_cap=28.74T
2026-09-28 00:56:06,157 [INFO]   [ 68/100] ✓ SAB   : market_cap=56.30T
2026-09-28 00:56:07,335 [INFO]   [ 69/100] ✓ SBT   : market_cap=21.26T
2026-09-28 00:56:08,508 [INFO]   [ 70/100] ✓ SHB   : market_cap=61.99T
2026-09-28 00:56:09,680 [INFO]   [ 71/100] ✓ SIP   : market_cap=12.11T
2026-09-28 00:56:10,839 [INFO]   [ 72/100] ✓ SJS   : market_cap=16.42T
2026-09-28 00:56:12,035 [INFO]   [ 73/100] ✓ SSB   : market_cap=67.47T
2026-09-28 00:56:13,218 [INFO]   [ 74/100] ✓ SSI   : market_cap=62.13T
2026-09-28 00:56:44,297 [ERROR] API request failed: HTTPSConnectionPool(host='iq.vietcap.com.vn', port=443): Read timed out. (read timeout=30)
2026-09-28 00:56:46,466 [INFO]   [ 75/100] ✓ STB   : market_cap=144.22T
2026-09-28 00:56:47,873 [INFO]   [ 76/100] ✓ TAL   : market_cap=11.59T
2026-09-28 00:56:49,016 [INFO]   [ 77/100] ✓ TCB   : market_cap=235.62T
2026-09-28 00:57:20,094 [ERROR] API request failed: HTTPSConnectionPool(host='iq.vietcap.com.vn', port=443): Read timed out. (read timeout=30)
2026-09-28 00:57:52,187 [ERROR] API request failed: HTTPSConnectionPool(host='iq.vietcap.com.vn', port=443): Read timed out. (read timeout=30)
2026-09-28 00:58:24,274 [ERROR] API request failed: HTTPSConnectionPool(host='iq.vietcap.com.vn', port=443): Read timed out. (read timeout=30)
2026-09-28 00:58:24,275 [WARNING]   [ 78/100] ✗ TCH   : API request failed: HTTPSConnectionPool(host='iq.vietcap.com.vn', port=443): Read timed out. (read timeout=30)
2026-09-28 00:58:55,376 [ERROR] API request failed: HTTPSConnectionPool(host='iq.vietcap.com.vn', port=443): Read timed out. (read timeout=30)
2026-09-28 00:59:27,472 [ERROR] API request failed: HTTPSConnectionPool(host='iq.vietcap.com.vn', port=443): Read timed out. (read timeout=30)
2026-09-28 00:59:29,947 [INFO]   [ 79/100] ✓ TCX   : market_cap=99.71T
2026-09-28 00:59:31,096 [INFO]   [ 80/100] ✓ TPB   : market_cap=40.50T
2026-09-28 01:00:02,171 [ERROR] API request failed: HTTPSConnectionPool(host='iq.vietcap.com.vn', port=443): Read timed out. (read timeout=30)
2026-09-28 01:00:20,266 [INFO]   [ 81/100] ✓ VCB   : market_cap=484.63T
2026-09-28 01:00:21,427 [INFO]   [ 82/100] ✓ VCG   : market_cap=9.81T
2026-09-28 01:00:22,812 [INFO]   [ 83/100] ✓ VCI   : market_cap=22.81T
2026-09-28 01:00:23,996 [INFO]   [ 84/100] ✓ VCK   : market_cap=69.40T
2026-09-28 01:00:25,179 [INFO]   [ 85/100] ✓ VGC   : market_cap=19.17T
2026-09-28 01:00:26,370 [INFO]   [ 86/100] ✓ VHC   : market_cap=10.38T
2026-09-28 01:00:27,546 [INFO]   [ 87/100] ✓ VHM   : market_cap=567.64T
2026-09-28 01:00:28,717 [INFO]   [ 88/100] ✓ VIB   : market_cap=50.05T
2026-09-28 01:00:29,865 [INFO]   [ 89/100] ✓ VIC   : market_cap=1800.83T
2026-09-28 01:00:31,242 [INFO]   [ 90/100] ✓ VIX   : market_cap=32.55T
2026-09-28 01:00:32,420 [INFO]   [ 91/100] ✓ VJC   : market_cap=102.14T
2026-09-28 01:00:33,604 [INFO]   [ 92/100] ✓ VND   : market_cap=21.85T
2026-09-28 01:00:34,786 [INFO]   [ 93/100] ✓ VNM   : market_cap=124.98T
2026-09-28 01:00:35,960 [INFO]   [ 94/100] ✓ VPB   : market_cap=230.00T
2026-09-28 01:00:37,144 [INFO]   [ 95/100] ✓ VPI   : market_cap=21.90T
2026-09-28 01:00:38,306 [INFO]   [ 96/100] ✓ VPL   : market_cap=142.93T
2026-09-28 01:00:39,454 [INFO]   [ 97/100] ✓ VPX   : market_cap=47.72T
2026-09-28 01:00:40,605 [INFO]   [ 98/100] ✓ VRE   : market_cap=55.67T
2026-09-28 01:00:41,755 [INFO]   [ 99/100] ✓ VSC   : market_cap=4.96T
2026-09-28 01:00:42,930 [INFO]   [100/100] ✓ VTP   : market_cap=10.66T
2026-09-28 01:00:42,939 [INFO] ✅ market_cap_snapshot.csv: 91 mã
2026-09-28 01:00:42,939 [INFO] 
📚 [3/3] Pull Book Value (100 mã) ...
2026-09-28 01:00:44,363 [INFO] Loaded 162 built-in KBS field mappings
2026-09-28 01:00:44,364 [INFO] Loaded 162 built-in KBS field mappings
2026-09-28 01:00:44,367 [INFO]   [  1/100] ✓ ACB   : 8 years (2018→2025)
2026-09-28 01:00:46,363 [INFO] Loaded 162 built-in KBS field mappings
2026-09-28 01:00:46,364 [INFO] Loaded 162 built-in KBS field mappings
2026-09-28 01:00:46,368 [INFO]   [  2/100] ✓ ANV   : 8 years (2018→2025)
2026-09-28 01:00:48,311 [INFO] Loaded 162 built-in KBS field mappings
2026-09-28 01:00:48,311 [INFO] Loaded 162 built-in KBS field mappings
2026-09-28 01:00:48,315 [INFO]   [  3/100] ✓ BAF   : 7 years (2018→2025)
2026-09-28 01:00:50,219 [INFO] Loaded 162 built-in KBS field mappings
2026-09-28 01:00:50,219 [INFO] Loaded 162 built-in KBS field mappings
2026-09-28 01:00:50,223 [INFO]   [  4/100] ✓ BCM   : 8 years (2018→2025)
2026-09-28 01:00:52,259 [INFO] Loaded 162 built-in KBS field mappings
2026-09-28 01:00:52,259 [INFO] Loaded 162 built-in KBS field mappings
2026-09-28 01:00:52,263 [INFO]   [  5/100] ✓ BID   : 8 years (2018→2025)
2026-09-28 01:00:54,166 [INFO] Loaded 162 built-in KBS field mappings
2026-09-28 01:00:54,166 [INFO] Loaded 162 built-in KBS field mappings
2026-09-28 01:00:54,167 [INFO]   [  6/100] ✓ BMP   : 8 years (2018→2025)
2026-09-28 01:00:56,225 [INFO] Loaded 162 built-in KBS field mappings
2026-09-28 01:00:56,225 [INFO] Loaded 162 built-in KBS field mappings
2026-09-28 01:00:56,234 [INFO]   [  7/100] ✓ BSI   : 8 years (2018→2025)
2026-09-28 01:00:58,096 [INFO] Loaded 162 built-in KBS field mappings
2026-09-28 01:00:58,096 [INFO] Loaded 162 built-in KBS field mappings
2026-09-28 01:00:58,100 [INFO]   [  8/100] ✓ BSR   : 8 years (2018→2025)
2026-09-28 01:01:00,070 [INFO] Loaded 162 built-in KBS field mappings
2026-09-28 01:01:00,070 [INFO] Loaded 162 built-in KBS field mappings
2026-09-28 01:01:00,074 [INFO]   [  9/100] ✓ BVH   : 8 years (2018→2025)
2026-09-28 01:01:01,936 [INFO] Loaded 162 built-in KBS field mappings
2026-09-28 01:01:01,936 [INFO] Loaded 162 built-in KBS field mappings
2026-09-28 01:01:01,939 [INFO]   [ 10/100] ✓ BWE   : 8 years (2018→2025)
2026-09-28 01:01:03,820 [INFO] Loaded 162 built-in KBS field mappings
2026-09-28 01:01:03,820 [INFO] Loaded 162 built-in KBS field mappings
2026-09-28 01:01:03,824 [INFO]   [ 11/100] ✓ CII   : 8 years (2018→2025)
2026-09-28 01:01:05,712 [INFO] Loaded 162 built-in KBS field mappings
2026-09-28 01:01:05,712 [INFO] Loaded 162 built-in KBS field mappings
2026-09-28 01:01:05,717 [INFO]   [ 12/100] ✓ CMG   : 8 years (2018→2025)
2026-09-28 01:01:07,570 [INFO] Loaded 162 built-in KBS field mappings
2026-09-28 01:01:07,570 [INFO] Loaded 162 built-in KBS field mappings
2026-09-28 01:01:07,575 [INFO]   [ 13/100] ✓ CTD   : 8 years (2018→2025)
2026-09-28 01:01:09,511 [INFO] Loaded 162 built-in KBS field mappings
2026-09-28 01:01:09,511 [INFO] Loaded 162 built-in KBS field mappings
2026-09-28 01:01:09,515 [INFO]   [ 14/100] ✓ CTG   : 8 years (2018→2025)
2026-09-28 01:01:11,384 [INFO] Loaded 162 built-in KBS field mappings
2026-09-28 01:01:11,384 [INFO] Loaded 162 built-in KBS field mappings
2026-09-28 01:01:11,388 [INFO]   [ 15/100] ✓ CTR   : 8 years (2018→2025)
2026-09-28 01:01:42,604 [ERROR] API request failed: HTTPSConnectionPool(host='iq.vietcap.com.vn', port=443): Read timed out. (read timeout=30)
2026-09-28 01:01:46,377 [INFO] Loaded 162 built-in KBS field mappings
2026-09-28 01:01:46,377 [INFO] Loaded 162 built-in KBS field mappings
2026-09-28 01:01:46,382 [INFO]   [ 16/100] ✓ CTS   : 8 years (2018→2025)
2026-09-28 01:01:49,015 [INFO] Loaded 162 built-in KBS field mappings
2026-09-28 01:01:49,016 [INFO] Loaded 162 built-in KBS field mappings
2026-09-28 01:01:49,019 [INFO]   [ 17/100] ✓ DBC   : 8 years (2018→2025)
2026-09-28 01:01:50,924 [INFO] Loaded 162 built-in KBS field mappings
2026-09-28 01:01:50,924 [INFO] Loaded 162 built-in KBS field mappings
2026-09-28 01:01:50,927 [INFO]   [ 18/100] ✓ DCM   : 8 years (2018→2025)
2026-09-28 01:02:22,719 [ERROR] API request failed: HTTPSConnectionPool(host='iq.vietcap.com.vn', port=443): Read timed out. (read timeout=30)
2026-09-28 01:02:25,116 [INFO] Loaded 162 built-in KBS field mappings
2026-09-28 01:02:25,116 [INFO] Loaded 162 built-in KBS field mappings
2026-09-28 01:02:25,120 [INFO]   [ 19/100] ✓ DGW   : 8 years (2018→2025)
2026-09-28 01:02:27,478 [INFO] Loaded 162 built-in KBS field mappings
2026-09-28 01:02:27,479 [INFO] Loaded 162 built-in KBS field mappings
2026-09-28 01:02:27,483 [INFO]   [ 20/100] ✓ DIG   : 8 years (2018→2025)
2026-09-28 01:02:29,397 [INFO] Loaded 162 built-in KBS field mappings
2026-09-28 01:02:29,397 [INFO] Loaded 162 built-in KBS field mappings
2026-09-28 01:02:29,401 [INFO]   [ 21/100] ✓ DPM   : 8 years (2018→2025)
2026-09-28 01:02:31,513 [INFO] Loaded 162 built-in KBS field mappings
2026-09-28 01:02:31,513 [INFO] Loaded 162 built-in KBS field mappings
2026-09-28 01:02:31,518 [INFO]   [ 22/100] ✓ DSE   : 8 years (2018→2025)
2026-09-28 01:02:33,442 [INFO] Loaded 162 built-in KBS field mappings
2026-09-28 01:02:33,443 [INFO] Loaded 162 built-in KBS field mappings
2026-09-28 01:02:33,447 [INFO]   [ 23/100] ✓ DXG   : 8 years (2018→2025)
2026-09-28 01:02:35,368 [INFO] Loaded 162 built-in KBS field mappings
2026-09-28 01:02:35,368 [INFO] Loaded 162 built-in KBS field mappings
2026-09-28 01:02:35,371 [INFO]   [ 24/100] ✓ EIB   : 8 years (2018→2025)
2026-09-28 01:02:37,240 [INFO] Loaded 162 built-in KBS field mappings
2026-09-28 01:02:37,241 [INFO] Loaded 162 built-in KBS field mappings
2026-09-28 01:02:37,244 [INFO]   [ 25/100] ✓ EVF   : 8 years (2018→2025)
2026-09-28 01:02:39,188 [INFO] Loaded 162 built-in KBS field mappings
2026-09-28 01:02:39,189 [INFO] Loaded 162 built-in KBS field mappings
2026-09-28 01:02:39,193 [INFO]   [ 26/100] ✓ FPT   : 8 years (2018→2025)
2026-09-28 01:02:41,119 [INFO] Loaded 162 built-in KBS field mappings
2026-09-28 01:02:41,119 [INFO] Loaded 162 built-in KBS field mappings
2026-09-28 01:02:41,121 [INFO]   [ 27/100] ✓ FRT   : 8 years (2018→2025)
2026-09-28 01:02:43,178 [INFO] Loaded 162 built-in KBS field mappings
2026-09-28 01:02:43,178 [INFO] Loaded 162 built-in KBS field mappings
2026-09-28 01:02:43,190 [INFO]   [ 28/100] ✓ FTS   : 8 years (2018→2025)
2026-09-28 01:02:45,120 [INFO] Loaded 162 built-in KBS field mappings
2026-09-28 01:02:45,120 [INFO] Loaded 162 built-in KBS field mappings
2026-09-28 01:02:45,124 [INFO]   [ 29/100] ✓ GAS   : 8 years (2018→2025)
2026-09-28 01:02:47,036 [INFO] Loaded 162 built-in KBS field mappings
2026-09-28 01:02:47,036 [INFO] Loaded 162 built-in KBS field mappings
2026-09-28 01:02:47,040 [INFO]   [ 30/100] ✓ GEE   : 5 years (2021→2025)
2026-09-28 01:02:48,983 [INFO] Loaded 162 built-in KBS field mappings
2026-09-28 01:02:48,983 [INFO] Loaded 162 built-in KBS field mappings
2026-09-28 01:02:48,987 [INFO]   [ 31/100] ✓ GEX   : 8 years (2018→2025)
2026-09-28 01:02:50,892 [INFO] Loaded 162 built-in KBS field mappings
2026-09-28 01:02:50,892 [INFO] Loaded 162 built-in KBS field mappings
2026-09-28 01:02:50,896 [INFO]   [ 32/100] ✓ GMD   : 8 years (2018→2025)
2026-09-28 01:02:52,825 [INFO] Loaded 162 built-in KBS field mappings
2026-09-28 01:02:52,825 [INFO] Loaded 162 built-in KBS field mappings
2026-09-28 01:02:52,829 [INFO]   [ 33/100] ✓ GVR   : 8 years (2018→2025)
2026-09-28 01:02:55,155 [INFO] Loaded 162 built-in KBS field mappings
2026-09-28 01:02:55,155 [INFO] Loaded 162 built-in KBS field mappings
2026-09-28 01:02:55,157 [INFO]   [ 34/100] ✓ HAG   : 8 years (2018→2025)
2026-09-28 01:02:57,235 [INFO] Loaded 162 built-in KBS field mappings
2026-09-28 01:02:57,235 [INFO] Loaded 162 built-in KBS field mappings
2026-09-28 01:02:57,240 [INFO]   [ 35/100] ✓ HCM   : 8 years (2018→2025)
2026-09-28 01:03:28,773 [ERROR] API request failed: HTTPSConnectionPool(host='iq.vietcap.com.vn', port=443): Read timed out. (read timeout=30)
2026-09-28 01:03:31,387 [INFO] Loaded 162 built-in KBS field mappings
2026-09-28 01:03:31,387 [INFO] Loaded 162 built-in KBS field mappings
2026-09-28 01:03:31,390 [INFO]   [ 36/100] ✓ HDB   : 8 years (2018→2025)
2026-09-28 01:04:03,006 [ERROR] API request failed: HTTPSConnectionPool(host='iq.vietcap.com.vn', port=443): Read timed out. (read timeout=30)
2026-09-28 01:04:06,860 [INFO] Loaded 162 built-in KBS field mappings
2026-09-28 01:04:06,860 [INFO] Loaded 162 built-in KBS field mappings
2026-09-28 01:04:06,864 [INFO]   [ 37/100] ✓ HDG   : 8 years (2018→2025)
2026-09-28 01:04:18,703 [INFO] Loaded 162 built-in KBS field mappings
2026-09-28 01:04:18,703 [INFO] Loaded 162 built-in KBS field mappings
2026-09-28 01:04:18,707 [INFO]   [ 38/100] ✓ HHV   : 8 years (2018→2025)
2026-09-28 01:04:20,832 [INFO] Loaded 162 built-in KBS field mappings
2026-09-28 01:04:20,832 [INFO] Loaded 162 built-in KBS field mappings
2026-09-28 01:04:20,836 [INFO]   [ 39/100] ✓ HPG   : 8 years (2018→2025)
2026-09-28 01:05:02,521 [ERROR] API request failed: HTTPSConnectionPool(host='iq.vietcap.com.vn', port=443): Read timed out. (read timeout=30)
2026-09-28 01:05:05,698 [INFO] Loaded 162 built-in KBS field mappings
2026-09-28 01:05:05,698 [INFO] Loaded 162 built-in KBS field mappings
2026-09-28 01:05:05,702 [INFO]   [ 40/100] ✓ HSG   : 8 years (2018→2025)
2026-09-28 01:05:07,659 [INFO] Loaded 162 built-in KBS field mappings
2026-09-28 01:05:07,659 [INFO] Loaded 162 built-in KBS field mappings
2026-09-28 01:05:07,663 [INFO]   [ 41/100] ✓ HT1   : 8 years (2018→2025)
2026-09-28 01:05:39,222 [ERROR] API request failed: HTTPSConnectionPool(host='iq.vietcap.com.vn', port=443): Read timed out. (read timeout=30)
2026-09-28 01:05:41,970 [INFO] Loaded 162 built-in KBS field mappings
2026-09-28 01:05:41,970 [INFO] Loaded 162 built-in KBS field mappings
2026-09-28 01:05:41,975 [INFO]   [ 42/100] ✓ KBC   : 8 years (2018→2025)
2026-09-28 01:06:13,605 [ERROR] API request failed: HTTPSConnectionPool(host='iq.vietcap.com.vn', port=443): Read timed out. (read timeout=30)
2026-09-28 01:06:46,243 [ERROR] API request failed: HTTPSConnectionPool(host='iq.vietcap.com.vn', port=443): Read timed out. (read timeout=30)
2026-09-28 01:06:59,307 [INFO] Loaded 162 built-in KBS field mappings
2026-09-28 01:06:59,307 [INFO] Loaded 162 built-in KBS field mappings
2026-09-28 01:06:59,311 [INFO]   [ 43/100] ✓ KDC   : 8 years (2018→2025)
2026-09-28 01:07:01,629 [INFO] Loaded 162 built-in KBS field mappings
2026-09-28 01:07:01,629 [INFO] Loaded 162 built-in KBS field mappings
2026-09-28 01:07:01,633 [INFO]   [ 44/100] ✓ KDH   : 8 years (2018→2025)
2026-09-28 01:07:03,499 [INFO] Loaded 162 built-in KBS field mappings
2026-09-28 01:07:03,499 [INFO] Loaded 162 built-in KBS field mappings
2026-09-28 01:07:03,508 [INFO]   [ 45/100] ✓ KOS   : 8 years (2018→2025)
2026-09-28 01:07:05,397 [INFO] Loaded 162 built-in KBS field mappings
2026-09-28 01:07:05,397 [INFO] Loaded 162 built-in KBS field mappings
2026-09-28 01:07:05,401 [INFO]   [ 46/100] ✓ LPB   : 8 years (2018→2025)
2026-09-28 01:07:07,264 [INFO] Loaded 162 built-in KBS field mappings
2026-09-28 01:07:07,264 [INFO] Loaded 162 built-in KBS field mappings
2026-09-28 01:07:07,268 [INFO]   [ 47/100] ✓ MBB   : 8 years (2018→2025)
2026-09-28 01:07:09,214 [INFO] Loaded 162 built-in KBS field mappings
2026-09-28 01:07:09,214 [INFO] Loaded 162 built-in KBS field mappings
2026-09-28 01:07:09,219 [INFO]   [ 48/100] ✓ MCH   : 8 years (2018→2025)
2026-09-28 01:07:11,135 [INFO] Loaded 162 built-in KBS field mappings
2026-09-28 01:07:11,135 [INFO] Loaded 162 built-in KBS field mappings
2026-09-28 01:07:11,140 [INFO]   [ 49/100] ✓ MSB   : 8 years (2018→2025)
2026-09-28 01:07:13,037 [INFO] Loaded 162 built-in KBS field mappings
2026-09-28 01:07:13,037 [INFO] Loaded 162 built-in KBS field mappings
2026-09-28 01:07:13,043 [INFO]   [ 50/100] ✓ MSN   : 8 years (2018→2025)
2026-09-28 01:07:44,275 [ERROR] API request failed: HTTPSConnectionPool(host='iq.vietcap.com.vn', port=443): Read timed out. (read timeout=30)
2026-09-28 01:07:57,284 [INFO] Loaded 162 built-in KBS field mappings
2026-09-28 01:07:57,284 [INFO] Loaded 162 built-in KBS field mappings
2026-09-28 01:07:57,287 [INFO]   [ 51/100] ✓ MWG   : 8 years (2018→2025)
2026-09-28 01:08:28,529 [ERROR] API request failed: HTTPSConnectionPool(host='iq.vietcap.com.vn', port=443): Read timed out. (read timeout=30)
2026-09-28 01:09:01,729 [ERROR] API request failed: HTTPSConnectionPool(host='iq.vietcap.com.vn', port=443): Read timed out. (read timeout=30)
2026-09-28 01:09:04,487 [INFO] Loaded 162 built-in KBS field mappings
2026-09-28 01:09:04,488 [INFO] Loaded 162 built-in KBS field mappings
2026-09-28 01:09:04,491 [INFO]   [ 52/100] ✓ NAB   : 8 years (2018→2025)
2026-09-28 01:09:06,904 [INFO] Loaded 162 built-in KBS field mappings
2026-09-28 01:09:06,904 [INFO] Loaded 162 built-in KBS field mappings
2026-09-28 01:09:06,908 [INFO]   [ 53/100] ✓ NKG   : 8 years (2018→2025)
2026-09-28 01:09:08,836 [INFO] Loaded 162 built-in KBS field mappings
2026-09-28 01:09:08,837 [INFO] Loaded 162 built-in KBS field mappings
2026-09-28 01:09:08,842 [INFO]   [ 54/100] ✓ NLG   : 8 years (2018→2025)
2026-09-28 01:09:10,714 [INFO] Loaded 162 built-in KBS field mappings
2026-09-28 01:09:10,714 [INFO] Loaded 162 built-in KBS field mappings
2026-09-28 01:09:10,718 [INFO]   [ 55/100] ✓ NT2   : 8 years (2018→2025)
2026-09-28 01:09:12,997 [INFO] Loaded 162 built-in KBS field mappings
2026-09-28 01:09:12,997 [INFO] Loaded 162 built-in KBS field mappings
2026-09-28 01:09:13,001 [INFO]   [ 56/100] ✓ NVL   : 8 years (2018→2025)
2026-09-28 01:09:14,921 [INFO] Loaded 162 built-in KBS field mappings
2026-09-28 01:09:14,921 [INFO] Loaded 162 built-in KBS field mappings
2026-09-28 01:09:14,925 [INFO]   [ 57/100] ✓ OCB   : 8 years (2018→2025)
2026-09-28 01:09:16,935 [INFO] Loaded 162 built-in KBS field mappings
2026-09-28 01:09:16,935 [INFO] Loaded 162 built-in KBS field mappings
2026-09-28 01:09:16,939 [INFO]   [ 58/100] ✓ PAN   : 8 years (2018→2025)
2026-09-28 01:09:18,855 [INFO] Loaded 162 built-in KBS field mappings
2026-09-28 01:09:18,855 [INFO] Loaded 162 built-in KBS field mappings
2026-09-28 01:09:18,859 [INFO]   [ 59/100] ✓ PC1   : 8 years (2018→2025)
2026-09-28 01:09:50,398 [ERROR] API request failed: HTTPSConnectionPool(host='iq.vietcap.com.vn', port=443): Read timed out. (read timeout=30)
2026-09-28 01:09:53,113 [INFO] Loaded 162 built-in KBS field mappings
2026-09-28 01:09:53,113 [INFO] Loaded 162 built-in KBS field mappings
2026-09-28 01:09:53,117 [INFO]   [ 60/100] ✓ PDR   : 8 years (2018→2025)
2026-09-28 01:09:55,553 [INFO] Loaded 162 built-in KBS field mappings
2026-09-28 01:09:55,554 [INFO] Loaded 162 built-in KBS field mappings
2026-09-28 01:09:55,558 [INFO]   [ 61/100] ✓ PHR   : 8 years (2018→2025)
2026-09-28 01:09:57,502 [INFO] Loaded 162 built-in KBS field mappings
2026-09-28 01:09:57,502 [INFO] Loaded 162 built-in KBS field mappings
2026-09-28 01:09:57,506 [INFO]   [ 62/100] ✓ PLX   : 8 years (2018→2025)
2026-09-28 01:10:00,543 [INFO] Loaded 162 built-in KBS field mappings
2026-09-28 01:10:00,543 [INFO] Loaded 162 built-in KBS field mappings
2026-09-28 01:10:00,547 [INFO]   [ 63/100] ✓ PNJ   : 8 years (2018→2025)
2026-09-28 01:10:02,465 [INFO] Loaded 162 built-in KBS field mappings
2026-09-28 01:10:02,465 [INFO] Loaded 162 built-in KBS field mappings
2026-09-28 01:10:02,469 [INFO]   [ 64/100] ✓ POW   : 8 years (2018→2025)
2026-09-28 01:10:04,341 [INFO] Loaded 162 built-in KBS field mappings
2026-09-28 01:10:04,342 [INFO] Loaded 162 built-in KBS field mappings
2026-09-28 01:10:04,346 [INFO]   [ 65/100] ✓ PVD   : 8 years (2018→2025)
2026-09-28 01:10:06,281 [INFO] Loaded 162 built-in KBS field mappings
2026-09-28 01:10:06,281 [INFO] Loaded 162 built-in KBS field mappings
2026-09-28 01:10:06,286 [INFO]   [ 66/100] ✓ PVT   : 8 years (2018→2025)
2026-09-28 01:10:08,252 [INFO] Loaded 162 built-in KBS field mappings
2026-09-28 01:10:08,252 [INFO] Loaded 162 built-in KBS field mappings
2026-09-28 01:10:08,256 [INFO]   [ 67/100] ✓ REE   : 8 years (2018→2025)
2026-09-28 01:10:10,126 [INFO] Loaded 162 built-in KBS field mappings
2026-09-28 01:10:10,126 [INFO] Loaded 162 built-in KBS field mappings
2026-09-28 01:10:10,130 [INFO]   [ 68/100] ✓ SAB   : 8 years (2018→2025)
2026-09-28 01:10:12,025 [INFO] Loaded 162 built-in KBS field mappings
2026-09-28 01:10:12,025 [INFO] Loaded 162 built-in KBS field mappings
2026-09-28 01:10:12,029 [INFO]   [ 69/100] ✓ SBT   : 8 years (2018→2025)
2026-09-28 01:10:14,221 [INFO] Loaded 162 built-in KBS field mappings
2026-09-28 01:10:14,221 [INFO] Loaded 162 built-in KBS field mappings
2026-09-28 01:10:14,224 [INFO]   [ 70/100] ✓ SHB   : 8 years (2018→2025)
2026-09-28 01:10:16,109 [INFO] Loaded 162 built-in KBS field mappings
2026-09-28 01:10:16,110 [INFO] Loaded 162 built-in KBS field mappings
2026-09-28 01:10:16,114 [INFO]   [ 71/100] ✓ SIP   : 8 years (2018→2025)
2026-09-28 01:10:18,052 [INFO] Loaded 162 built-in KBS field mappings
2026-09-28 01:10:18,052 [INFO] Loaded 162 built-in KBS field mappings
2026-09-28 01:10:18,055 [INFO]   [ 72/100] ✓ SJS   : 8 years (2018→2025)
2026-09-28 01:10:19,933 [INFO] Loaded 162 built-in KBS field mappings
2026-09-28 01:10:19,933 [INFO] Loaded 162 built-in KBS field mappings
2026-09-28 01:10:19,936 [INFO]   [ 73/100] ✓ SSB   : 8 years (2018→2025)
2026-09-28 01:10:21,923 [INFO] Loaded 162 built-in KBS field mappings
2026-09-28 01:10:21,923 [INFO] Loaded 162 built-in KBS field mappings
2026-09-28 01:10:21,928 [INFO]   [ 74/100] ✓ SSI   : 8 years (2018→2025)
2026-09-28 01:10:23,801 [INFO] Loaded 162 built-in KBS field mappings
2026-09-28 01:10:23,801 [INFO] Loaded 162 built-in KBS field mappings
2026-09-28 01:10:23,805 [INFO]   [ 75/100] ✓ STB   : 8 years (2018→2025)
2026-09-28 01:10:55,051 [ERROR] API request failed: HTTPSConnectionPool(host='iq.vietcap.com.vn', port=443): Read timed out. (read timeout=30)
2026-09-28 01:11:37,502 [ERROR] API request failed: HTTPSConnectionPool(host='iq.vietcap.com.vn', port=443): Read timed out. (read timeout=30)
2026-09-28 01:12:10,156 [ERROR] API request failed: HTTPSConnectionPool(host='iq.vietcap.com.vn', port=443): Read timed out. (read timeout=30)
2026-09-28 01:12:12,681 [INFO] Loaded 162 built-in KBS field mappings
2026-09-28 01:12:12,681 [INFO] Loaded 162 built-in KBS field mappings
2026-09-28 01:12:12,684 [INFO]   [ 76/100] ✓ TAL   : 4 years (2022→2025)
2026-09-28 01:12:44,888 [ERROR] API request failed: HTTPSConnectionPool(host='iq.vietcap.com.vn', port=443): Read timed out. (read timeout=30)
2026-09-28 01:13:16,965 [ERROR] API request failed: HTTPSConnectionPool(host='iq.vietcap.com.vn', port=443): Read timed out. (read timeout=30)
2026-09-28 01:13:19,707 [INFO] Loaded 162 built-in KBS field mappings
2026-09-28 01:13:19,707 [INFO] Loaded 162 built-in KBS field mappings
2026-09-28 01:13:19,710 [INFO]   [ 77/100] ✓ TCB   : 8 years (2018→2025)
2026-09-28 01:13:31,560 [INFO] Loaded 162 built-in KBS field mappings
2026-09-28 01:13:31,560 [INFO] Loaded 162 built-in KBS field mappings
2026-09-28 01:13:31,564 [INFO]   [ 78/100] ✓ TCH   : 8 years (2018→2025)
2026-09-28 01:13:33,552 [INFO] Loaded 162 built-in KBS field mappings
2026-09-28 01:13:33,552 [INFO] Loaded 162 built-in KBS field mappings
2026-09-28 01:13:33,557 [INFO]   [ 79/100] ✓ TCX   : 8 years (2018→2025)
2026-09-28 01:14:05,226 [ERROR] API request failed: HTTPSConnectionPool(host='iq.vietcap.com.vn', port=443): Read timed out. (read timeout=30)
2026-09-28 01:14:37,865 [ERROR] API request failed: HTTPSConnectionPool(host='iq.vietcap.com.vn', port=443): Read timed out. (read timeout=30)
2026-09-28 01:15:20,025 [ERROR] API request failed: HTTPSConnectionPool(host='iq.vietcap.com.vn', port=443): Read timed out. (read timeout=30)
2026-09-28 01:15:20,028 [WARNING]   [ 80/100] ✗ TPB   : API request failed: HTTPSConnectionPool(host='iq.vietcap.com.vn', port=443): Read timed out. (read timeout=30)
2026-09-28 01:16:01,193 [ERROR] API request failed: HTTPSConnectionPool(host='iq.vietcap.com.vn', port=443): Read timed out. (read timeout=30)
2026-09-28 01:16:14,322 [INFO] Loaded 162 built-in KBS field mappings
2026-09-28 01:16:14,322 [INFO] Loaded 162 built-in KBS field mappings
2026-09-28 01:16:14,325 [INFO]   [ 81/100] ✓ VCB   : 8 years (2018→2025)
2026-09-28 01:16:16,297 [INFO] Loaded 162 built-in KBS field mappings
2026-09-28 01:16:16,297 [INFO] Loaded 162 built-in KBS field mappings
2026-09-28 01:16:16,301 [INFO]   [ 82/100] ✓ VCG   : 8 years (2018→2025)
2026-09-28 01:16:18,303 [INFO] Loaded 162 built-in KBS field mappings
2026-09-28 01:16:18,304 [INFO] Loaded 162 built-in KBS field mappings
2026-09-28 01:16:18,308 [INFO]   [ 83/100] ✓ VCI   : 8 years (2018→2025)
2026-09-28 01:16:20,348 [INFO] Loaded 162 built-in KBS field mappings
2026-09-28 01:16:20,349 [INFO] Loaded 162 built-in KBS field mappings
2026-09-28 01:16:20,356 [INFO]   [ 84/100] ✓ VCK   : 8 years (2018→2025)
2026-09-28 01:16:51,914 [ERROR] API request failed: HTTPSConnectionPool(host='iq.vietcap.com.vn', port=443): Read timed out. (read timeout=30)
2026-09-28 01:17:24,018 [ERROR] API request failed: HTTPSConnectionPool(host='iq.vietcap.com.vn', port=443): Read timed out. (read timeout=30)
2026-09-28 01:17:57,814 [ERROR] API request failed: HTTPSConnectionPool(host='iq.vietcap.com.vn', port=443): Read timed out. (read timeout=30)
2026-09-28 01:18:44,173 [ERROR] API request failed: HTTPSConnectionPool(host='iq.vietcap.com.vn', port=443): Read timed out. (read timeout=30)
2026-09-28 01:19:16,357 [ERROR] API request failed: HTTPSConnectionPool(host='iq.vietcap.com.vn', port=443): Read timed out. (read timeout=30)
2026-09-28 01:19:49,730 [ERROR] API request failed: HTTPSConnectionPool(host='iq.vietcap.com.vn', port=443): Read timed out. (read timeout=30)
2026-09-28 01:20:06,813 [INFO] Loaded 162 built-in KBS field mappings
2026-09-28 01:20:06,814 [INFO] Loaded 162 built-in KBS field mappings
2026-09-28 01:20:06,818 [INFO]   [ 85/100] ✓ VGC   : 8 years (2018→2025)
2026-09-28 01:20:13,093 [INFO] Loaded 162 built-in KBS field mappings
2026-09-28 01:20:13,093 [INFO] Loaded 162 built-in KBS field mappings
2026-09-28 01:20:13,098 [INFO]   [ 86/100] ✓ VHC   : 8 years (2018→2025)
2026-09-28 01:20:20,241 [INFO] Loaded 162 built-in KBS field mappings
2026-09-28 01:20:20,241 [INFO] Loaded 162 built-in KBS field mappings
2026-09-28 01:20:20,245 [INFO]   [ 87/100] ✓ VHM   : 8 years (2018→2025)
2026-09-28 01:20:36,485 [INFO] Loaded 162 built-in KBS field mappings
2026-09-28 01:20:36,485 [INFO] Loaded 162 built-in KBS field mappings
2026-09-28 01:20:36,488 [INFO]   [ 88/100] ✓ VIB   : 8 years (2018→2025)
2026-09-28 01:21:17,651 [ERROR] API request failed: HTTPSConnectionPool(host='iq.vietcap.com.vn', port=443): Read timed out. (read timeout=30)
2026-09-28 01:21:50,241 [ERROR] API request failed: HTTPSConnectionPool(host='iq.vietcap.com.vn', port=443): Read timed out. (read timeout=30)
2026-09-28 01:22:32,419 [ERROR] API request failed: HTTPSConnectionPool(host='iq.vietcap.com.vn', port=443): Read timed out. (read timeout=30)
2026-09-28 01:22:32,419 [WARNING]   [ 89/100] ✗ VIC   : API request failed: HTTPSConnectionPool(host='iq.vietcap.com.vn', port=443): Read timed out. (read timeout=30)
2026-09-28 01:23:16,363 [ERROR] API request failed: HTTPSConnectionPool(host='iq.vietcap.com.vn', port=443): Read timed out. (read timeout=30)
2026-09-28 01:23:21,954 [INFO] Loaded 162 built-in KBS field mappings
2026-09-28 01:23:21,954 [INFO] Loaded 162 built-in KBS field mappings
2026-09-28 01:23:21,959 [INFO]   [ 90/100] ✓ VIX   : 8 years (2018→2025)
2026-09-28 01:23:29,308 [INFO] Loaded 162 built-in KBS field mappings
2026-09-28 01:23:29,308 [INFO] Loaded 162 built-in KBS field mappings
2026-09-28 01:23:29,312 [INFO]   [ 91/100] ✓ VJC   : 8 years (2018→2025)
2026-09-28 01:23:36,375 [INFO] Loaded 162 built-in KBS field mappings
2026-09-28 01:23:36,375 [INFO] Loaded 162 built-in KBS field mappings
2026-09-28 01:23:36,380 [INFO]   [ 92/100] ✓ VND   : 8 years (2018→2025)
2026-09-28 01:23:42,363 [INFO] Loaded 162 built-in KBS field mappings
2026-09-28 01:23:42,363 [INFO] Loaded 162 built-in KBS field mappings
2026-09-28 01:23:42,368 [INFO]   [ 93/100] ✓ VNM   : 8 years (2018→2025)
2026-09-28 01:24:15,883 [ERROR] API request failed: HTTPSConnectionPool(host='iq.vietcap.com.vn', port=443): Read timed out. (read timeout=30)
2026-09-28 01:24:47,975 [ERROR] API request failed: HTTPSConnectionPool(host='iq.vietcap.com.vn', port=443): Read timed out. (read timeout=30)
2026-09-28 01:25:20,068 [ERROR] API request failed: HTTPSConnectionPool(host='iq.vietcap.com.vn', port=443): Read timed out. (read timeout=30)
2026-09-28 01:25:23,679 [INFO] Loaded 162 built-in KBS field mappings
2026-09-28 01:25:23,679 [INFO] Loaded 162 built-in KBS field mappings
2026-09-28 01:25:23,683 [INFO]   [ 94/100] ✓ VPB   : 8 years (2018→2025)
2026-09-28 01:25:25,564 [INFO] Loaded 162 built-in KBS field mappings
2026-09-28 01:25:25,564 [INFO] Loaded 162 built-in KBS field mappings
2026-09-28 01:25:25,569 [INFO]   [ 95/100] ✓ VPI   : 8 years (2018→2025)
2026-09-28 01:25:27,423 [INFO] Loaded 162 built-in KBS field mappings
2026-09-28 01:25:27,423 [INFO] Loaded 162 built-in KBS field mappings
2026-09-28 01:25:27,427 [INFO]   [ 96/100] ✓ VPL   : 6 years (2018→2025)
2026-09-28 01:25:29,436 [INFO] Loaded 162 built-in KBS field mappings
2026-09-28 01:25:29,436 [INFO] Loaded 162 built-in KBS field mappings
2026-09-28 01:25:29,441 [INFO]   [ 97/100] ✓ VPX   : 8 years (2018→2025)
2026-09-28 01:25:31,339 [INFO] Loaded 162 built-in KBS field mappings
2026-09-28 01:25:31,339 [INFO] Loaded 162 built-in KBS field mappings
2026-09-28 01:25:31,342 [INFO]   [ 98/100] ✓ VRE   : 8 years (2018→2025)
2026-09-28 01:25:33,278 [INFO] Loaded 162 built-in KBS field mappings
2026-09-28 01:25:33,279 [INFO] Loaded 162 built-in KBS field mappings
2026-09-28 01:25:33,283 [INFO]   [ 99/100] ✓ VSC   : 8 years (2018→2025)
2026-09-28 01:26:04,830 [ERROR] API request failed: HTTPSConnectionPool(host='iq.vietcap.com.vn', port=443): Read timed out. (read timeout=30)
2026-09-28 01:26:07,573 [INFO] Loaded 162 built-in KBS field mappings
2026-09-28 01:26:07,573 [INFO] Loaded 162 built-in KBS field mappings
2026-09-28 01:26:07,577 [INFO]   [100/100] ✓ VTP   : 8 years (2018→2025)
2026-09-28 01:26:07,581 [INFO] ✅ book_value_annual.csv: 98 mã | Failed: ['TPB', 'VIC']
2026-09-28 01:26:07,581 [INFO] 
🔧 Xây dựng Monthly Panel Dataset ...
2026-09-28 01:26:07,596 [INFO]   Resampling daily → monthly...
