symbol,year,book_equity,total_assets,net_sales,cogs,selling_exp,admin_exp,interest_exp
ACG,2018,2549899102527.0,3568828702627.0,3872992060116.0,-2704715320183.0,-427309937209.0,-111630597063.0,-11847000160.0
ACG,2019,3370708351466.0,4179446268098.0,4434569752408.0,-3332465646913.0,-482912415593.0,-129303687159.0,-16821133204.0
ACG,2020,3516691508324.0,4453117612700.0,3753605045436.0,-2735642853637.0,-442795174301.0,-107320377926.0,-12839105796.0
ACG,2021,3776798905190.0,4982919025724.0,3293507585511.0,-2397612834481.0,-383770408773.0,-100092496584.0,-21480945050.0
ACG,2022,3912217369890.0,5467207015864.0,4475478438823.0,-3137632133507.0,-547870944173.0,-167893855307.0,-31879418791.0
ACG,2023,4076508222777.0,5522084035551.0,3762129251748.0,-2654516188446.0,-522386144114.0,-172404565592.0,-38839429154.0
ACG,2024,4176030790173.0,5639637217365.0,3980864021638.0,-2729504112551.0,-493929593506.0,-310259677423.0,-27561125015.0
ACG,2025,4409037538766.0,6971996779787.0,4608703276728.0,-3263391326654.0,-564592199344.0,-281970774427.0,-35524102151.0
ACV,2018,30786305383869.0,53624854042612.0,16123160717170.0,-8295605070971.0,-340121610771.0,-878228923176.0,-95084582355.0
ACV,2019,36757234341406.0,58176195336654.0,18328551736948.0,-8994924115637.0,-379134439315.0,-1006436658672.0,-96418310786.0
ACV,2020,37565218479887.0,56902290813532.0,7767469409673.0,-6378052818692.0,-146210582200.0,-666030319372.0,-96219749004.0
ACV,2021,37652691877590.0,54979483924113.0,4752036055205.0,-5537389768144.0,-84663450420.0,-1231835815756.0,-88792729468.0
ACV,2022,43906915371215.0,60192974852183.0,13804902194961.0,-7288381920852.0,-220063489580.0,-1651005051963.0,-72167857692.0
ACV,2023,50413643832512.0,67347604356638.0,19998142418629.0,-8136697068005.0,-337549710395.0,-3427029949656.0,-66912656317.0
ACV,2024,60040686921412.0,77281952865563.0,22596600942144.0,-8723456947843.0,-369492296898.0,-1043121604218.0,-60523614159.0
ACV,2025,69902494343895.0,91909790961051.0,25897650051823.0,-10281917414482.0,-402940841218.0,-1327398218530.0,-60462429448.0
AGX,2018,377917850176.0,450733995178.0,602844710012.0,-497318465271.0,-29105013410.0,-17945323535.0,-477603272.0
AGX,2019,399599616163.0,502005996949.0,584959327407.0,-457360536682.0,-31393741330.0,-21692417404.0,-319261305.0
AGX,2020,436740590433.0,573559068768.0,613598547322.0,-495646326831.0,-29541206240.0,-23105804959.0,-1315712751.0
AGX,2021,491054807268.0,662290129040.0,648051740901.0,-485041243079.0,-40121325863.0,-24167873389.0,-872743412.0
AGX,2022,618140243929.0,742214717058.0,973985656196.0,-732346229681.0,-67026711721.0,-26041148277.0,-2097130245.0
AGX,2023,737796069900.0,826911457961.0,916273621904.0,-720274031541.0,-30642983914.0,-27963693065.0,-829496347.0
AGX,2024,1062667509241.0,1201306138454.0,1568192815561.0,-1096365048053.0,-73875907877.0,-31248346555.0,0.0
AGX,2025,1557309592145.0,1701357912418.0,1987879067346.0,-1331239403386.0,-64676750797.0,-31439076899.0,-469521142.0
AIG,2018,2397819789386.0,3336551692609.0,3781527288447.0,-3037263488882.0,-142743915182.0,-507814181010.0,-17727079059.0
AIG,2019,2876713109175.0,4264610454748.0,5204484505332.0,-4238474790756.0,-174951131745.0,-384718291871.0,-37414748656.0
AIG,2020,3471406995360.0,5587264268292.0,6531693536490.0,-5422257414898.0,-200625863729.0,-346311090815.0,-36489077334.0
AIG,2021,4132758112770.0,7247107871187.0,9684755173054.0,-8097911521566.0,-305134791501.0,-502076127015.0,-55159306825.0
AIG,2022,4749270212430.0,7946984926151.0,12884724672814.0,-11050797171816.0,-371204116706.0,-506797827164.0,-113488326809.0
AIG,2023,5471259183250.0,9506980718908.0,11915373167899.0,-10096647503117.0,-347656759118.0,-535585534344.0,-123190693391.0
AIG,2024,6012527110053.0,10542803780816.0,12386543096944.0,-10421650732861.0,-381832035053.0,-592367935110.0,-111302181293.0
AIG,2025,7483169063478.0,12209223363781.0,15458807822804.0,-13061914438201.0,-475655694422.0,-693676340347.0,-145198708992.0
ARM,2018,40143805257.0,114823313992.0,181426709854.0,-145300490319.0,-6662804835.0,-20183385699.0,-692967062.0
ARM,2019,41765978913.0,160702118684.0,290381410222.0,-248523504224.0,-7566219062.0,-22009371854.0,-3296429906.0
ARM,2020,36409323409.0,193642878444.0,179284230166.0,-153259700259.0,-4727022615.0,-18370383167.0,-2201679143.0
ARM,2021,36386417358.0,119911966463.0,191456752059.0,-167945986250.0,-3418703010.0,-15946346225.0,-1980584097.0
ARM,2022,35694246458.0,119452935600.0,180389415813.0,-152561273888.0,-4419825772.0,-20484839259.0,-502934868.0
ARM,2023,37413212517.0,177645451467.0,204268509037.0,-171411273774.0,-5734521576.0,-21061018674.0,-946902469.0
ARM,2024,38579395710.0,172275408667.0,329859793051.0,-293423583040.0,-6601149739.0,-21613235220.0,-2075264487.0
ARM,2025,40600986742.0,231444909259.0,294140085571.0,-254347348865.0,-8923923091.0,-22266560172.0,-1595668831.0
AST,2018,554938072628.0,666065770818.0,864927013851.0,-398810030832.0,-178964521183.0,-84302481112.0,-2644140988.0
AST,2019,644070516419.0,873709031857.0,1140993689561.0,-522935586952.0,-252650091758.0,-137630814701.0,-284637771.0
AST,2020,540261653661.0,624971005923.0,359460584691.0,-209397901004.0,-126402337849.0,-89152558379.0,-1526341835.0
AST,2021,412458269610.0,502533696279.0,154062023096.0,-111100095512.0,-74177786976.0,-76104852445.0,-2430168707.0
AST,2022,455473982746.0,578865632447.0,603589731224.0,-284185930625.0,-163876659304.0,-121224762186.0,-3118908542.0
AST,2023,587720666441.0,761244239623.0,1099692496428.0,-460370080058.0,-313935912157.0,-167780284289.0,-1886796422.0
AST,2024,618299638731.0,853280271228.0,1330042251352.0,-516898973738.0,-387936378086.0,-179629323968.0,-2316319106.0
AST,2025,686820147425.0,1031257649237.0,1726948551274.0,-630835882617.0,-517530712337.0,-221592279758.0,-3918734584.0
AVC,2018,1318239866592.0,1689422750824.0,654746573093.0,-427105854275.0,0.0,-33119153764.0,-38123495577.0
AVC,2019,1225796652992.0,1407679238920.0,302409131880.0,-225230192513.0,0.0,-28228337124.0,-19388802071.0
AVC,2020,1329955931967.0,1500390581039.0,526135801759.0,-278818974353.0,0.0,-48304751221.0,-10460962294.0
AVC,2021,1434740320866.0,1600740739857.0,682139239176.0,-293519850923.0,0.0,-46784544370.0,-4070330833.0
AVC,2022,1721435850214.0,1855099160248.0,1003926877083.0,-333645622313.0,0.0,-50279475472.0,-3851779305.0
AVC,2023,1327887918758.0,1589859304946.0,696760758166.0,-297211612493.0,0.0,-50319889200.0,0.0
AVC,2024,1085381471349.0,1261428330265.0,752328702442.0,-349801346469.0,0.0,-43376301515.0,0.0
AVC,2025,1196350190328.0,1341897533442.0,726464028832.0,-357576036065.0,0.0,-51124793388.0,0.0
BAF,2018,19412397958.0,3613235883927.0,9136959248638.0,0.0,0.0,0.0,0.0
BAF,2020,565588418869.0,5245832595840.0,12845606077426.0,-12650419341158.0,-1662852857.0,-14840343136.0,-114976065796.0
BAF,2021,1454818471466.0,5457246010443.0,10434354736315.0,-9946794250651.0,-15742973158.0,-54255438010.0,-8252007658.0
BAF,2022,1742668059914.0,4729096092916.0,7083418349258.0,-6558010136271.0,-72229870717.0,-87624647284.0,-36331151929.0
BAF,2023,1908322023619.0,6533660695830.0,5198785295390.0,-4855521787959.0,-93220306421.0,-99534558673.0,-141443303310.0
BAF,2024,2935751653618.0,7449030044505.0,5640685734268.0,-4924408550657.0,-76630177559.0,-137280743174.0,-200749516378.0
BAF,2025,4064121440569.0,10780028795300.0,5037851279304.0,-4355999759423.0,-85114023835.0,-241046166245.0,-257832397308.0
BAX,2018,131720367492.0,638879060339.0,68369463986.0,-31917730842.0,0.0,-18472093413.0,-19726028.0
BAX,2019,181142451107.0,890661989439.0,183774710168.0,-77589921878.0,0.0,-19723801040.0,0.0
BAX,2020,279585838943.0,868615011033.0,311296216195.0,-132528277273.0,0.0,-22966775847.0,0.0
BAX,2021,226416428053.0,828373196874.0,171905798278.0,-101864616644.0,0.0,-24086359375.0,0.0
BAX,2022,245085836825.0,767757104769.0,232289678070.0,-145001204099.0,0.0,-26059222656.0,0.0
BAX,2023,210655900894.0,724830592178.0,74522860806.0,-38491469855.0,0.0,-22196110344.0,0.0
BAX,2024,210437106628.0,724328063781.0,72989804812.0,-31689832182.0,0.0,-20123480985.0,0.0
BAX,2025,222580655375.0,725108870381.0,110181155355.0,-60946307923.0,0.0,-17500623922.0,-7700000.0
BCM,2018,13490782149015.0,45185042708904.0,6537586018100.0,-3277446321744.0,-693488245281.0,-517654327068.0,-717608553826.0
BCM,2019,15750120751105.0,43515596287419.0,8213443164086.0,-4826181247206.0,-801918149009.0,-773427851053.0,-649005935922.0
BCM,2020,16577572362473.0,49116564806591.0,6506633596858.0,-3245441164439.0,-702668534758.0,-648874356089.0,-582461642775.0
BCM,2021,17097612013878.0,48998420778613.0,6981767533356.0,-3759144314641.0,-623840704299.0,-596936462567.0,-768695281371.0
BCM,2022,17764824309155.0,48305441510403.0,6565186159079.0,-3790909227312.0,-763860128555.0,-533809802709.0,-879326949337.0
BCM,2023,19472890868829.0,53423901937257.0,7882566359226.0,-3634733022767.0,-873156796031.0,-592087610965.0,-906131859386.0
BCM,2024,20679200335365.0,58780757768275.0,5239236560627.0,-1740864190339.0,-1067340280879.0,-646393351060.0,-1294979159189.0
BCM,2025,23371674955086.0,60941012421870.0,6953015337399.0,-2788443279846.0,-1006508788871.0,-741491404812.0,-1375903308289.0
BFC,2018,1188838333072.0,3717501554307.0,6381888977107.0,-5542136460138.0,-301713320873.0,-119868738343.0,-106835763541.0
BFC,2019,1153439432366.0,3337528361732.0,6132431878676.0,-5396605135223.0,-349663317909.0,-129419642324.0,-115183617700.0
BFC,2020,1207250210992.0,3056695013113.0,5418392614443.0,-4663281634179.0,-309734470623.0,-148482664003.0,-82303254740.0
BFC,2021,1361970799580.0,3854080063879.0,7742796484313.0,-6837873044540.0,-291714253578.0,-164574775238.0,-58445155026.0
BFC,2022,1360190830023.0,4299656387184.0,8581358101346.0,-7693227464289.0,-346236733644.0,-164258019428.0,-97903378436.0
BFC,2023,1285757822876.0,3454647947598.0,8588309084029.0,-7680240977445.0,-423662994344.0,-165628465529.0,-117490941609.0
BFC,2024,1517363750737.0,3277320050193.0,9358243746877.0,-7964775333670.0,-589675906268.0,-211680608955.0,-56775268908.0
BFC,2025,1695649732742.0,3968725269394.0,10616456517603.0,-9291161009218.0,-565738360851.0,-217455466505.0,-50349598472.0
BHN,2018,4930755045136.0,9202846010059.0,9100266921478.0,-6852693937959.0,-1344299492651.0,-429927258420.0,-45719291702.0
BHN,2019,5181563191747.0,7772176098181.0,9335205047737.0,-6878041273589.0,-1439147245507.0,-503117694787.0,-31081416735.0
BHN,2020,5735538015573.0,7684082600975.0,7452592109444.0,-5473064507898.0,-1074390462145.0,-515589422823.0,-22728804045.0
BHN,2021,4834878298729.0,7087729500362.0,6950539185083.0,-5254288802691.0,-989045745823.0,-441868306679.0,-13076139187.0
BHN,2022,5327097748704.0,7255422654526.0,8401769059657.0,-6085486647149.0,-1289350725768.0,-554221803654.0,-8740649818.0
BHN,2023,5307509139449.0,7149981347305.0,7754352899163.0,-5839789214571.0,-1201367368741.0,-507108723263.0,-5738294772.0
BHN,2024,5266379775698.0,7259200002724.0,8218412128598.0,-6026881693823.0,-1377780938100.0,-513365466604.0,-2919404255.0
BHN,2025,5399067371839.0,7543413614237.0,8524603313999.0,-6105390956904.0,-1464421874500.0,-599641277658.0,-1591462963.0
BID,2018,54489656000000.0,1312866249000000.0,,,,-16016084000000.0,
BID,2019,77652981000000.0,1489957293000000.0,,,,-17257115000000.0,
BID,2020,79646612000000.0,1516685712000000.0,,,,-17692960000000.0,
BID,2021,86329026000000.0,1761695792000000.0,,,,-19465321000000.0,
BID,2022,104118505000000.0,2120676711000000.0,,,,-22714597000000.0,
BID,2023,122866889000000.0,2300868728000000.0,,,,-25080598000000.0,
BID,2024,144984194000000.0,2760906964000000.0,,,,-27979504000000.0,
BID,2025,173552902000000.0,3330825720000000.0,,,,-30427752000000.0,
BMP,2018,2453652521734.0,2812198589261.0,3919637438056.0,-3047590783016.0,-165853774242.0,-97832603890.0,-292427536.0
BMP,2019,2469283578651.0,2849907148356.0,4337339410618.0,-3349334639351.0,-270352326675.0,-116704322723.0,-125174350.0
BMP,2020,2471524642661.0,3022745555182.0,4685640326405.0,-3438658560035.0,-485053580341.0,-63737864888.0,-50844435.0
BMP,2021,2293474780117.0,2838021003777.0,4552756604117.0,-3848837736824.0,-281415832067.0,-87569890551.0,-39575792.0
BMP,2022,2621318604133.0,3044791993793.0,5808344375260.0,-4200684049568.0,-503332468504.0,-128936965691.0,-27578302.0
BMP,2023,2689728981899.0,3255000928111.0,5156984370216.0,-3040564400058.0,-676251353235.0,-106918740381.0,-38676662.0
BMP,2024,2701698690635.0,3200494976288.0,4615678655546.0,-2627051787554.0,-555916198609.0,-119640553673.0,-20863234.0
BMP,2025,2877457822179.0,3378833589624.0,5509577971238.0,-2970013793811.0,-710594834912.0,-166090002521.0,-13860002.0
BSI,2018,1442326829809.0,1759371620654.0,911959221308.0,,0.0,-84738669719.0,0.0
BSI,2019,1379953394160.0,2390601369821.0,608349810468.0,,0.0,-74201324898.0,0.0
BSI,2020,1490452962672.0,2921020750104.0,912577380050.0,,0.0,-95371381046.0,0.0
BSI,2021,1719257051388.0,6004732402734.0,1333024979176.0,,0.0,-127020913681.0,0.0
BSI,2022,4366397458467.0,5591086508708.0,1089005392430.0,,0.0,-117886563588.0,0.0
BSI,2023,4684415112510.0,8326378957897.0,1258998058599.0,,0.0,-166227088970.0,0.0
BSI,2024,5061881530671.0,10315055682765.0,1410672301781.0,,0.0,-187104323760.0,0.0
BSI,2025,5527757894191.0,16627752225049.0,2097190451600.0,,0.0,-207497295383.0,0.0
BSR,2018,31377546329840.0,53211604809681.0,111952253580276.0,-106914028086136.0,-749974515892.0,-338526426301.0,-456017813481.0
BSR,2019,34053597003711.0,53583992996059.0,102823752645297.0,-98850991293829.0,-714115014949.0,-389424547940.0,-359859613027.0
BSR,2020,31064538930922.0,55894934071073.0,57959112673412.0,-60183939693526.0,-551873123765.0,-269294376639.0,-325082824759.0
BSR,2021,37563804992111.0,66795662728649.0,101080035258130.0,-93381313715080.0,-781029744856.0,-406693387067.0,-406811371357.0
BSR,2022,51190346872060.0,78487929061850.0,167123712786024.0,-151027307397420.0,-908980731417.0,-514762438322.0,-252789589546.0
BSR,2023,57268695746376.0,86594660994410.0,147423365943576.0,-137663837918959.0,-1032111954829.0,-623486470367.0,-287654759616.0
BSR,2024,55538009032139.0,88386867728798.0,123027063879559.0,-122535994149733.0,-652066552695.0,-561376142119.0,-260793426455.0
BSR,2025,60513085633865.0,85143227486974.0,141582149107302.0,-135468230531406.0,-824373238880.0,-751408854458.0,-273642324293.0
BVH,2018,113174755454063.0,113174755454063.0,29063484567594.0,,-1697627352951.0,0.0,
BVH,2019,128238238184487.0,128238238184487.0,33309136087180.0,,-1698659395263.0,0.0,
BVH,2020,146412800818360.0,146412800818360.0,34524044284544.0,,-2366157942795.0,0.0,
BVH,2021,169504598786269.0,169504598786269.0,36830138479863.0,,0.0,0.0,
BVH,2022,201663976385114.0,201663976385114.0,40688247074927.0,,0.0,0.0,
BVH,2023,221159823067196.0,221159823067196.0,40085479193176.0,,0.0,0.0,
BVH,2024,251286326838124.0,251286326838124.0,39823175683648.0,,0.0,0.0,
BVH,2025,291805652090226.0,291805652090226.0,40948251401814.0,,0.0,0.0,
BVS,2018,1692152042464.0,2927161189656.0,522954404370.0,,0.0,-75088804928.0,0.0
BVS,2019,1806633192421.0,2397853185656.0,541263778089.0,,0.0,-88155629150.0,0.0
BVS,2020,1874743668855.0,3412992891720.0,568059725331.0,,0.0,-88631504670.0,0.0
BVS,2021,2144451663109.0,5719297483625.0,1138320047459.0,,0.0,-177412970802.0,0.0
BVS,2022,2180939806045.0,3857650840076.0,855266055502.0,,0.0,-115303233805.0,0.0
BVS,2023,2314776715581.0,6013664430666.0,870493836206.0,,0.0,-144884850844.0,0.0
BVS,2024,2475372532349.0,5628659765787.0,990555836109.0,,0.0,-138944723607.0,0.0
BVS,2025,2656788591891.0,7032999228296.0,1101240032207.0,,0.0,-184926668530.0,0.0
BWE,2018,4126374990468.0,13777983140868.0,2197515745549.0,-1326235069961.0,-274622236908.0,-110537370549.0,-131581096936.0
BWE,2019,2199762186087.0,6207482520283.0,2545676753341.0,-1510715243446.0,-309317467193.0,-107133257085.0,-143864874018.0
BWE,2020,3409358638993.0,8245843456390.0,3025337455580.0,-1789258947036.0,-356175239117.0,-132884167797.0,-155533630972.0
BWE,2021,3925336410777.0,9073853965987.0,3118867216733.0,-1804086443324.0,-324823029624.0,-145443725956.0,-154713371551.0
BWE,2022,4537838456287.0,9987292157923.0,3483746674741.0,-2062680280274.0,-320162135327.0,-181992620764.0,-170492600996.0
BWE,2023,4963757389338.0,12121720381528.0,3525936181744.0,-1962320990062.0,-370124454272.0,-213812575167.0,-344396591022.0
BWE,2024,5512728419930.0,14199525343428.0,3958997823072.0,-2265244750070.0,-382326744296.0,-261250567071.0,-351835216080.0
BWE,2025,6289278350192.0,15148255852020.0,4542868049098.0,-2585192863327.0,-414959639318.0,-279867788507.0,-389280023455.0
BWS,2018,714235541203.0,910378883314.0,602329621561.0,-289667846872.0,-52643668210.0,-39047126187.0,-282270783.0
BWS,2019,822651590421.0,948700648540.0,644674678373.0,-321654556913.0,-56819483816.0,-44267638090.0,-78473485.0
BWS,2020,960388180432.0,1057663399587.0,674546954114.0,-345754472627.0,-61479349233.0,-41987689212.0,0.0
BWS,2021,958388298072.0,1166260647301.0,628981911965.0,-331585409610.0,-54962431843.0,-38786218600.0,-231147598.0
BWS,2022,1049299987413.0,1125111650301.0,680529275352.0,-310035176464.0,-118107083745.0,-71275977669.0,-497881273.0
BWS,2023,1044682300458.0,1114042052273.0,682500956634.0,-324717561503.0,-62719523327.0,-75437707538.0,0.0
BWS,2024,1067010476820.0,1261027607911.0,744580341694.0,-308552678608.0,-83291358446.0,-93119716595.0,0.0
BWS,2025,1093786545190.0,1240958007180.0,752583412385.0,-320376546499.0,-102620578527.0,-99495068753.0,-35190837.0
CC1,2018,1852296491267.0,9441976088400.0,5939978479634.0,-5499926356550.0,-34535958475.0,-176683809009.0,-185600612712.0
CC1,2019,1833194756256.0,10439330388927.0,6586090113684.0,-6131605909965.0,-26723264586.0,-185600243159.0,-281186339889.0
CC1,2020,1848580429446.0,9885850266564.0,6845439074391.0,-6538311363288.0,-37179904209.0,-185574210798.0,-265897837750.0
CC1,2021,1852392874608.0,11667316958220.0,5664069476114.0,-5428507938997.0,-24887650842.0,-288334867596.0,-225141017993.0
CC1,2022,4161947361718.0,15583133679152.0,6435712099878.0,-5938878565364.0,-30593324167.0,-189849618407.0,-371880989687.0
CC1,2023,4247450544391.0,14950377629479.0,5611266151548.0,-5282695416137.0,-3101777275.0,-347952792036.0,-431933840855.0
CC1,2024,4564372469821.0,16728010522148.0,10160323298799.0,-9676668244279.0,-8810046006.0,-261834148651.0,-257830146205.0
CC1,2025,4488680936459.0,17126225657144.0,11816220952258.0,-11284298354274.0,-4198282755.0,-324641621331.0,-390931593052.0
CCM,2018,234038598353.0,498306929898.0,959775221243.0,-854201687257.0,-24507913267.0,-16161350859.0,-16581549436.0
CCM,2019,291043711127.0,537780704704.0,1097567194234.0,-960387221638.0,-33286605332.0,-13309420344.0,-18371981785.0
CCM,2020,360118195507.0,573797128495.0,1131672849898.0,-995014099193.0,-21385064462.0,-14923437550.0,-15009272132.0
CCM,2021,388718776681.0,636139039638.0,944278568417.0,-848941162721.0,-18782840010.0,-11520615595.0,-11333330165.0
CCM,2022,422982635263.0,732385068677.0,1259101230925.0,-1139801333907.0,-30845809950.0,-10665739488.0,-19079660829.0
CCM,2023,473311878879.0,770485211037.0,1073534278414.0,-942421341665.0,-28204947341.0,-13428902778.0,-16529464727.0
CCM,2024,511061527816.0,761964521904.0,979999197850.0,-863733916156.0,-30786268946.0,-13175011129.0,-12816134742.0
CCM,2025,565537921811.0,660273590965.0,1017985084719.0,-939519306571.0,-25104963394.0,-16181470138.0,-9595229200.0
CCP,2018,33057767134.0,35180201602.0,107538107453.0,-105453987434.0,0.0,-3252750563.0,-13537837.0
CCP,2019,33386355326.0,45109298393.0,98187387743.0,-96029685841.0,0.0,-3227178254.0,0.0
CCP,2020,33022241677.0,46043830198.0,112217017633.0,-108843177150.0,-308131207.0,-4355544521.0,-22290144.0
CCP,2021,29748254748.0,36474736266.0,65721289679.0,-65878763489.0,0.0,-4231660285.0,0.0
CCP,2022,27537243068.0,40866135794.0,230816591794.0,-229696626820.0,-163704327.0,-4192862372.0,-8587811.0
CCP,2023,26557390468.0,29035698240.0,19289816680.0,-17867734675.0,-26015075.0,-4179540136.0,0.0
CCP,2024,48102999458.0,52831779861.0,11097868404.0,-4318093988.0,0.0,-5565302684.0,0.0
CCP,2025,51922438785.0,56362879910.0,8722036446.0,-3633927265.0,0.0,-5088529731.0,0.0
CDN,2018,1224526717149.0,1626403365267.0,694741517124.0,-460504519525.0,-3049403916.0,-53217636227.0,-13916484149.0
CDN,2019,1353878023740.0,1662295860481.0,823758029980.0,-532568441686.0,-5335039348.0,-75651091191.0,-11662379388.0
CDN,2020,1405732081183.0,1720140638292.0,904395866531.0,-584619668823.0,-5008386778.0,-72363930820.0,-11427685495.0
CDN,2021,1482548008474.0,1789555383951.0,1078888885510.0,-690970765355.0,-9654547806.0,-91635453840.0,-10121190775.0
CDN,2022,1586135773362.0,2059406009157.0,1196375008642.0,-734397206259.0,-17087041587.0,-134731130376.0,-8926819457.0
CDN,2023,1690582848423.0,2202279148921.0,1235319352961.0,-779598605813.0,-17879288261.0,-131341408264.0,-13481539670.0
CDN,2024,1830474000911.0,2460174705482.0,1452619154002.0,-935084672516.0,-19270961850.0,-143063291602.0,-19938194150.0
CDN,2025,2055032418346.0,2748655518969.0,1656221534457.0,-1007448250895.0,-23368528725.0,-188293398061.0,-23683061933.0
CHP,2018,1760880365700.0,2848966843318.0,470018416948.0,-265313136624.0,0.0,-29535397243.0,-84960096137.0
CHP,2019,1764242810870.0,3611672910985.0,713535772923.0,-330413012063.0,0.0,-32318543792.0,-128481621489.0
CHP,2020,1893861790283.0,3532764723607.0,830524857602.0,-372814524716.0,0.0,-37447429766.0,-136863800120.0
CHP,2021,1894194143805.0,3272703458543.0,787447457857.0,-387270729401.0,0.0,-33724943886.0,-115898591897.0
CHP,2022,1997177349845.0,3259700449355.0,1100534048069.0,-438828877599.0,0.0,-44100123741.0,-97371062759.0
CHP,2023,1938518281144.0,2967231114351.0,881377927945.0,-412189092858.0,0.0,-39252523956.0,-85652188743.0
CHP,2024,1987895836165.0,2696249961096.0,814199531520.0,-392833275765.0,0.0,-41288666423.0,-54248785468.0
CHP,2025,2108154352226.0,2616813676825.0,998866035683.0,-437542995527.0,0.0,-52433573862.0,-36179344213.0
CLL,2018,623955036614.0,703693925366.0,378435694351.0,-247497346604.0,-163636364.0,-19395714686.0,-2725882273.0
CLL,2019,631698733226.0,698453783500.0,350194092278.0,-226045399844.0,-396636364.0,-19244598748.0,-1998786967.0
CLL,2020,647099064005.0,705655668545.0,386239280462.0,-263870404091.0,-665529748.0,-21130719528.0,-1025438688.0
CLL,2021,648253997311.0,678550929158.0,264280885731.0,-157303276941.0,-103881001.0,-19582778722.0,-59072936.0
CLL,2022,650374737780.0,703998424827.0,263727304688.0,-138576079491.0,-3450859328.0,-23556431798.0,0.0
CLL,2023,618731270284.0,675101992524.0,306291069080.0,-176147116725.0,-1750327065.0,-24819714448.0,0.0
CLL,2024,623620815655.0,681710963671.0,322588699271.0,-183094099953.0,-1108620560.0,-32068007840.0,-35965293.0
CLL,2025,628936718299.0,724228430787.0,399334902664.0,-254618805028.0,-1749574802.0,-32881428413.0,-475683046.0
CMF,2018,336556302566.0,735746978286.0,1953349113137.0,-1427380368817.0,-268631138306.0,-114939573016.0,-10639793898.0
CMF,2019,450208786290.0,864707486371.0,2175757833945.0,-1546247758799.0,-281549094119.0,-138434517303.0,-6361700968.0
CMF,2020,543867521879.0,1011344676422.0,2263329466491.0,-1615194805043.0,-306168148468.0,-133802508620.0,-5550612330.0
CMF,2021,669344314437.0,1161803752679.0,2508601055214.0,-1834808392179.0,-347961147961.0,-117814766582.0,-2267053065.0
CMF,2022,829263137619.0,1429592165965.0,3219039254445.0,-2332750080873.0,-494780823793.0,-144516974675.0,-3446433817.0
CMF,2023,995365976247.0,1616529890877.0,3410374923385.0,-2509269078184.0,-474559722595.0,-168606984038.0,-8588351275.0
CMF,2024,1178884523500.0,1903648605167.0,3717237563531.0,-2674271656182.0,-571746109750.0,-185308624637.0,-4978577128.0
CMF,2025,1394411639156.0,1981899153783.0,4083503434140.0,-2940106964260.0,-601510605865.0,-210596511537.0,-8924163762.0
CNN,2018,133827538685.0,546072338897.0,365574259049.0,-317596022940.0,0.0,-39082424942.0,-295320342.0
CNN,2019,134691687267.0,779626286586.0,342773999926.0,-299242159115.0,0.0,-42239960346.0,0.0
CNN,2020,134295311566.0,790667802009.0,390512686732.0,-324227600615.0,0.0,-45016704541.0,-15298628016.0
CNN,2021,134979591791.0,804574154454.0,399435578282.0,-329577200003.0,0.0,-51651996671.0,-14043480569.0
CNN,2022,136759774696.0,874535113002.0,440324731318.0,-362527792078.0,0.0,-52199130888.0,-12890683287.0
CNN,2023,142287144225.0,895728821696.0,495852299836.0,-410095815164.0,0.0,-63139804052.0,-11846738814.0
CNN,2024,148591983875.0,938806486253.0,599109926121.0,-501213991636.0,0.0,-72465913381.0,-8251298701.0
CNN,2025,166659101098.0,1035622795597.0,828709582566.0,-695578380112.0,0.0,-89721930022.0,-7237361578.0
CQN,2018,599673238248.0,2823023822543.0,5040178089401.0,-4911824780611.0,0.0,-70696316328.0,0.0
CQN,2019,609819291861.0,3178190230208.0,5589595943957.0,-5465350390792.0,0.0,-71519569016.0,0.0
CQN,2020,926757726708.0,1522481161205.0,1564160714495.0,-1441510558944.0,0.0,-64586876152.0,0.0
CQN,2021,933283397590.0,1045579917609.0,847510788937.0,-711005567700.0,0.0,-67878994652.0,0.0
CQN,2022,942372222610.0,1075253911968.0,684261194608.0,-527802677918.0,0.0,-72275011407.0,0.0
CQN,2023,947413653503.0,1059816203522.0,648143150883.0,-488556194170.0,0.0,-76840405263.0,-122630144.0
CQN,2024,979075620875.0,1137197723485.0,662274555759.0,-467313037335.0,0.0,-86504622218.0,0.0
CQN,2025,1022211249748.0,1202984637758.0,702167879096.0,-496734852362.0,0.0,-85297513477.0,0.0
CTD,2018,7962493198894.0,16823061946342.0,28560857297395.0,-26727845024426.0,0.0,-505217213266.0,0.0
CTD,2019,8469520678559.0,16198834654727.0,23733028252165.0,-22684921110980.0,0.0,-458979143450.0,0.0
CTD,2020,8398669476041.0,14157413678883.0,14558086434968.0,-13701679421556.0,0.0,-655860103467.0,0.0
CTD,2021,8247560732814.0,13924612376531.0,9077915407373.0,-8802717841835.0,0.0,-516298035944.0,-1110696092.0
CTD,2022,8213962257245.0,18967071946667.0,14536948503110.0,-14050214386118.0,0.0,-734758141359.0,-79172332132.0
CTD,2023,8407432424176.0,21651893357725.0,16528214803368.0,-16102236570309.0,-40602692.0,-398184674406.0,-96138110828.0
CTD,2024,8688770305789.0,27076862120048.0,22905777578080.0,-22060051638160.0,-1065372003.0,-594485335613.0,-115697287858.0
CTD,2025,9385337105554.0,34442241560980.0,30699048782652.0,-29593687616520.0,-1113646411.0,-382278528704.0,-178000831576.0
CTG,2018,67316334000000.0,1164289661000000.0,,,,-14084040000000.0,
CTG,2019,77354818000000.0,1240711475000000.0,,,,-15734862000000.0,
CTG,2020,85439224000000.0,1341509978000000.0,,,,-16069428000000.0,
CTG,2021,93649511000000.0,1531587398000000.0,,,,-17185850000000.0,
CTG,2022,108316308000000.0,1808810868000000.0,,,,-19194714000000.0,
CTG,2023,125871820000000.0,2032613606000000.0,,,,-20443499000000.0,
CTG,2024,148504708000000.0,2385387732000000.0,,,,-22545929000000.0,
CTG,2025,179655005000000.0,2767699300000000.0,,,,-26552924000000.0,
CTR,2018,775823305134.0,2320859254725.0,4276731191297.0,-4017972089257.0,0.0,-104692667102.0,-218901727.0
CTR,2019,867062548049.0,2443638102513.0,5099889976331.0,-4795987908617.0,0.0,-101088212373.0,0.0
CTR,2020,1060862054712.0,3879102101635.0,6359187330750.0,-5884630071525.0,0.0,-147543777064.0,0.0
CTR,2021,1311715505036.0,3963439810451.0,7446888026068.0,-6818891327642.0,0.0,-160527970661.0,-6429800020.0
CTR,2022,1637090989735.0,6060012376089.0,9466997451987.0,-8710415826649.0,0.0,-189088231316.0,-23036834469.0
CTR,2023,1996694305242.0,6991006086509.0,11370408272724.0,-10468527869775.0,0.0,-247881386173.0,-84837242075.0
CTR,2024,1865063262319.0,7106257863668.0,12609519560081.0,-11725297850560.0,0.0,-168599256242.0,-60826401868.0
CTR,2025,2067176259430.0,8185544854669.0,13939517269142.0,-12957576695759.0,0.0,-247615045763.0,-92827413128.0
CTW,2018,399411489984.0,816085484259.0,238857278918.0,-146231338951.0,-12839969523.0,-32280830132.0,-5191796727.0
CTW,2019,418026172197.0,869586607007.0,296608400032.0,-163355543047.0,-31719986704.0,-37577129047.0,-6728640366.0
CTW,2020,450220921870.0,668776510364.0,303678156923.0,-165710776957.0,-30400634272.0,-41833565104.0,-9765876138.0
CTW,2021,481115545452.0,703936763020.0,296455562593.0,-166293224769.0,-33444483189.0,-37144786819.0,-8643082922.0
CTW,2022,481977278935.0,715851771977.0,317424788061.0,-171238584609.0,-41209150073.0,-39914386474.0,-10286532868.0
CTW,2023,492491489146.0,723791122880.0,328560067497.0,-182320068209.0,-37530555907.0,-43644838674.0,-12645683529.0
CTW,2024,568900706706.0,810865223904.0,495575540396.0,-243822295250.0,-50527619208.0,-56877954708.0,-9457581869.0
CTW,2025,602596522611.0,947635635352.0,458422639528.0,-229622863139.0,-47287436604.0,-60359847209.0,-11706688149.0
D2D,2018,474344477028.0,1590547655319.0,282522138897.0,-194081011999.0,0.0,-32909639974.0,0.0
D2D,2019,797130746837.0,2098644478968.0,763774109001.0,-288944990463.0,0.0,-57169119118.0,0.0
D2D,2020,969394441390.0,2003613451374.0,357302598786.0,-103649576168.0,0.0,-51024898167.0,0.0
D2D,2021,1096995503331.0,1786012429435.0,472312468762.0,-161244903983.0,0.0,-52486330408.0,0.0
D2D,2022,1004831775655.0,1663639967602.0,130948545474.0,-93396763647.0,0.0,-31299424018.0,0.0
D2D,2023,936633763354.0,1558764865507.0,194833190232.0,-149485941768.0,0.0,-29160602849.0,0.0
D2D,2024,746798926698.0,1516265990842.0,346321381873.0,-191392829838.0,0.0,-45174069726.0,-979452056.0
D2D,2025,720183236388.0,1401890509209.0,780962492792.0,-417009385564.0,0.0,-70686077619.0,0.0
DBD,2018,890654289191.0,1434340877185.0,1401024316251.0,-972896278931.0,-174049858919.0,-67521210099.0,-8365839665.0
DBD,2019,932508320863.0,1620552920656.0,1261729021484.0,-846933080364.0,-169937788281.0,-84108597929.0,-10314154786.0
DBD,2020,988625530230.0,1437409436723.0,1256952371543.0,-765813093618.0,-220855128023.0,-88501075564.0,-6588854737.0
DBD,2021,1140548888858.0,1559517987028.0,1558504333283.0,-935938713151.0,-278389055175.0,-127048044656.0,-1324527353.0
DBD,2022,1355137056185.0,1895717209447.0,1554821495216.0,-787169807482.0,-357370999827.0,-136941483830.0,-1915641694.0
DBD,2023,1432841539789.0,1988909304796.0,1651769578959.0,-853249521398.0,-375562332884.0,-125976158264.0,-6998419238.0
DBD,2024,1661140815717.0,2264206532716.0,1727548387571.0,-894975138716.0,-404195096035.0,-122785668843.0,-4058137920.0
DBD,2025,1735978930677.0,2596213715266.0,1865379589631.0,-981000795265.0,-418308462079.0,-139794488425.0,-3846557387.0
DCF,2018,72813416666.0,103460983108.0,156930280468.0,-145946005085.0,0.0,-19306923355.0,-991962062.0
DCF,2019,72210655184.0,99886079994.0,105653204700.0,-87336414875.0,0.0,-16372442587.0,-121912192.0
DCF,2020,75111591525.0,108734609643.0,70646282834.0,-53917985820.0,0.0,-14454509013.0,-14525340.0
DCF,2021,280369097359.0,377208323338.0,63107657232.0,-51615327484.0,-76494000.0,-13798704512.0,-1203973303.0
DCF,2022,287414361076.0,486918939275.0,379007558685.0,-342251507406.0,-198300712.0,-22369334440.0,-4909019019.0
DCF,2023,446877857704.0,726293200771.0,611228355791.0,-544067095612.0,-441236272.0,-34854121198.0,-34031495582.0
DCF,2024,484672369016.0,1041137089476.0,1326405070911.0,-1217276144832.0,-594949485.0,-52227255869.0,-8914786699.0
DCF,2025,651004400450.0,1685829401598.0,1969711686292.0,-1812063543335.0,-1483317986.0,-60678677439.0,-17413113548.0
DCL,2018,805126642878.0,1730929127063.0,804179613967.0,-595819477877.0,-143884690203.0,-53723721023.0,-34510913496.0
DCL,2019,884422478980.0,1712471440846.0,752014228599.0,-564819880378.0,-128025670549.0,-46380964339.0,-37582151274.0
DCL,2020,970995498075.0,1800406954196.0,671246206966.0,-483608912606.0,-97995858008.0,-41737260884.0,-33263749041.0
DCL,2021,1021670135119.0,1781028068118.0,703634340577.0,-493482286596.0,-74481402601.0,-48889799085.0,-31510829843.0
DCL,2022,1391657364152.0,2105322887503.0,1015685512758.0,-733585167845.0,-104006556577.0,-49808561587.0,-36283010813.0
DCL,2023,1450791728528.0,2277459686188.0,1143946300244.0,-934032409930.0,-87867999033.0,-51320009991.0,-29170083104.0
DCL,2024,1503192998882.0,2424145751708.0,1306797442020.0,-1102093457343.0,-90926780238.0,-53947000700.0,-25386683521.0
DCL,2025,1521284201279.0,2426658881255.0,1321589112265.0,-1117345298157.0,-80553865161.0,-65204542290.0,-49128551992.0
DCM,2018,6268872250899.0,11030586388032.0,6689328536776.0,-5252270494230.0,-336114695573.0,-320103363112.0,-142052771852.0
DCM,2019,6106327250079.0,10172594752746.0,7042966930117.0,-6083774733267.0,-364058697253.0,-201319201758.0,-87172530234.0
DCM,2020,6326447669948.0,8717480691611.0,7561275100418.0,-6244427300529.0,-369000315151.0,-304406663012.0,-43301059166.0
DCM,2021,7478097275386.0,11072121334925.0,9869762904637.0,-7088825980325.0,-420401252844.0,-528491737615.0,-18580201013.0
DCM,2022,10605448816520.0,14166860720016.0,15924526874399.0,-10221097432231.0,-698294873644.0,-652594258961.0,-10274784277.0
DCM,2023,9963383234158.0,15237966427299.0,12570542089828.0,-10538742407968.0,-800631458171.0,-548556889165.0,-10155714106.0
DCM,2024,10177176600982.0,15728847338145.0,13455585149640.0,-10942100894031.0,-1014369800748.0,-481047001909.0,-44380805249.0
DCM,2025,10794362396761.0,17643638367886.0,16630930288830.0,-12582272851807.0,-1175971610853.0,-967950624433.0,-70405254339.0
DCV,2018,280544443026.0,314802698477.0,128754428021.0,0.0,0.0,-86355580469.0,0.0
DCV,2019,286061334762.0,309189047061.0,92291195197.0,0.0,0.0,-85243611766.0,0.0
DCV,2020,310345618258.0,329571811513.0,90571658131.0,0.0,0.0,-70898673152.0,0.0
DCV,2021,724789575451.0,951371722569.0,877751966089.0,0.0,0.0,-463858882781.0,0.0
DCV,2022,808468386901.0,948056486949.0,1107834760253.0,0.0,0.0,-562823469069.0,0.0
DCV,2023,822137867361.0,1026536592471.0,1017167909020.0,0.0,0.0,-684712404112.0,0.0
DCV,2024,805945022635.0,1075434089641.0,1060814153979.0,0.0,0.0,-911897024341.0,0.0
DCV,2025,777450102284.0,1028429779824.0,1075083947514.0,0.0,0.0,-884664746004.0,0.0
DGC,2018,3165423489581.0,4729996393941.0,6090140212019.0,-4727807758080.0,-341857107384.0,-81391231497.0,-25578448873.0
DGC,2019,3451559398450.0,4721856571378.0,5090618453644.0,-4084186279080.0,-313807907183.0,-100738050521.0,-28259935127.0
DGC,2020,4067430898730.0,5876149771888.0,6236479389383.0,-4757294297235.0,-388042567303.0,-104602329448.0,-19822090403.0
DGC,2021,6332002101510.0,8520393116371.0,9550386235749.0,-6368029470264.0,-503818242221.0,-136602168446.0,-13663632336.0
DGC,2022,10833653939038.0,13405182747367.0,14444110660905.0,-7693758504930.0,-600386940046.0,-151827512501.0,-17597975233.0
DGC,2023,12037332805416.0,15600514164686.0,9748014757873.0,-6310953256548.0,-435691263950.0,-145403264996.0,-31946744275.0
DGC,2024,13701016300127.0,15821258623564.0,9864969760473.0,-6415482365842.0,-447124707178.0,-170651068755.0,-21654372047.0
DGC,2025,15370814344319.0,19538123404072.0,11262381399948.0,-7740121092780.0,-385375771383.0,-176870633803.0,-40759945619.0
DGW,2018,766479479821.0,2223336113606.0,5937370646801.0,-5568464365609.0,-134531147963.0,-91237772756.0,-32134890085.0
DGW,2019,924848413018.0,2405055202067.0,8488068610115.0,-7939942178839.0,-248282992922.0,-100526980788.0,-47582349664.0
DGW,2020,1158586293766.0,3068747129430.0,12535637837430.0,-11732855520719.0,-434359274700.0,-90216582365.0,-27018043416.0
DGW,2021,1781284667382.0,6544822568016.0,20922813468779.0,-19414819300276.0,-708282903403.0,-113703929084.0,-31886522705.0
DGW,2022,2423281733277.0,6355421123548.0,22028134929534.0,-20365038536063.0,-722407497398.0,-135818669800.0,-94462125254.0
DGW,2023,2626850436290.0,7459032967112.0,18817475347721.0,-17257979824162.0,-943855496764.0,-198420426467.0,-122212057838.0
DGW,2024,3011998769288.0,8499324394371.0,22078832142166.0,-20023348736267.0,-1284703148478.0,-244263029014.0,-96102142900.0
DGW,2025,3472366359545.0,11259354886919.0,26631545770247.0,-24320550712820.0,-1368530734060.0,-224313930431.0,-138276822812.0
DHC,2018,841964938209.0,1812236953790.0,926653704464.0,-722034204484.0,-26367617096.0,-14339414308.0,-11279446826.0
DHC,2019,1118336203048.0,2113277764659.0,1429886106551.0,-1126524279929.0,-49009092405.0,-19778850170.0,-29931705195.0
DHC,2020,1394944316463.0,2284329017296.0,2887570524189.0,-2339353334338.0,-87998170475.0,-23754855757.0,-38736882563.0
DHC,2021,1697095726320.0,2401267067536.0,4164330534553.0,-3491679314664.0,-120440937631.0,-41692957953.0,-15763593086.0
DHC,2022,1751355602625.0,2882483173364.0,3934726759456.0,-3323855691165.0,-119423890402.0,-38049892173.0,-19111142447.0
DHC,2023,1851904199676.0,2915097525252.0,3258908541602.0,-2755379718199.0,-108078537833.0,-37809201984.0,-33205155630.0
DHC,2024,2003079436113.0,3244657641103.0,3596507144729.0,-3170476832202.0,-112803009661.0,-39651125697.0,-22885715787.0
DHC,2025,2211242386880.0,3579098394545.0,3631039418696.0,-3043637017374.0,-123029454669.0,-40501206156.0,-33529232355.0
DHG,2018,3144262109231.0,4205964486794.0,3882128209711.0,-2165405025080.0,-724884959648.0,-285637232611.0,-28523706808.0
DHG,2019,3377551482197.0,4146818721257.0,3896753829224.0,-2184461607643.0,-687045221994.0,-333829908766.0,-22715202068.0
DHG,2020,3568039364356.0,4447503471370.0,3755619311324.0,-1944243042082.0,-699298275858.0,-302861761740.0,-14029596510.0
DHG,2021,3793143627133.0,4617666192702.0,4003170417099.0,-2082259824914.0,-802955208315.0,-257171743291.0,-12080103631.0
DHG,2022,4291536903457.0,5168186502845.0,4676016007827.0,-2418521064699.0,-913204497923.0,-268212758590.0,-12558694966.0
DHG,2023,4852934674270.0,6110474220572.0,5015395040721.0,-2671849997386.0,-978424470755.0,-312839173012.0,-29529505062.0
DHG,2024,4094755097969.0,5959243276265.0,4884867655092.0,-2747101521942.0,-904667099165.0,-312823418686.0,-24810529888.0
DHG,2025,4137265175952.0,5173881628997.0,5266962684050.0,-2760593928931.0,-1157316021444.0,-396384204006.0,-25635277644.0
DHT,2018,275999654375.0,639124127910.0,1705344941651.0,-1464033579166.0,-81779767034.0,-71068005277.0,-12863068845.0
DHT,2019,312146627850.0,738220433620.0,2042235322970.0,-1790834772019.0,-86870321168.0,-66370986735.0,-14672444516.0
DHT,2020,349612865794.0,920046195505.0,2006475169542.0,-1767422172628.0,-55395213547.0,-74237448035.0,-13323351965.0
DHT,2021,753345269369.0,1237590720142.0,1609364009859.0,-1455341542511.0,-25876254960.0,-66076396117.0,-13993022062.0
DHT,2022,798840658956.0,1469502270857.0,1837394604644.0,-1650138175756.0,-23611608588.0,-61194688833.0,-14303549138.0
DHT,2023,1067149945062.0,1838264228175.0,1999303667555.0,-1795972302356.0,-27171762848.0,-76943526555.0,-20099340372.0
DHT,2024,1056760321717.0,1926305253006.0,2086352824613.0,-1866534425409.0,-30073124462.0,-113232711497.0,-13449114864.0
DHT,2025,1111200644324.0,1931917272419.0,2402040192259.0,-2192851071656.0,-36607550186.0,-131870702998.0,-13056306308.0
DMC,2018,1129539832173.0,1465088856531.0,1385088491457.0,-896095666781.0,-138614539773.0,-86454724444.0,-203968772.0
DMC,2019,1252268689579.0,1533052514092.0,1468390309691.0,-975656507824.0,-145891689430.0,-79894674347.0,-1159333999.0
DMC,2020,1315371768862.0,1463982459092.0,1451953785551.0,-1013487938481.0,-153381251974.0,-81909040607.0,-374528767.0
DMC,2021,1366031454554.0,1621851432988.0,1498394846590.0,-1096779308875.0,-144898379173.0,-70312214024.0,0.0
DMC,2022,1459510464239.0,1837977136422.0,1592726748003.0,-1139838059083.0,-146216724157.0,-72188363768.0,0.0
DMC,2023,1520513183664.0,1849165632140.0,1719031822018.0,-1346931240310.0,-113670541095.0,-74986552020.0,0.0
DMC,2024,1612567902687.0,1840613593755.0,1899426872221.0,-1481946549656.0,-113723949053.0,-77727968859.0,0.0
DMC,2025,1688240973131.0,1915798054623.0,2067317410616.0,-1658209047767.0,-108984973461.0,-79323359185.0,-92688396.0
DMX,2023,18553585281533.0,46427544502056.0,86822142993475.0,-72403597338351.0,-12106242047179.0,-933421452736.0,-1079340781938.0
DMX,2024,19516417224399.0,49472143167469.0,93356607723985.0,-76267199511301.0,-10476983983071.0,-2456442534973.0,-698026126670.0
DMX,2025,17800571610507.0,56916237866410.0,109479188452846.0,-89992477524267.0,-9960990653627.0,-3179187654912.0,-970038874515.0
DNH,2018,5842398054397.0,9061225894359.0,2398560602153.0,-789098811425.0,0.0,-58754767277.0,-48941728266.0
DNH,2019,6189968900896.0,9231703052289.0,2195242396344.0,-843171721613.0,0.0,-59771753817.0,-55082600412.0
DNH,2020,5800045856555.0,8351971628145.0,1686110693140.0,-841814187724.0,0.0,-56507318013.0,-79749834629.0
DNH,2021,6506785014050.0,8958686801437.0,2475118748288.0,-941619808110.0,0.0,-73485496007.0,-62434528611.0
DNH,2022,6492878041255.0,8611125763291.0,2752653519158.0,-995874575613.0,0.0,-90197654079.0,-64139997242.0
DNH,2023,5283139117229.0,8019129829052.0,2372957441096.0,-1004463840352.0,0.0,-89156961632.0,-58729852906.0
DNH,2024,5265267361868.0,7477760666420.0,2080599352666.0,-993655561349.0,0.0,-78383273196.0,-45823836942.0
DNH,2025,5178591236309.0,7423241352652.0,2284689908294.0,-1081410232297.0,0.0,-73369644247.0,-41558868236.0
DNL,2018,52537353314.0,71279121992.0,66864823049.0,-47222278991.0,0.0,-10882169543.0,-466812729.0
DNL,2019,55937470985.0,73630771975.0,102859775662.0,-69387408354.0,0.0,-20476465568.0,-615260976.0
DNL,2020,57785207435.0,80412384273.0,130776404687.0,-99676409356.0,0.0,-20105759814.0,-450714264.0
DNL,2021,59853285286.0,83500654147.0,217879473134.0,-184056028072.0,0.0,-22080909486.0,-337948371.0
DNL,2022,58035493128.0,79462096607.0,189851084318.0,-161320654565.0,0.0,-22944125169.0,-223075709.0
DNL,2023,59638068176.0,78736590305.0,217409401278.0,-184536472333.0,0.0,-23910325175.0,-552417918.0
DNL,2024,61109333855.0,89147016322.0,232147017453.0,-193552302300.0,0.0,-31158813227.0,-571889276.0
DNL,2025,65017445191.0,108207912565.0,214418388153.0,-175293865192.0,0.0,-27996733411.0,-654496367.0
DNW,2018,1362058589541.0,3778158905142.0,1011370317782.0,-642047102780.0,-91665666429.0,-61000855038.0,-60032562236.0
DNW,2019,1443784382772.0,3677406993455.0,1072288548818.0,-668747912722.0,-69530690532.0,-64210346496.0,-78231093175.0
DNW,2020,1492002966549.0,3549473341424.0,1115639525420.0,-667886576723.0,-65033574831.0,-61960842729.0,-68431454795.0
DNW,2021,2043982305704.0,3770627032362.0,1155791380108.0,-699335700058.0,-65699974682.0,-62355070919.0,-44481599712.0
DNW,2022,2199046683371.0,3535571333593.0,1216614972251.0,-776510993175.0,-68303989402.0,-66583115974.0,-37485609881.0
DNW,2023,2291549349793.0,3529822378765.0,1196174227615.0,-748329768132.0,-65081312073.0,-68578025394.0,-28354184906.0
DNW,2024,2445793237446.0,3523436241885.0,1282996622921.0,-790538443811.0,-70838885330.0,-80848113958.0,-29458328179.0
DNW,2025,2484418331276.0,3442157722650.0,1309241279689.0,-823345327048.0,-75533151230.0,-77930076524.0,-27177843154.0
DPG,2018,1036088782422.0,4647161934325.0,1572626987410.0,-1220434075004.0,0.0,-58359304441.0,-129200655186.0
DPG,2019,1236667191640.0,5084249063654.0,1973182830498.0,-1411722745827.0,-36399325798.0,-63039668862.0,-211331030803.0
DPG,2020,1406333475384.0,4820437427949.0,2118335540207.0,-1524079432151.0,-72074897906.0,-61283495658.0,-192559677468.0
DPG,2021,1781844892014.0,5950725075703.0,2545455736494.0,-1670366356209.0,-166689469264.0,-61926549088.0,-166070016642.0
DPG,2022,2206810770547.0,6138985381151.0,3319477249236.0,-2398467125688.0,-99951682011.0,-90496134744.0,-181070575358.0
DPG,2023,2349865872330.0,6689450921725.0,3450139573539.0,-2865193333270.0,-9831759665.0,-84716421626.0,-181379090447.0
DPG,2024,2612536834392.0,6418594868132.0,3577535172372.0,-3030788007008.0,-1728069412.0,-95198383107.0,-113018336516.0
DPG,2025,2924532806540.0,8127916614037.0,4483983693366.0,-3806406745660.0,-10433926363.0,-87586805655.0,-116270914765.0
DPP,2018,42499552254.0,91734953130.0,253240198788.0,-232307706681.0,-7421596556.0,-6881737678.0,-539396384.0
DPP,2019,43910657673.0,88831966227.0,279311043669.0,-258426318849.0,-7566765868.0,-6911117616.0,-319892721.0
DPP,2020,45176397609.0,84632232657.0,328775094890.0,-307641333142.0,-6512783604.0,-7053660831.0,-473755834.0
DPP,2021,46226543769.0,93310051110.0,329877606132.0,-307651096275.0,-6879523105.0,-7337814918.0,-415490454.0
DPP,2022,49382154256.0,119368016262.0,408472041270.0,-376769518947.0,-10924421250.0,-9648965415.0,-651569512.0
DPP,2023,52712896093.0,95665035199.0,322872351649.0,-295598298287.0,-8185395961.0,-8419413166.0,-708298743.0
DPP,2024,56696801958.0,118932412963.0,441545218960.0,-413933795008.0,-9065810518.0,-8553285815.0,-201122627.0
DPP,2025,61756277318.0,132534329645.0,419130050214.0,-384029916219.0,-11382967032.0,-8905980106.0,-8084108.0
DPR,2018,2445464750864.0,3659585966971.0,1030050811924.0,-685179592014.0,-16193621013.0,-87237744199.0,-9660481458.0
DPR,2019,2277858418077.0,3737256563655.0,1033078838618.0,-762643927813.0,-19411163034.0,-81561485357.0,-18173462191.0
DPR,2020,2325049584222.0,3775373173223.0,1137598059314.0,-817653058668.0,-19322999825.0,-91544469309.0,-14314552756.0
DPR,2021,2742552593177.0,4032489894814.0,1216841125268.0,-786532015939.0,-32850338103.0,-85666204569.0,-4985930163.0
DPR,2022,2968335716245.0,4198949704824.0,1210731831577.0,-843545850393.0,-26842981825.0,-95332797276.0,-956705419.0
DPR,2023,3054338181657.0,4258257438099.0,1041122401105.0,-766697449738.0,-22057210239.0,-94235246278.0,0.0
DPR,2024,3234975168902.0,4488156217220.0,1224455210843.0,-834797705801.0,-20101086432.0,-139738536359.0,0.0
DPR,2025,3375338043466.0,4752318413852.0,1188005116810.0,-725996456825.0,-14311422913.0,-174205743165.0,0.0
DSN,2018,245753784998.0,263961073928.0,216600773065.0,-75807775655.0,-15472085814.0,-17868131452.0,0.0
DSN,2019,248090811393.0,276032880458.0,219461394678.0,-84322261407.0,-14182128990.0,-17476392090.0,0.0
DSN,2020,206111036674.0,224221856297.0,84264784491.0,-33210465520.0,-6966895696.0,-10663674237.0,-101134000.0
DSN,2021,182958380732.0,200709067361.0,25241829147.0,-26823434857.0,-2197801038.0,-8663181294.0,-322699424.0
DSN,2022,250798334536.0,283335900734.0,232177817247.0,-80412109756.0,-8384433100.0,-21033160156.0,0.0
DSN,2023,316887911449.0,346507718794.0,248913835012.0,-93257017357.0,-12491442418.0,-23375919525.0,0.0
DSN,2024,316249857356.0,374158399169.0,217636663313.0,-85619542543.0,-13637256105.0,-19801310206.0,0.0
DSN,2025,355371899314.0,382867235146.0,181495448064.0,-78278533227.0,-12564261992.0,-18082368762.0,0.0
DVP,2018,1066014897537.0,1167812429793.0,638724759216.0,-321584286531.0,0.0,-68147243210.0,-410824902.0
DVP,2019,1171146144816.0,1278622401224.0,559892262521.0,-274561547584.0,0.0,-65608023812.0,0.0
DVP,2020,1283326615624.0,1396134734159.0,518185456529.0,-268769035998.0,0.0,-50708036683.0,0.0
DVP,2021,1372953415323.0,1499394833162.0,608576114303.0,-289207385525.0,0.0,-60652922203.0,0.0
DVP,2022,1382833770066.0,1497818985518.0,584923614755.0,-274417319276.0,0.0,-62610868380.0,0.0
DVP,2023,1376012877903.0,1635776002494.0,549212097848.0,-321626728199.0,0.0,-69812520556.0,0.0
DVP,2024,1488937699913.0,1639149377286.0,694341855567.0,-367428859624.0,0.0,-77687518910.0,0.0
DVP,2025,1465622406764.0,1562924732203.0,587227158118.0,-253364851398.0,-461552000.0,-59270852961.0,0.0
DVW,2018,43249910448.0,85842524118.0,124361137104.0,-92837578381.0,-3126576723.0,-12907739249.0,-2138804000.0
DVW,2019,41949246025.0,77940447149.0,63448048745.0,-44523481672.0,-3311212784.0,-6523800832.0,-1746163000.0
DVW,2020,41412620963.0,74927614671.0,47447099251.0,-30233321482.0,-4054578367.0,-6913548850.0,-1357539000.0
DVW,2021,45783371708.0,72787742100.0,57636385599.0,-38776262025.0,-3380330678.0,-6535025987.0,-958395000.0
DVW,2022,50661959773.0,67524096210.0,50471547817.0,-29092206764.0,-3676935880.0,-6922941296.0,-566381000.0
DVW,2023,51159510175.0,64954897973.0,44303444241.0,-24084194387.0,-3330835942.0,-7747308542.0,-340470000.0
DVW,2024,54754919004.0,66933851443.0,44432135499.0,-23504679459.0,-3789180966.0,-7185681363.0,-209821000.0
DVW,2025,55493627451.0,65241700655.0,44823013836.0,-23700341663.0,-4084064288.0,-7555905641.0,-77372000.0
FCC,2018,34303954639.0,45273900683.0,20248661348.0,-15762081589.0,-1356124071.0,-9214846964.0,0.0
FCC,2019,25982322076.0,35252055490.0,13305389111.0,-12341841863.0,-948658869.0,-8809826190.0,0.0
FCC,2020,6846220723.0,17046096732.0,6317082053.0,-7439927733.0,-574421007.0,-18888377592.0,0.0
FCC,2021,6156514391.0,19584218041.0,2623041631.0,-512168281.0,0.0,-6202426886.0,0.0
FCC,2022,8531344398.0,16368448939.0,5094313956.0,-2639900388.0,0.0,-3891850232.0,0.0
FCC,2023,9067973159.0,16382591475.0,7785780621.0,-3814609434.0,0.0,-3754960288.0,0.0
FCC,2024,13214026415.0,16205232423.0,8017042195.0,-3868444961.0,0.0,-4334153195.0,0.0
FCC,2025,14022415774.0,16142928702.0,8989629139.0,-4986008247.0,0.0,-3412264181.0,0.0
FMC,2018,688938909726.0,1495244008492.0,3806660139644.0,-3411980036822.0,-101363997617.0,-76601923733.0,-23168961229.0
FMC,2019,938757836082.0,1520838873314.0,3709591131777.0,-3284871133485.0,-118076216666.0,-69135355017.0,-16715838481.0
FMC,2020,1081147139720.0,1711161558903.0,4415217188735.0,-3985521697749.0,-146544353997.0,-57710537637.0,-13928784662.0
FMC,2021,1976754802851.0,2699782947940.0,5199104853990.0,-4669821259341.0,-197034411564.0,-67321304029.0,-14458382847.0
FMC,2022,2116061524214.0,2988806966543.0,5701563661676.0,-5075987793830.0,-226193552007.0,-92525769842.0,-17254552400.0
FMC,2023,2234140547837.0,3356184076994.0,5087392999915.0,-4594468806420.0,-121784059524.0,-78979856518.0,-28215238714.0
FMC,2024,2465903411968.0,3774888902983.0,6912623489158.0,-6160943040573.0,-297000179598.0,-91457807651.0,-23192064018.0
FMC,2025,2614649981044.0,4835153987644.0,8185250731730.0,-7212047418042.0,-556897192409.0,-93532431805.0,-51097396540.0
FOC,2018,827939867178.0,1102815437674.0,537841218485.0,-117661566636.0,-42999331855.0,-113387759317.0,0.0
FOC,2019,713468992690.0,1023232641155.0,608916223869.0,-160748759847.0,-53832291958.0,-122161920887.0,0.0
FOC,2020,819592546962.0,1130173823527.0,599151124915.0,-208215998674.0,-120828744248.0,-57841587761.0,0.0
FOC,2021,645705017002.0,921668046417.0,607737801320.0,-187222668700.0,-94096591274.0,-66086188360.0,0.0
FOC,2022,721012770374.0,960318795082.0,775428659183.0,-309160143162.0,-106358763817.0,-84840004830.0,0.0
FOC,2023,730948307177.0,905385408757.0,619958476388.0,-352180807243.0,-80000573800.0,-92222440190.0,0.0
FOC,2024,813653770162.0,979247955307.0,704503127877.0,-385211844156.0,-90405103175.0,-97726894761.0,0.0
FOC,2025,770617798774.0,970065623279.0,804839665235.0,-406770948808.0,-125304293692.0,-117141495362.0,0.0
FOX,2018,4121227047655.0,11723840565418.0,8821523141933.0,-4603932001163.0,-959987030807.0,-1868791044372.0,-133046974598.0
FOX,2019,5022700168766.0,13330954554552.0,10398426757109.0,-5342392704451.0,-1138256795689.0,-2166671769608.0,-210056968511.0
FOX,2020,5078255710710.0,16080968978880.0,11466154214602.0,-5741082917095.0,-1493198318513.0,-2266716371805.0,-242652884344.0
FOX,2021,6288998300713.0,21049408166376.0,12686416250461.0,-6598135450543.0,-1884539198503.0,-2009848282131.0,-220614607102.0
FOX,2022,7919702234488.0,18425563615225.0,14729648939580.0,-7502502446129.0,-2185337286613.0,-2500738333981.0,-335197364380.0
FOX,2023,9073764532249.0,20140549682295.0,15805810650783.0,-8540916802902.0,-2329670928548.0,-2269854437776.0,-445048629628.0
FOX,2024,10646264236508.0,23768325325642.0,17610400252637.0,-9294623536001.0,-2856882910299.0,-2150592972594.0,-295513005046.0
FOX,2025,11230784642099.0,26104774744853.0,19506715309156.0,-9796896846035.0,-3501069545688.0,-2291156681409.0,-346676040573.0
FPT,2018,14774970765111.0,29757067149568.0,23213536857725.0,-14490657872236.0,-2047833577540.0,-3553288111032.0,-238344431747.0
FPT,2019,16799289401006.0,33394164263694.0,27716960152275.0,-17004910529153.0,-2345957646507.0,-4219254770652.0,-358987537452.0
FPT,2020,18605667400728.0,41734323235194.0,29830400526824.0,-18016743052097.0,-2713561338553.0,-4495366457586.0,-385337754896.0
FPT,2021,21417985230037.0,53697940895875.0,35657262545027.0,-22025298308249.0,-3604610784981.0,-4612325935574.0,-483995846804.0
FPT,2022,25356124687812.0,51650403735130.0,44009527680911.0,-26842249039713.0,-4526440691815.0,-5846280653514.0,-645725556308.0
FPT,2023,29933011216233.0,60282827532899.0,52617900827385.0,-32298347382703.0,-5242551906960.0,-6625373638359.0,-832648611261.0
FPT,2024,35727540104800.0,71999995678620.0,62848794351367.0,-39150445981451.0,-6115961971783.0,-7074038614774.0,-551639361786.0
FPT,2025,43748040747539.0,88141991634625.0,70112825100710.0,-44224295588297.0,-7562660640454.0,-7337325397804.0,-809759601156.0
FRC,2018,58352475480.0,116202903852.0,193536095452.0,-145833783699.0,-8136324080.0,-23466057356.0,-1621744719.0
FRC,2019,74365470753.0,167526572804.0,197921407699.0,-149694685845.0,-8312151103.0,-19133085474.0,-784727458.0
FRC,2020,96010715471.0,219481080242.0,264031522131.0,-199918322746.0,-10477861635.0,-26079957546.0,-2265241793.0
FRC,2021,128989377480.0,291688188694.0,336017797863.0,-244959043460.0,-12992967132.0,-35566846589.0,-2269037390.0
FRC,2022,147343089675.0,304924961443.0,229211783849.0,-167897439585.0,-10800891932.0,-22473274089.0,-3511858702.0
FRC,2023,147709146748.0,223138722413.0,150089936813.0,-120900143328.0,-8799021029.0,-23128891091.0,-4501871331.0
FRC,2024,162672230655.0,260404111841.0,140099328067.0,-114265731640.0,-7634542626.0,-7163579431.0,-956899177.0
FRC,2025,169498880582.0,326565547810.0,119223292952.0,-91498694079.0,-8561579384.0,-13568980330.0,-3024940719.0
FRT,2018,1158767132623.0,5167669414965.0,15298334565898.0,-13254725142547.0,-1296274813568.0,-286839549948.0,-95670507863.0
FRT,2019,1279363319277.0,6593773034422.0,16633959747163.0,-14522902581026.0,-1419309973054.0,-349010009416.0,-135183263352.0
FRT,2020,1225129904764.0,5387577886028.0,14661417032222.0,-12620414733505.0,-1565736555190.0,-397884049877.0,-113682404790.0
FRT,2021,1679274238761.0,10820339800918.0,22494961408082.0,-19343448146483.0,-2071124789339.0,-585528444388.0,-132229176761.0
FRT,2022,2049335540169.0,10523796935046.0,30165800756670.0,-25462623377413.0,-3259297597681.0,-887338884656.0,-231527904809.0
FRT,2023,1719170578157.0,13098449902604.0,31849649616720.0,-26688006159054.0,-4169668799072.0,-1076478805719.0,-284917373606.0
FRT,2024,2119813714328.0,15832550399101.0,40104492531184.0,-32521431587237.0,-5527210989725.0,-1365833850070.0,-253428831252.0
FRT,2025,5139070693233.0,23714236170376.0,51082868444768.0,-41073163986683.0,-7018206246026.0,-1677744619772.0,-388595922369.0
GAS,2018,46867125112614.0,62614420245293.0,75611546239412.0,-58120227682208.0,-2638679383447.0,-1127931765213.0,-440018194452.0
GAS,2019,49614531357631.0,62178787389634.0,75005297175406.0,-58086688538104.0,-2394374579372.0,-875266258698.0,-197609807262.0
GAS,2020,49499680985454.0,63208401030103.0,64134965486838.0,-52728949502327.0,-1943004886832.0,-769205023620.0,-101218192497.0
GAS,2021,52192730675130.0,78768074688564.0,78992156122272.0,-65006501143931.0,-2132583045802.0,-1479072397239.0,-304138743377.0
GAS,2022,61173563555141.0,82662652366363.0,100723549227433.0,-79409012569544.0,-2440389587646.0,-1074753539576.0,-336861023097.0
GAS,2023,65298620274393.0,87754455330448.0,89953906513325.0,-73028985057627.0,-2543871863091.0,-1474856883595.0,-339976056558.0
GAS,2024,61570995265630.0,81854881408158.0,103564126562888.0,-85909769124140.0,-2415289067133.0,-3197034309940.0,-318596953375.0
GAS,2025,67653389117937.0,93568198109790.0,135129055328395.0,-118078501968730.0,-2602003953433.0,-1324034343451.0,-216056324707.0
GEE,2021,5987393092936.0,23123789280402.0,18714205861145.0,-16884083731929.0,-360858347287.0,-387450215643.0,-516390762541.0
GEE,2022,6003443439284.0,17419623160026.0,16664672537614.0,-14550681716128.0,-348744839303.0,-408238567370.0,-716192111956.0
GEE,2023,5951879834915.0,13722932430964.0,16607268526513.0,-14581337221301.0,-327729790359.0,-420242788855.0,-575944738472.0
GEE,2024,6953437285925.0,12903267306413.0,21129621819327.0,-18065660920766.0,-410091473654.0,-457243436130.0,-269291875033.0
GEE,2025,8397054827274.0,16345960484828.0,25463150540154.0,-21352367879327.0,-501230714277.0,-672777027693.0,-230634956227.0
GEL,2022,15849884283673.0,32723499736263.0,15354257274111.0,-11071630554463.0,-936909644517.0,-1157465148436.0,-415582251820.0
GEL,2023,15899469418053.0,37800143316079.0,14137115160211.0,-10308132000226.0,-812836343717.0,-1016417574823.0,-618753393434.0
GEL,2024,16686510381474.0,35575805256389.0,12712651643719.0,-9030388816421.0,-862277674233.0,-1045173257393.0,-565346268731.0
GEL,2025,18962402014171.0,46925725835474.0,14301759484703.0,-9974461048759.0,-920872183238.0,-1113468837914.0,-612205710734.0
GMD,2018,6528982446537.0,9984063244119.0,2707556390735.0,-1739451058619.0,-102006248164.0,-320526194092.0,-128796150372.0
GMD,2019,6567256865622.0,10119906897002.0,2642913926204.0,-1630141018915.0,-137995085033.0,-330636183944.0,-145399814157.0
GMD,2020,6594929258004.0,9834544207268.0,2605666369829.0,-1656081835186.0,-137355616968.0,-341473916467.0,-146594706568.0
GMD,2021,7044618371909.0,10731211063284.0,3206290165333.0,-2064489230639.0,-154146091638.0,-294784653891.0,-119252955378.0
GMD,2022,7947756019956.0,13030653009572.0,3898243608570.0,-2180183031483.0,-142172449496.0,-524441250459.0,-130756997659.0
GMD,2023,9732374052019.0,13546025168428.0,3845826296568.0,-2067811109265.0,-109543154417.0,-551943343263.0,-134993138662.0
GMD,2024,13771926002556.0,17997853312717.0,4832024798961.0,-2696544401941.0,-247200313981.0,-574838485710.0,-139487501839.0
GMD,2025,14918254153163.0,19826401375577.0,5956025297015.0,-3216552758085.0,-481965603944.0,-610544456639.0,-112580748513.0
GND,2018,234634397720.0,318795056490.0,398186821440.0,-288063752705.0,-23406011879.0,-31009704061.0,-998820042.0
GND,2019,271405511556.0,371346173096.0,389104876981.0,-283656606257.0,-23934675456.0,-29847560315.0,-851611090.0
GND,2020,301102643379.0,398652317143.0,364817310411.0,-247040690456.0,-23338144257.0,-31403891955.0,-1043468944.0
GND,2021,309480384892.0,425193789378.0,307201867196.0,-216558950996.0,-21287574011.0,-28803601546.0,-1374897220.0
GND,2022,334072599920.0,446573773977.0,370118845775.0,-258738563272.0,-21901650410.0,-21721997359.0,-1401605173.0
GND,2023,345209857900.0,454380913460.0,247439182795.0,-182036638256.0,-18192576757.0,-19524939837.0,-2178909230.0
GND,2024,344633658203.0,437619654017.0,255204228723.0,-196702716403.0,-19941212978.0,-21719603816.0,-936282378.0
GND,2025,351514808355.0,460019600437.0,270854333661.0,-200241638272.0,-19284557403.0,-28988341516.0,-1996998005.0
GTD,2018,59727511995.0,151719538847.0,174282555775.0,-158009578395.0,-3193954719.0,-27947331160.0,-2216984028.0
GTD,2019,58677407491.0,143348520776.0,165847759493.0,-146190849980.0,-2949010336.0,-28236398548.0,-1626287295.0
GTD,2020,44946196605.0,109919352107.0,104113916214.0,-95788870749.0,-873974640.0,-20550061062.0,-1386598733.0
GTD,2021,44172137277.0,108952973607.0,108556584775.0,-87094932861.0,-1135833791.0,-20708735925.0,-968235884.0
GTD,2022,44289492516.0,118499242946.0,108515128671.0,-83298857056.0,-1248818193.0,-22701554259.0,-1225905429.0
GTD,2023,39275715607.0,126850208955.0,80172235192.0,-63908569741.0,-459976993.0,-18329316740.0,-1610533054.0
GTD,2024,26310532601.0,120321270571.0,78778411231.0,-68512970835.0,-487824803.0,-19973782700.0,-1419030727.0
GTD,2025,-12424428203.0,75973627896.0,66388762565.0,-66003762398.0,-189576925.0,-34444473139.0,-1908179777.0
GVR,2018,49342460966745.0,77373195939536.0,19713297359174.0,-15198769205231.0,-465862330458.0,-1969935269033.0,-602605200195.0
GVR,2019,50596549810340.0,78517039939639.0,19803994640903.0,-15181007915080.0,-428985755430.0,-1629362325645.0,-661091404583.0
GVR,2020,51430652051301.0,80278179092452.0,21116314350816.0,-16517119117612.0,-442912025818.0,-1774060277264.0,-726129832902.0
GVR,2021,51940039448199.0,79014197735384.0,26189593001148.0,-18614304897718.0,-507093532539.0,-1681979286962.0,-607999588765.0
GVR,2022,53515557543466.0,78447873682328.0,25421401285123.0,-19031442351474.0,-592312872341.0,-1756840052036.0,-490848598668.0
GVR,2023,54977202916058.0,78062093620098.0,22138403152486.0,-17175504672774.0,-591451294471.0,-1864450111955.0,-477578421406.0
GVR,2024,58397162212108.0,83383682512004.0,26241944114845.0,-19276896067715.0,-554280177352.0,-2325102410148.0,-352905202449.0
GVR,2025,62201582701022.0,86282461490860.0,29078055684320.0,-20425399038398.0,-477291621028.0,-3209454785461.0,-240727726843.0
GVT,2018,119135734619.0,452198395131.0,1225098080598.0,-1107036310818.0,-24968396715.0,-25336591824.0,-17749997109.0
GVT,2019,166300107702.0,610279623516.0,1217676829203.0,-1045749286479.0,-26964051146.0,-25363503112.0,-25983061859.0
GVT,2020,309116479214.0,744200815738.0,1361978438178.0,-1108133116589.0,-27296297647.0,-28368764380.0,-19477398207.0
GVT,2021,469563642642.0,1029500567472.0,1989277222902.0,-1649492212668.0,-33991316134.0,-33099964633.0,-20762154746.0
GVT,2022,562217048469.0,1126589003421.0,2035082531475.0,-1758697480610.0,-35630008933.0,-34715412986.0,-24856104312.0
GVT,2023,564680183037.0,1111426445145.0,1643670778314.0,-1486341706086.0,-31926718594.0,-40070955132.0,-28398663091.0
GVT,2024,603856313970.0,1117301946600.0,1798106050426.0,-1572745616635.0,-32453342419.0,-39733381785.0,-17382320978.0
GVT,2025,759600942197.0,1096672600616.0,2020197599098.0,-1692728352447.0,-31892605401.0,-41219876616.0,-13628432459.0
HAH,2018,1218676244219.0,1655979508297.0,1054283124381.0,-834979388181.0,0.0,-61303048262.0,-7127084332.0
HAH,2019,1254682226880.0,1827544202998.0,1108933049361.0,-889647403512.0,0.0,-67209162972.0,-17035078178.0
HAH,2020,1335796613176.0,2094551278545.0,1191667202379.0,-952285475767.0,0.0,-67886331138.0,-23451710381.0
HAH,2021,1902029962417.0,3232345373971.0,1955301419313.0,-1241007563702.0,0.0,-85027576435.0,-32129730020.0
HAH,2022,2886920705454.0,5049419497076.0,3205610066164.0,-1783865288872.0,0.0,-113764933866.0,-57167219413.0
HAH,2023,3170745801683.0,5358949358065.0,2612689733658.0,-2001623877610.0,0.0,-125377657586.0,-73375911674.0
HAH,2024,3971692927731.0,7289524568993.0,3992094957163.0,-2725389313129.0,0.0,-210539354371.0,-101192550766.0
HAH,2025,5394802756510.0,8713614967858.0,5091077366754.0,-3126355955240.0,0.0,-147242539101.0,-131358274612.0
HDB,2018,16828140000000.0,216057406000000.0,,,,-4441456000000.0,
HDB,2019,20381116000000.0,229477262000000.0,,,,-5080492000000.0,
HDB,2020,24704048000000.0,319127480000000.0,,,,-6172829000000.0,
HDB,2021,30790113000000.0,374611571000000.0,,,,-6382768000000.0,
HDB,2022,38994886000000.0,416273023000000.0,,,,-8630709000000.0,
HDB,2023,46400322000000.0,602314859000000.0,,,,-9129202000000.0,
HDB,2024,56657261000000.0,697366458000000.0,,,,-11980755000000.0,
HDB,2025,78285522000000.0,931103945000000.0,,,,-11600987000000.0,
HHC,2018,392692575170.0,811903778807.0,982292925318.0,-748429064106.0,-129863743833.0,-51718333959.0,-15755163943.0
HHC,2019,431443518624.0,1149795657730.0,1048622573815.0,-816046411995.0,-133073032822.0,-50247605399.0,-23777176583.0
HHC,2020,468508911132.0,1188385991045.0,1408827824526.0,-1190252970660.0,-127594997377.0,-48005646364.0,-26777277296.0
HHC,2021,502366653007.0,1245542848018.0,930608567920.0,-787257011291.0,-110345254493.0,-47386481676.0,-25959522939.0
HHC,2022,552538934518.0,1244904103839.0,1454562802336.0,-1258883394087.0,-123511914564.0,-48051792875.0,-56431124247.0
HHC,2023,599475270785.0,1751128198532.0,866318760178.0,-690884502788.0,-87518278184.0,-46759573332.0,-46866276090.0
HHC,2024,641248144625.0,942348593039.0,772251053158.0,-602660072061.0,-101421734049.0,-45250456559.0,-46182872715.0
HHC,2025,664694763283.0,984220041347.0,699778485106.0,-543652924292.0,-93960102158.0,-35752019920.0,-9800959335.0
HLB,2018,128079785605.0,191596917485.0,424637667114.0,-327637111145.0,-36085750475.0,-9186776351.0,0.0
HLB,2019,139936481092.0,251671749473.0,585327283337.0,-452164309301.0,-53477538746.0,-9997334625.0,-240970069.0
HLB,2020,204776863412.0,354626251867.0,709800828404.0,-550334801540.0,-69509030046.0,-13785693367.0,-319784226.0
HLB,2021,280577938887.0,515904354810.0,980882019226.0,-786158391839.0,-76585783155.0,-20149000921.0,-226370968.0
HLB,2022,375198950279.0,517739314705.0,1369324471370.0,-1090605823294.0,-105864307933.0,-25334539883.0,-513373437.0
HLB,2023,439938613455.0,706700484306.0,1469617914356.0,-1190796597411.0,-120122097062.0,-27941335955.0,-401913695.0
HLB,2024,546904098846.0,862646111069.0,1572570445100.0,-1264792949583.0,-113218660597.0,-38677006982.0,-101960710.0
HLB,2025,668622486428.0,1067780491515.0,1834870451767.0,-1466377197675.0,-150863642255.0,-51485241356.0,-80931507.0
HNI,2018,259538271742.0,578230312356.0,1349745091165.0,-1167596646534.0,-14022968383.0,-53484771668.0,-640951231.0
HNI,2019,297989318122.0,624121544342.0,1193531678584.0,-1025141215425.0,-13466003230.0,-40419610637.0,-238209253.0
HNI,2020,362902446024.0,600545358047.0,900003373261.0,-739749874938.0,-12364258476.0,-25713456079.0,-999941526.0
HNI,2021,339278193240.0,538989718556.0,779282344289.0,-672601271921.0,-12844442697.0,-49288308356.0,-1106818072.0
HNI,2022,397957309968.0,641097221505.0,1128871678548.0,-945502277147.0,-15068429764.0,-59110316362.0,0.0
HNI,2023,419997103112.0,649681496210.0,869534864259.0,-726801257741.0,-14422650792.0,-52544669732.0,-175866262.0
HNI,2024,482057410590.0,758725727595.0,1182125636807.0,-983757880202.0,-22778871746.0,-58960473255.0,-157910181.0
HNI,2025,527318391580.0,828028754633.0,980292288149.0,-806980419397.0,-14248642025.0,-57470748324.0,-19330781.0
HPA,2022,3437887791937.0,5494788455690.0,6757914610760.0,-6308051231498.0,-179078784002.0,-131753421296.0,-88046372244.0
HPA,2023,3593338156170.0,5103242540807.0,6153456182794.0,-5609733698076.0,-174357362428.0,-127428110462.0,-65259285995.0
HPA,2024,3240000324683.0,4676230709727.0,6908573049994.0,-5446333780951.0,-187661851992.0,-157423087036.0,-42488833031.0
HPA,2025,3180071612403.0,4700316112784.0,8116006414736.0,-5984867444344.0,-193691543287.0,-168126653034.0,-60212004153.0
HPT,2018,100191557549.0,315164101574.0,787194350967.0,-670321790793.0,-70227991727.0,-28729613283.0,-6094326696.0
HPT,2019,105497576938.0,412906028573.0,832183581577.0,-697613482757.0,-80395964064.0,-36400828563.0,-5151304743.0
HPT,2020,106855980283.0,338305672237.0,792407264393.0,-660000362313.0,-88825889356.0,-33545547145.0,-4889105768.0
HPT,2021,117121150880.0,297613553497.0,807541420772.0,-662288385785.0,-102618615788.0,-36101994975.0,-4341576495.0
HPT,2022,128233787805.0,374207695299.0,1172503975187.0,-992218524132.0,-119366495058.0,-51115164304.0,-2910767676.0
HPT,2023,151294396037.0,400074178435.0,1156626517096.0,-925859540344.0,-147956607641.0,-51314961018.0,-2733548090.0
HPW,2018,970077404549.0,1706813272827.0,917846918707.0,-518183506696.0,-130492208904.0,-143532436692.0,-13265740523.0
HPW,2019,1023741882622.0,2534378566191.0,962070413219.0,-550413147283.0,-140022429402.0,-145251928863.0,-22492355025.0
HPW,2020,1042497292613.0,2591207651477.0,995935533734.0,-613817424649.0,-142948753660.0,-101438261885.0,-27515263251.0
HPW,2021,1052247186696.0,2357880388357.0,1023384338703.0,-657458801960.0,-144457480020.0,-94276240854.0,-26023537480.0
HPW,2022,1062765076752.0,2205102239716.0,1073035344764.0,-646126983172.0,-149791476909.0,-105593443986.0,-34366953428.0
HPW,2023,1071663055644.0,2086812380659.0,1131127206848.0,-680968776477.0,-152905048331.0,-108754126110.0,-60775543195.0
HPW,2024,1088386911194.0,2075727865394.0,1287784457723.0,-804259428164.0,-155866307731.0,-117419625975.0,-57466701350.0
HPW,2025,1147680203801.0,2094006665840.0,1388641551390.0,-860507799748.0,-168466816896.0,-124825661771.0,-47168823449.0
HRB,2018,127144760475.0,153769100596.0,39793499926.0,-4597796374.0,-1346513153.0,-13563243281.0,0.0
HRB,2019,128305401816.0,160225032274.0,40419945865.0,-4832826930.0,-1436534729.0,-14220776593.0,0.0
HRB,2020,131857629277.0,160817013065.0,39479748057.0,-4744692221.0,-1084793435.0,-14188585548.0,0.0
HRB,2021,133142304149.0,161331056894.0,40118425459.0,-4823714323.0,-849867421.0,-13037304396.0,0.0
HRB,2022,128923908136.0,162002570575.0,35942845008.0,-4377509008.0,-1705064362.0,-13600914720.0,0.0
HRB,2023,134234967739.0,164188802431.0,42471841604.0,-4523636924.0,-524167405.0,-15385250576.0,0.0
HRB,2024,133637523403.0,163153156816.0,43982908789.0,-4795737413.0,-721646397.0,-16718582738.0,0.0
HRB,2025,133547616315.0,168317457205.0,47304751997.0,-5110235117.0,-1502831043.0,-17089900002.0,0.0
HRC,2018,535849126439.0,840548897826.0,178260495640.0,-156309347762.0,-5059000275.0,-8085556916.0,-9110194495.0
HRC,2019,535852146787.0,1058627912750.0,161494005452.0,-153924131163.0,-4349407802.0,-9707672713.0,-14403751203.0
HRC,2020,537302278454.0,1063402197522.0,188513997292.0,-178998000441.0,-3825830403.0,-12301303229.0,-16769243531.0
HRC,2021,551040897805.0,847791272055.0,184909291311.0,-156006174669.0,-3198873416.0,-16749928678.0,-15518977549.0
HRC,2022,548162746588.0,810637689631.0,179203199069.0,-162213118040.0,-3345364811.0,-14335444926.0,-13958486428.0
HRC,2023,552144620689.0,818930190207.0,183174143323.0,-173758332334.0,-4132283840.0,-16419374049.0,-15498312066.0
HRC,2024,603185322024.0,845935227453.0,214268184543.0,-169053246162.0,-3299631591.0,-15439636551.0,-11953775277.0
HRC,2025,628330038751.0,858386337203.0,244145490491.0,-203877822350.0,-2736008882.0,-19647453862.0,-10555627364.0
HSA,2018,226834582743.0,241784875410.0,20000000.0,-12000000.0,0.0,-7450596528.0,-4984234012.0
HSA,2019,250525967820.0,271570306157.0,0.0,0.0,0.0,-1056119571.0,-1615485824.0
HSA,2020,255578222016.0,284145470090.0,0.0,0.0,0.0,-2246439606.0,-931116553.0
HSA,2021,285559652561.0,295393983921.0,0.0,0.0,0.0,-1372688173.0,0.0
HSA,2022,286283090483.0,287574891613.0,0.0,0.0,0.0,-796854371.0,0.0
HSA,2023,287479707890.0,287488292697.0,0.0,0.0,0.0,-706756670.0,0.0
HSA,2024,288578583219.0,288822743784.0,0.0,0.0,0.0,-2984880702.0,0.0
HSA,2025,202627761281.0,202705761281.0,0.0,0.0,0.0,-85946038641.0,0.0
IDC,2018,4183560739950.0,13864800202316.0,5119283778761.0,-4205083562993.0,-70877547866.0,-209747704829.0,-239521110918.0
IDC,2019,4232602915470.0,14315622203562.0,4928745525195.0,-4090630896335.0,-81329733807.0,-197473455309.0,-202144603821.0
IDC,2020,4389202196485.0,14622956584501.0,4541856148624.0,-3766979575324.0,-65378646368.0,-184484153907.0,-232262186049.0
IDC,2021,5028036534904.0,16075835137834.0,4301236491241.0,-3563801771641.0,-71383708291.0,-188898557141.0,-173228238197.0
IDC,2022,6127923195138.0,17013411433665.0,7485389751718.0,-4425566349653.0,-85871441181.0,-247956770707.0,-178612836703.0
IDC,2023,6204914527482.0,17720445591660.0,7237031762979.0,-4813899911209.0,-114958202090.0,-247396870177.0,-184925818782.0
IDC,2024,7207648151890.0,18800160505704.0,8846410510226.0,-5509150910457.0,-122640065753.0,-275142930631.0,-130327583405.0
IDC,2025,8263030891756.0,23201490679523.0,8588149771546.0,-5528143612263.0,-94936681163.0,-301202858982.0,-142471672836.0
IDP,2018,-153704152334.0,890415362382.0,1316949922540.0,-962814214632.0,-298439815971.0,-65042091561.0,-39700395494.0
IDP,2019,-40877890885.0,1160464535002.0,1861371377114.0,-1175203716659.0,-503078097746.0,-56616912816.0,-35175630971.0
IDP,2020,792711427110.0,2161949226277.0,3835969807471.0,-2263165127502.0,-965040872247.0,-83061586404.0,-20400366475.0
IDP,2021,1320794394176.0,2965969622926.0,4827085413689.0,-2744021307020.0,-989177057587.0,-102577625839.0,-19765095933.0
IDP,2022,1807177534360.0,3840138859581.0,6086460009894.0,-3723452630577.0,-1281925844465.0,-134341917282.0,-27538609021.0
IDP,2023,3064886070881.0,5244446908518.0,6654651998605.0,-3948078479478.0,-1450803925742.0,-177355221031.0,-43585944815.0
IDP,2024,3423312688777.0,6945179364415.0,7658150303528.0,-4533184733920.0,-1884222635814.0,-249674355921.0,-42773856549.0
IDP,2025,3521681828552.0,7711901202826.0,7432603569570.0,-4709551759627.0,-2197374015941.0,-327940086065.0,-117415762150.0
IME,2018,43227535136.0,104907466254.0,76026904876.0,-65001926236.0,-579517667.0,-10510984331.0,-80649686.0
IME,2019,25517366626.0,84094861959.0,145714013808.0,-143722972369.0,-5158178822.0,-14686813842.0,0.0
IME,2020,26099644556.0,56795238505.0,136782582115.0,-119982788057.0,-3957265379.0,-13745850627.0,-179240037.0
IME,2021,26708389133.0,65777301792.0,65296416919.0,-55475649585.0,-2858481747.0,-7482417679.0,-35282663.0
IME,2022,29771105492.0,124784173186.0,180038580092.0,-158119865612.0,-6398649989.0,-12512030605.0,-2581664559.0
IME,2023,36760554366.0,72846838308.0,171477305068.0,-146970352849.0,-3517258070.0,-15114132249.0,-1666688860.0
IME,2024,44062696101.0,77407771894.0,117461442483.0,-94725639702.0,-3177036796.0,-12967983434.0,-350361284.0
IME,2025,48756002405.0,96101009315.0,110386496480.0,-84115264297.0,-2229019791.0,-13740264423.0,-1251172378.0
IMP,2018,1504612565524.0,1774246689473.0,1184817729231.0,-715187247219.0,-212133585451.0,-88183904806.0,-1275879713.0
IMP,2019,1558889267019.0,1847174315262.0,1402454493864.0,-874534666490.0,-225124875118.0,-99753066675.0,-3727735820.0
IMP,2020,1730486168436.0,2096455266870.0,1369421714781.0,-822376136443.0,-213142674844.0,-71348172682.0,-5407738374.0
IMP,2021,1794410063004.0,2294700255306.0,1266596707350.0,-778595381087.0,-181292527233.0,-72636907782.0,-5496312950.0
IMP,2022,1894446892819.0,2276943567575.0,1643706514646.0,-946351264430.0,-269015147943.0,-131840010666.0,-3794587782.0
IMP,2023,2084578943585.0,2392615157119.0,1994036910377.0,-1183501179178.0,-309885867749.0,-119602910146.0,-6036185387.0
IMP,2024,2183119168600.0,2504776666933.0,2205119938413.0,-1349562785723.0,-312128895184.0,-128270026259.0,-3489360216.0
IMP,2025,2306522178891.0,2782634485220.0,2441085482086.0,-1439521365889.0,-378319050089.0,-160809618517.0,-16501359916.0
IN4,2018,65943156772.0,184595157031.0,48190964334.0,-33974900118.0,0.0,-6094368875.0,0.0
IN4,2019,36906830311.0,49014701535.0,51948627039.0,-38200539002.0,0.0,-6024993072.0,0.0
IN4,2020,37342671303.0,48028891416.0,48506841514.0,-32646624689.0,0.0,-7316497724.0,0.0
IN4,2021,41885480276.0,53598867976.0,52822198550.0,-34521600933.0,0.0,-9237796896.0,0.0
IN4,2022,47387998846.0,58867220208.0,59893435941.0,-41321023109.0,0.0,-10617321085.0,0.0
IN4,2023,52604938962.0,66225345552.0,66612821431.0,-46134308369.0,0.0,-11125030720.0,0.0
IN4,2024,58941916468.0,74556353284.0,71448610988.0,-47685276137.0,0.0,-12062912697.0,0.0
IN4,2025,69929168865.0,112915805687.0,94647894873.0,-64148607227.0,0.0,-11840821793.0,-376583901.0
INN,2018,448802766725.0,653755145792.0,1164600981785.0,-976249009330.0,-31744314883.0,-58688105701.0,-3970736844.0
INN,2019,494261262142.0,792415274694.0,1309528804806.0,-1073851737699.0,-40886076376.0,-90195139201.0,-3924003588.0
INN,2020,518703720727.0,802553849112.0,1210062164541.0,-1029379480896.0,-34264992701.0,-62821455849.0,-5414476785.0
INN,2021,550029745442.0,1122460164137.0,1536423603863.0,-1320259882136.0,-49531681146.0,-82309761365.0,-6435652520.0
INN,2022,592070847581.0,992749063214.0,1710202316808.0,-1447832546335.0,-52625342723.0,-100741155174.0,-8850047565.0
INN,2023,656961251258.0,1089703549133.0,1532155103569.0,-1255490512221.0,-57339448889.0,-115414602315.0,-2881525673.0
INN,2024,720980143889.0,1206807055425.0,1767091792098.0,-1452948570545.0,-58556888671.0,-127573880051.0,-1899818422.0
INN,2025,841015516110.0,1305531220216.0,1804129343433.0,-1457756836246.0,-53382208047.0,-148507236631.0,-1999570215.0
KBC,2018,9837357794557.0,16909732217778.0,2491178878521.0,-1022343984750.0,-142014567928.0,-164858434955.0,-200751707293.0
KBC,2019,10381131101072.0,16432989802701.0,3209906030157.0,-1363156822246.0,-141910414455.0,-171879898648.0,-195685878594.0
KBC,2020,10652995127729.0,23785878249949.0,2150962555356.0,-1461933537631.0,-52216721860.0,-270720195562.0,-195387067311.0
KBC,2021,16569221681559.0,31001842592503.0,4245981967388.0,-1778965961226.0,-189915851874.0,-428557565443.0,-480600549118.0
KBC,2022,17845519292086.0,34906513197012.0,950266163499.0,-684515319313.0,-45914808918.0,-464460343994.0,-522875219589.0
KBC,2023,20220872704416.0,33434220275901.0,5618475347527.0,-1923081056083.0,-354412075024.0,-458380732970.0,-379668497960.0
KBC,2024,20644906133551.0,44729924910530.0,2775773466955.0,-1492307333029.0,-98035320545.0,-459863902146.0,-268641265779.0
KBC,2025,26725843817123.0,69581173766629.0,6687125604053.0,-3497496465502.0,-161571261060.0,-591413497171.0,-680631369467.0
KDC,2018,8358238662819.0,12511540292005.0,7608567773092.0,-6313279603143.0,-1051106839891.0,-412446135249.0,-155328377431.0
KDC,2019,8155651514089.0,11932153628005.0,7209947173169.0,-5579074788205.0,-1119319900688.0,-469104132697.0,-153593564233.0
KDC,2020,7699387452740.0,12349155156247.0,8323615707733.0,-6558627299300.0,-1044233676490.0,-421933248111.0,-123638679427.0
KDC,2021,6894642652941.0,14072705557933.0,10496864470758.0,-8445849542191.0,-1196590673681.0,-242722786530.0,-177888774790.0
KDC,2022,7052727626794.0,14004792678863.0,12535183485036.0,-10261577092648.0,-1446024851216.0,-409162881014.0,-232943464615.0
KDC,2023,7187083212975.0,12500840822267.0,8649616206146.0,-7113524657478.0,-1184021970449.0,-419480675073.0,-240963936871.0
KDC,2024,7265166246021.0,13479535412641.0,8323814244595.0,-6811714762181.0,-1135037734725.0,-455799735481.0,-130737823797.0
KDC,2025,7738038920499.0,13907212327484.0,9054523968593.0,-7379823687852.0,-1207103271760.0,-517463765771.0,-199086987836.0
KHD,2018,34584879606.0,93146123100.0,117978580595.0,-92586581639.0,-5770323041.0,-9926818844.0,-414015334.0
KHD,2019,37531843565.0,85116883026.0,115457716413.0,-89494366490.0,-5197937598.0,-12989828250.0,-1031490900.0
KHD,2020,43091677536.0,90327269307.0,79790171733.0,-64502221146.0,-3772275469.0,-9645086513.0,-1045452877.0
KHD,2021,42633653559.0,76248624429.0,64465486400.0,-51598766386.0,-2690091664.0,-10136366458.0,-167568293.0
KHD,2022,39972177540.0,53690611478.0,22202736500.0,-21200337682.0,-491318187.0,-4559135970.0,0.0
KHD,2023,36529367432.0,50170332779.0,15060264000.0,-10801041962.0,-4772721.0,-8994594831.0,0.0
KHD,2024,42099914823.0,61129557553.0,32973057500.0,-14529895959.0,0.0,-10739566335.0,0.0
KHD,2025,52830399535.0,78545638432.0,47915120000.0,-20609511628.0,0.0,-8623877932.0,0.0
KSF,2020,1882142223995.0,11185533288066.0,1448982148304.0,-1098678985390.0,-183729366748.0,-42045999297.0,-244715381681.0
KSF,2021,6245504050619.0,10278663278902.0,1241489752556.0,-783277886998.0,-64308526586.0,-120186099164.0,-244755892709.0
KSF,2022,6762360314039.0,12601062629982.0,1212591655219.0,-453194157353.0,-19852145860.0,-220018515627.0,-49562641353.0
KSF,2023,7279114864791.0,18245785023402.0,554618871168.0,-259859388692.0,-38178573964.0,-157526849295.0,-55330413900.0
KSF,2024,6879243535135.0,20558336800435.0,2469468559871.0,-1234656901726.0,-158199490222.0,-166510094523.0,-142629019126.0
KSF,2025,19863271331818.0,120143672520987.0,20198172826244.0,-7062257743002.0,-984458371307.0,-383684018204.0,-663981248720.0
KSV,2018,2585259808847.0,7930931482505.0,5688476416067.0,-4868018756701.0,-48667712159.0,-329966320969.0,-203537941110.0
KSV,2019,2399190728841.0,7760501179488.0,6145240458670.0,-5528430672383.0,-82586728795.0,-295856070225.0,-262959365328.0
KSV,2020,2461212695555.0,8571269417900.0,6162989020184.0,-5211214183916.0,-62017540138.0,-461763979396.0,-222277992110.0
KSV,2021,3320002279570.0,11435249863728.0,7991138594794.0,-5990091585216.0,-59111110449.0,-454341826233.0,-194428484541.0
KSV,2022,3094740681311.0,10690193172190.0,12250906544435.0,-11120205449084.0,-86014494141.0,-412915238683.0,-299473893772.0
KSV,2023,2920783550801.0,9353644443085.0,11911909963990.0,-10789068845887.0,-77186572416.0,-418714269638.0,-337286938097.0
KSV,2024,4010582401467.0,9613760377609.0,13252786414491.0,-10675338454532.0,-113341220985.0,-585254729826.0,-242090670237.0
KSV,2025,5503053227813.0,9871121729686.0,14553989977837.0,-10999084185230.0,-151193562086.0,-742601097186.0,-175613514871.0
LGC,2018,3492582421956.0,9362681386775.0,600550591713.0,-192995454717.0,-30801198468.0,-137575625498.0,-216153468774.0
LGC,2019,3902179854873.0,11260219776325.0,712934255814.0,-229786872230.0,-39160392529.0,-147701980788.0,-171341443572.0
LGC,2020,4444905523949.0,11905685986280.0,704801929382.0,-241124473041.0,-36219610473.0,-122763439847.0,-183072838481.0
LGC,2021,4688238199813.0,12178166708712.0,900236469754.0,-370159850116.0,-69824424524.0,-101660096420.0,-232453362533.0
LGC,2022,4843469811885.0,12750083282364.0,1340701557272.0,-519779791073.0,-107658614261.0,-57840805877.0,-293974293452.0
LGC,2023,5183858022776.0,22913703339215.0,1597024196656.0,-526737780940.0,-114902865864.0,-131139415722.0,-344029156218.0
LGC,2024,5684835709426.0,23463511747161.0,2503558386331.0,-813805866892.0,-124409382279.0,-176214650074.0,-1007557010065.0
LGC,2025,6170971573010.0,23490436105486.0,2598235749147.0,-952278200290.0,-121979080328.0,-161179671119.0,-1024001223755.0
LHG,2018,1146957197662.0,2116972050907.0,430241454903.0,-186340307687.0,-14116132661.0,-56671646983.0,-4920239420.0
LHG,2019,1191177153465.0,2235156638311.0,598867736919.0,-385419061235.0,-10253303132.0,-58425496672.0,-4875865233.0
LHG,2020,1283671230189.0,2599630748609.0,643579082125.0,-350119108282.0,-10788626400.0,-65113587918.0,-15631675089.0
LHG,2021,1464103256517.0,2845357152637.0,781650039241.0,-369947604104.0,-10332466381.0,-49786506159.0,-15789127238.0
LHG,2022,1534708844940.0,3003714698523.0,628857871292.0,-372414390585.0,-4903255303.0,-54811867158.0,-13520696638.0
LHG,2023,1594631256230.0,3055126722935.0,394859343137.0,-194045126160.0,-5705313989.0,-57860606143.0,-15102675224.0
LHG,2024,1662958265138.0,3070186012207.0,423469587710.0,-201384703210.0,-5438756567.0,-58157030412.0,-13848957724.0
LHG,2025,1836663650988.0,3276325195014.0,690685976646.0,-322374205457.0,-7118160884.0,-54880939982.0,-12353064845.0
LLM,2018,1594381087850.0,13051609121650.0,13412373697414.0,-12731248711504.0,-1678015628.0,-601531737242.0,-341262075718.0
LLM,2019,1131273528776.0,8175416141894.0,7041806938252.0,-6629783808060.0,-687479049.0,-705623405525.0,-176676585861.0
LLM,2020,1102130648520.0,7748585312449.0,6060290336680.0,-5785105614080.0,0.0,-144437209821.0,-130032961842.0
LLM,2021,1051172538793.0,7393135259321.0,3826141768019.0,-3634336134520.0,0.0,-106437738807.0,-119162531396.0
LLM,2022,980343106163.0,6207212781298.0,2892079411149.0,-2801850410109.0,0.0,-40380743779.0,-90718559111.0
LLM,2023,943481706640.0,6370126253869.0,5079029832618.0,-4959391428735.0,0.0,-119779255653.0,-94099996913.0
LLM,2024,978239567086.0,6116540524913.0,6101321678819.0,-5995282722011.0,0.0,-55987842581.0,-91166963055.0
LLM,2025,1416047470002.0,7353839929953.0,5432589386760.0,-5052280513854.0,0.0,-32802785619.0,-62521004587.0
LPB,2018,10200892000000.0,175094532000000.0,,,,-3048068000000.0,
LPB,2019,12579800000000.0,202058040000000.0,,,,-4032180000000.0,
LPB,2020,14231726000000.0,242342951000000.0,,,,-4645147000000.0,
LPB,2021,16801877000000.0,289193879000000.0,,,,-5090421000000.0,
LPB,2022,24055154000000.0,327745847000000.0,,,,-5306893000000.0,
LPB,2023,34117400000000.0,382863179000000.0,,,,-5759872000000.0,
LPB,2024,43338300000000.0,508330398000000.0,,,,-5810443000000.0,
LPB,2025,47192474000000.0,605584514000000.0,,,,-6190125000000.0,
MAS,2018,56839451616.0,128315068737.0,235429849906.0,-191736187547.0,-7236252633.0,-16569536886.0,-3422141516.0
MAS,2019,57247089944.0,125181498426.0,248649654103.0,-202846312896.0,-7520029722.0,-18191542506.0,-2659833074.0
MAS,2020,42034011350.0,95577898663.0,97294447841.0,-95613952460.0,-4206554202.0,-10468457711.0,-1698873826.0
MAS,2021,27650959478.0,75761703121.0,45086146363.0,-52917658579.0,-2353362406.0,-7830058544.0,-1038979792.0
MAS,2022,27705087409.0,67787671479.0,104879896753.0,-89565842049.0,-4585103848.0,-7823391072.0,-1072609396.0
MAS,2023,30549393574.0,71370530610.0,145320601809.0,-120217647448.0,-7057748811.0,-12970581747.0,-1111687930.0
MAS,2024,34406273460.0,71900522730.0,177231153109.0,-145255582128.0,-7609198406.0,-16219556128.0,-482754166.0
MAS,2025,41819451006.0,111823437363.0,224846289315.0,-187595648453.0,-8538879541.0,-19890914496.0,-240325767.0
MCH,2018,10881212471803.0,17052805203719.0,17006475612957.0,-9388082263631.0,-3284879798663.0,-793223583936.0,-180421924187.0
MCH,2019,12406967048025.0,20469607311898.0,18487541836508.0,-10529868313945.0,-3015180960649.0,-817391573893.0,-235821679467.0
MCH,2020,14282984759612.0,25533406553025.0,23342734481397.0,-13423520341046.0,-4071091999434.0,-893881875904.0,-286495734730.0
MCH,2021,17005693937381.0,30204150159141.0,27773635217733.0,-15982695703768.0,-4780144882655.0,-1072906794191.0,-226159178618.0
MCH,2022,22445645207154.0,33516643085520.0,26977273170028.0,-15845758614044.0,-4527142745516.0,-900917485901.0,-307330035566.0
MCH,2023,26375559178420.0,40552688935453.0,28240992632837.0,-15266624295107.0,-5328084292551.0,-925673676418.0,-485285780065.0
MCH,2024,11327826777302.0,27899960446330.0,30897225625237.0,-16492540385018.0,-5903986348153.0,-975922898666.0,-327528532894.0
MCH,2025,18662141316311.0,33966203646418.0,30556536605941.0,-16650193979884.0,-5749106254176.0,-1020259072994.0,-494407157679.0
MCM,2018,767852152253.0,1133851481638.0,2481696915641.0,-2014999720838.0,-277687938427.0,-26556991235.0,0.0
MCM,2019,726740023801.0,1072214257512.0,2558419567630.0,-2071913387984.0,-321788261204.0,-23346164361.0,-161917808.0
MCM,2020,911910025528.0,1222596079316.0,2822947600177.0,-1934684702507.0,-596632396883.0,-29480449517.0,0.0
MCM,2021,2173384909094.0,2486966469222.0,2925663515675.0,-2027160557391.0,-594258611465.0,-36609011559.0,-162698449.0
MCM,2022,2210279183607.0,2455246090395.0,3133099458310.0,-2115310690495.0,-688741675724.0,-39603493072.0,-636335055.0
MCM,2023,2327254927918.0,2606062838090.0,3135423145405.0,-2126805252715.0,-708879163802.0,-37897552160.0,0.0
MCM,2024,2305183622970.0,2686673183715.0,2916958103285.0,-2068412737645.0,-657045791552.0,-37145154260.0,-1732481808.0
MCM,2025,2279325945900.0,2679850827162.0,2834874145661.0,-2037894593189.0,-606614084658.0,-38070969448.0,-5706243839.0
MH3,2018,213953157459.0,942224689811.0,173500423370.0,-64849490919.0,-2862855395.0,-12396256182.0,-406433739.0
MH3,2019,291415771749.0,992179958219.0,138513797314.0,-52886041447.0,-2781952980.0,-30693937820.0,-1317014287.0
MH3,2020,265293793062.0,969212962889.0,105076428931.0,-54966153639.0,-228407912.0,-18565307554.0,195282033.0
MH3,2021,239168490812.0,946068747080.0,72608093331.0,-42068593792.0,-96344560.0,-11014960879.0,0.0
MH3,2022,258989207776.0,992551827102.0,82320751455.0,-46144907615.0,-96344560.0,-8891774499.0,0.0
MH3,2023,588950197536.0,1291098437905.0,154475719362.0,-117648409266.0,-96344560.0,-22491152263.0,0.0
MH3,2024,591618231948.0,1206937172119.0,93647784692.0,-56379927166.0,-96344560.0,-19773349217.0,0.0
MH3,2025,591308253153.0,1200808483343.0,97803954062.0,-66262432320.0,-96344560.0,-17689366037.0,0.0
MKP,2018,1069914154949.0,1275692844685.0,1157239427972.0,-893039514957.0,-79491727623.0,-94662921451.0,-14714610.0
MKP,2019,1263670135327.0,1464865892498.0,1217199789872.0,-930688191939.0,-84060480868.0,-130807728688.0,-597867850.0
MKP,2020,1262043264734.0,1497531789659.0,1210529900008.0,-952770076872.0,-81435555598.0,-129095345138.0,-311495155.0
MKP,2021,1249052479038.0,1628313182345.0,1129846566861.0,-920124781564.0,-77610917040.0,-126987933268.0,-620408783.0
MKP,2022,1267648379991.0,1620433954772.0,1192145683366.0,-843394340294.0,-151444200275.0,-130173734911.0,-3698359418.0
MKP,2023,1260893847794.0,1548934213480.0,904746572044.0,-637368901371.0,-108591717591.0,-151740435938.0,-500875192.0
MKP,2024,1284684007163.0,1631595008394.0,919577453402.0,-671520897763.0,-110356909423.0,-146282371992.0,0.0
MKP,2025,1269482887854.0,1659284789690.0,938951428404.0,-691007197777.0,-119840600377.0,-137209768958.0,0.0
MLC,2018,134686313043.0,169843540928.0,106326335713.0,-91390481462.0,0.0,-9916332294.0,-23383432.0
MLC,2019,148247368597.0,180454498704.0,111796954974.0,-96146858042.0,0.0,-9076500540.0,-318212379.0
MLC,2020,151149545281.0,185259831829.0,122595316819.0,-104437321210.0,0.0,-8876288573.0,-287969229.0
MLC,2021,52759609534.0,83911849165.0,129732947845.0,-109881969892.0,0.0,-9145454612.0,-109190105.0
MLC,2022,56553185940.0,94705058225.0,143943577501.0,-121388548508.0,0.0,-10296069087.0,0.0
MLC,2023,60465294751.0,96934918666.0,157400069409.0,-133257950405.0,0.0,-11084211312.0,-13369863.0
MLC,2024,73638991290.0,117053048084.0,181176495960.0,-149121224382.0,-5063700.0,-11674537925.0,0.0
MLC,2025,82025782687.0,137193818349.0,187289027289.0,-148392018670.0,0.0,-13599150050.0,0.0
MML,2018,7181011621384.0,12781801758894.0,13976854063647.0,-11879903811268.0,-774740372223.0,-767719558078.0,-235444066977.0
MML,2019,7523195942835.0,14711394687098.0,13798751286672.0,-11533148211650.0,-680705067100.0,-797348195270.0,-284977600614.0
MML,2020,8463214150960.0,17957454153585.0,16119005482931.0,-13394378798551.0,-932548757092.0,-719109230448.0,-423754793202.0
MML,2021,5751159332020.0,11871026027601.0,18890888018630.0,-16587572648729.0,-901614223448.0,-753466179483.0,-464522804569.0
MML,2022,5623501691317.0,13346388833543.0,4784571251565.0,-4440344925161.0,-438806841346.0,-361371334802.0,-396080763996.0
MML,2023,5083637476096.0,12732796672130.0,6984442565181.0,-5931830298000.0,-969780516294.0,-307000988422.0,-507802873157.0
MML,2024,4469137482292.0,11228504872700.0,7649715892213.0,-5687976222130.0,-1427730465356.0,-366242264489.0,-376450736500.0
MML,2025,5200691008445.0,11367658352618.0,9230095517979.0,-6648639180773.0,-1777779147562.0,-295259025648.0,-327619502115.0
MNB,2018,429608059147.0,3369944071740.0,4897068110528.0,-3922088664990.0,-365159481165.0,-430032720236.0,-82579825304.0
MNB,2019,403227136767.0,3270263701004.0,4835011813259.0,-3887667665327.0,-354918197350.0,-433124951335.0,-89460030999.0
MNB,2020,387164185092.0,2738098568234.0,4021388964926.0,-3297718051669.0,-299493312922.0,-337301583901.0,-71741943503.0
MNB,2021,362516249555.0,2780748815611.0,3081070570591.0,-2563665718259.0,-186717291016.0,-281055769741.0,-54724905375.0
MNB,2022,462471482814.0,2972160032456.0,4573638475055.0,-3715435626438.0,-252625671523.0,-369971356690.0,-64585545369.0
MNB,2023,447700700465.0,2707242640841.0,3744286703540.0,-3097524961284.0,-194554910340.0,-346341974919.0,-78146561981.0
MNB,2024,519092373047.0,3096388018926.0,4632182358759.0,-3765168505323.0,-257379944157.0,-403532346266.0,-75756853612.0
MNB,2025,654401483390.0,3451997999981.0,5243802479500.0,-4265250002223.0,-276378964069.0,-408282249631.0,-79948474783.0
MSH,2018,933723144896.0,2520977249460.0,3950826716000.0,-3157344913122.0,-147605857785.0,-208438705276.0,-33763704660.0
MSH,2019,1235743498194.0,2566211680137.0,4411252763851.0,-3482814704917.0,-180273548988.0,-235356819389.0,-22555989911.0
MSH,2020,1442200048368.0,2627755267289.0,3813408833205.0,-3062364766267.0,-136931095574.0,-375930331229.0,-15184168524.0
MSH,2021,1495400951400.0,3202636670460.0,4747622751547.0,-3817037706283.0,-144883675422.0,-298756826696.0,-10033194841.0
MSH,2022,1719050917827.0,3294196006727.0,5520957568825.0,-4692290659915.0,-173362772487.0,-296762928863.0,-33904594116.0
MSH,2023,1809754662986.0,3453089147362.0,4541907565790.0,-3977925202464.0,-147696197485.0,-229726710494.0,-44582381746.0
MSH,2024,2055533082808.0,4523188931186.0,5280403155194.0,-4450894974445.0,-136713274607.0,-252452333499.0,-53363361515.0
MSH,2025,2213225748227.0,4677754975723.0,5538068232450.0,-4363660612901.0,-157187309363.0,-309964306167.0,-64309874651.0
MSN,2018,34079678000000.0,64578613000000.0,38187617000000.0,-26306208000000.0,-4314253000000.0,-2015388000000.0,-2667531000000.0
MSN,2019,51888407000000.0,97297251000000.0,37354087000000.0,-26412939000000.0,-3994895000000.0,-2103408000000.0,-1866015000000.0
MSN,2020,25030279000000.0,115736562000000.0,77217808000000.0,-59329111000000.0,-13166087000000.0,-3040896000000.0,-3770283000000.0
MSN,2021,42336652000000.0,126093471000000.0,88628767000000.0,-66493966000000.0,-11786338000000.0,-4064969000000.0,-4669426000000.0
MSN,2022,36636739000000.0,141342815000000.0,76189225000000.0,-55154201000000.0,-12511539000000.0,-3854314000000.0,-4847702000000.0
MSN,2023,38237241000000.0,147383472000000.0,78251619000000.0,-56130507000000.0,-14192355000000.0,-3750002000000.0,-6946060000000.0
MSN,2024,40752380000000.0,147584718000000.0,83177720000000.0,-58521982000000.0,-14565375000000.0,-3916974000000.0,-6404706000000.0
MSN,2025,45078644000000.0,128963171000000.0,81621329000000.0,-56040719000000.0,-14202530000000.0,-3713793000000.0,-5418158000000.0
MSR,2018,12125954245000.0,27949125567000.0,6865010875000.0,-4703549284000.0,-104331557000.0,-127022646000.0,-1079797011000.0
MSR,2019,12469822266000.0,29774719881000.0,4706129858000.0,-3971145298000.0,-104782370000.0,-142007143000.0,-1161519606000.0
MSR,2020,14079541035000.0,40108847814000.0,7291180658000.0,-7113222006000.0,-226224066000.0,-282149068000.0,-1278848458000.0
MSR,2021,14341179324000.0,39351197182000.0,13564289846000.0,-11293885339000.0,-445622393000.0,-638030680000.0,-1076266273000.0
MSR,2022,15247438774000.0,41521000189000.0,15549547654000.0,-13172693544000.0,-452974941000.0,-587976843000.0,-1194553796000.0
MSR,2023,13624491863000.0,40372356113000.0,14093253487000.0,-13308967243000.0,-377179568000.0,-499572488000.0,-1503015894000.0
MSR,2024,12163693516000.0,26966527000000.0,14336328727000.0,-13443622106000.0,-361709384000.0,-452326961000.0,-1371669159000.0
MSR,2025,12181677479000.0,26460335304000.0,7442723808000.0,-6067393926000.0,-99168649000.0,-78609851000.0,-1020071938000.0
MTH,2018,113378343028.0,125943051922.0,104380672187.0,-93254570848.0,0.0,-10286915008.0,-187656646.0
MTH,2019,114718123981.0,131505773170.0,117158368881.0,-103946925900.0,-185765000.0,-8477313694.0,-6349479.0
MTH,2020,118547441741.0,133747785734.0,107723955130.0,-86101349901.0,-186558909.0,-14448823422.0,0.0
MTH,2021,122075453825.0,137450810243.0,104139926109.0,-84087472029.0,-187370909.0,-10353204119.0,0.0
MTH,2022,124169295117.0,139845828795.0,128518051742.0,-112552861253.0,0.0,-6797787381.0,-58531833.0
MTH,2023,131172958767.0,163741253359.0,156298739927.0,-133667410130.0,0.0,-10080240716.0,0.0
MTH,2024,141255470095.0,170758488307.0,170499505478.0,-137613380504.0,0.0,-13738884147.0,0.0
MTH,2025,136629182757.0,178159687908.0,171237193902.0,-135571279896.0,0.0,-15661905193.0,-2272306336.0
MVN,2018,9161234651354.0,26386008850762.0,12367790703736.0,-10962650113407.0,-89894939089.0,-950356249984.0,-722482498702.0
MVN,2019,10060696274311.0,25695490812595.0,11068940643744.0,-9313829038838.0,-99393128637.0,-920160258532.0,-609319071939.0
MVN,2020,9425867828803.0,24482919117998.0,9971651353713.0,-8339596311741.0,-68628015888.0,-1446050395959.0,-561167663265.0
MVN,2021,11443199369933.0,26253392289413.0,13266757300489.0,-9638541764604.0,-107413676244.0,-1029495085934.0,-500124859911.0
MVN,2022,14077042149755.0,26938999519068.0,14342998969885.0,-10366739899882.0,-155691014821.0,-1326969848006.0,-375556814773.0
MVN,2023,15366315051585.0,27535428729284.0,12815019470497.0,-10412004593703.0,-138049421642.0,-1045493993895.0,-202077736231.0
MVN,2024,17416697613243.0,30424970632989.0,16961248180465.0,-14147885979277.0,-138313204379.0,-1343354790920.0,-372851242087.0
MVN,2025,19334359596220.0,35552279539976.0,19016544426664.0,-15542020981799.0,-166250716487.0,-1441889812669.0,-267782572860.0
MWG,2018,8983035331342.0,28122531486856.0,86516287002499.0,-71224159239435.0,-9659741188756.0,-1761613900080.0,-436416577674.0
MWG,2019,12143592194353.0,41708095544883.0,102174243976723.0,-82686444673012.0,-12437282718212.0,-2073782880058.0,-568136717134.0
MWG,2020,15481689846432.0,46030879952454.0,108546019665412.0,-84591522392949.0,-15333798830787.0,-3404431838167.0,-594003821021.0
MWG,2021,20378245999846.0,62971404814942.0,122958106103174.0,-95325974107640.0,-17914173302345.0,-3823390074765.0,-674427746189.0
MWG,2022,23932581517576.0,55834095614049.0,133404777590524.0,-102542735094343.0,-22336838067678.0,-1881027579714.0,-1362143909103.0
MWG,2023,23359557967338.0,60111237212724.0,118279788455442.0,-95759175291712.0,-20916710755306.0,-1167651662536.0,-1447718354797.0
MWG,2024,28121576823855.0,70437775721604.0,134341152848802.0,-106841942771781.0,-19849837609882.0,-3565767583102.0,-1137236129748.0
MWG,2025,33176117374577.0,83945619612034.0,155928145619367.0,-124926268219546.0,-19330903536858.0,-4596074513172.0,-1470675593604.0
NAF,2018,495825961683.0,1055767545614.0,600224034782.0,-460401191112.0,-46660597745.0,-32878650713.0,-17224616261.0
NAF,2019,681987898082.0,1271532578283.0,1041940484628.0,-808889406077.0,-110441084205.0,-37433515112.0,-31981881757.0
NAF,2020,750905669907.0,1533378696970.0,1202668403652.0,-947784824129.0,-95978931097.0,-47570638784.0,-41526044029.0
NAF,2021,836397836400.0,1654056488569.0,1614653322025.0,-1323189588285.0,-147842631395.0,-34755271843.0,-32071214049.0
NAF,2022,892187833749.0,1743747866687.0,1766507275624.0,-1390654928059.0,-190392616876.0,-65985287811.0,-27401837116.0
NAF,2023,987962227446.0,2043235491713.0,1733325845670.0,-1263581451434.0,-135218322587.0,-170159033480.0,-45689567334.0
NAF,2024,985006301967.0,2028985659371.0,1437023536392.0,-1031437259920.0,-122841302332.0,-121618354776.0,-51959147707.0
NAF,2025,784147645200.0,2323125232548.0,2063717221919.0,-1594671707338.0,-116084314487.0,-129163261014.0,-71843226479.0
NCS,2018,230331653552.0,678539749734.0,633848947348.0,-538508295266.0,-5880007060.0,-23868872946.0,-11742281135.0
NCS,2019,221574456322.0,608861843760.0,647358834189.0,-552158664018.0,-5398592431.0,-25765063083.0,-25920534404.0
NCS,2020,153060863558.0,572103206534.0,267112993173.0,-264521968734.0,-3099665421.0,-16496426586.0,-26867653693.0
NCS,2021,76237533204.0,508470554748.0,139622998974.0,-182031585782.0,-1832982583.0,-12937068659.0,-25278671818.0
NCS,2022,81541428513.0,513613807377.0,409764623977.0,-353423705131.0,-10829842139.0,-17826856996.0,-26424111943.0
NCS,2023,127724941807.0,463218385612.0,613713881087.0,-510394751918.0,-14879736267.0,-21803328550.0,-24550860451.0
NCS,2024,182494043397.0,472003856409.0,732066565723.0,-615109381060.0,-13881294686.0,-26072465114.0,-12077550507.0
NCS,2025,247302450722.0,485160845746.0,874752932696.0,-738875793340.0,-15601634722.0,-31759879938.0,-7679905539.0
NCT,2018,434310838805.0,505432658306.0,689611468416.0,-344765911032.0,-9281582049.0,-66996521175.0,0.0
NCT,2019,514276737083.0,585221627917.0,699467427458.0,-362849339345.0,-8363908912.0,-71459478696.0,0.0
NCT,2020,409259336215.0,502356526488.0,669318885442.0,-358159455434.0,-10728047167.0,-70357028474.0,0.0
NCT,2021,457350411268.0,554003716503.0,742156297060.0,-394952251613.0,-8409519217.0,-66427768069.0,0.0
NCT,2022,432337119999.0,500598612614.0,735914902070.0,-377239897155.0,-10310218548.0,-69289348162.0,0.0
NCT,2023,433402421970.0,554648134916.0,701788879881.0,-362750509829.0,-11878281654.0,-75752704101.0,0.0
NCT,2024,558373289838.0,740874801677.0,920644864614.0,-506443505292.0,-20943154681.0,-91169766733.0,0.0
NCT,2025,709640234391.0,969267945118.0,1211823907987.0,-647870328954.0,-26601372373.0,-109728146694.0,0.0
ND2,2018,640328270010.0,1846517217857.0,384765048720.0,-108125758475.0,0.0,-32057161250.0,-116038439935.0
ND2,2019,687780199222.0,1866402820442.0,349070477474.0,-111579901648.0,0.0,-24136021224.0,-111175882387.0
ND2,2020,714755387581.0,1854560347476.0,391159043519.0,-125864039398.0,0.0,-21078394272.0,-105149595113.0
ND2,2021,760046529963.0,1770173411123.0,400115525353.0,-136121954113.0,0.0,-16480705266.0,-89682088857.0
ND2,2022,773540871777.0,1689779810071.0,462139887532.0,-131943047038.0,0.0,-19921217310.0,-77558340556.0
ND2,2023,777367928557.0,1555504759859.0,325480549446.0,-121811338913.0,0.0,-15350539554.0,-77304771106.0
ND2,2024,839125902467.0,1482272668022.0,364973807106.0,-125386495881.0,0.0,-18851942996.0,-51760373097.0
ND2,2025,928784252758.0,1486476394166.0,408709078334.0,-125725859514.0,0.0,-17346161952.0,-40606215532.0
NET,2018,289408429429.0,608819017949.0,1117335189334.0,-919075138939.0,-112098266292.0,-29279176168.0,-2829779660.0
NET,2019,309289388801.0,576491142243.0,1157310901105.0,-923578042792.0,-124649566982.0,-26579643971.0,-1665080319.0
NET,2020,387122523781.0,695640970403.0,1470113908321.0,-1125627738302.0,-165894616967.0,-32240382521.0,-602083868.0
NET,2021,358090817256.0,704509866629.0,1479644749575.0,-1181648022215.0,-144799293382.0,-30422708458.0,-459960964.0
NET,2022,334254010268.0,758946958924.0,1529909122362.0,-1259036077252.0,-146079486157.0,-27361231933.0,-1658342636.0
NET,2023,434294459506.0,893814199420.0,1809652847760.0,-1332850151835.0,-243843986221.0,-38492665503.0,-9258002806.0
NET,2024,528926977096.0,986305318641.0,1652661909097.0,-1225768389569.0,-142764354293.0,-32400004056.0,-6220016003.0
NET,2025,542020282240.0,1076116736664.0,1619209132052.0,-1253134696731.0,-149051511241.0,-29392470763.0,-8591523698.0
NNC,2018,333006929462.0,446984894563.0,577127449282.0,-380170264654.0,-4363224244.0,-11990714951.0,-272219178.0
NNC,2019,292520851260.0,386952065209.0,516456885865.0,-361761342673.0,-4679368079.0,-10410444184.0,0.0
NNC,2020,284814208507.0,379608902249.0,401540601460.0,-252972055800.0,-4898329123.0,-17066844047.0,0.0
NNC,2021,301557916283.0,354494400407.0,159041506887.0,-111856950721.0,-4348256070.0,-6551814467.0,0.0
NNC,2022,351262839792.0,406852698663.0,80579832608.0,-59059149879.0,-2742218441.0,-10101027826.0,0.0
NNC,2023,374365042453.0,431434399497.0,175941033105.0,-126776040371.0,-5163446544.0,-9721846346.0,-924900.0
NNC,2024,420977695264.0,485884969241.0,280070334347.0,-191609145487.0,-5976873628.0,-13797479814.0,-2533187.0
NNC,2025,534467284193.0,664784463500.0,390947596820.0,-197933365947.0,-3925372073.0,-16142144251.0,-850078502.0
NSC,2018,1052594049225.0,1561198567295.0,1605380007080.0,-1032379596885.0,-128864289700.0,-151273050901.0,-12165515463.0
NSC,2019,1128579740613.0,1767692272621.0,1518452022608.0,-974701686797.0,-133719448289.0,-159721451736.0,-10656640853.0
NSC,2020,1201443232246.0,1801551820497.0,1634551951966.0,-1076362301284.0,-154594657313.0,-176218069780.0,-11582168036.0
NSC,2021,1304632514233.0,1931958579601.0,1928605884267.0,-1308091470708.0,-169517826087.0,-177242074061.0,-14360801633.0
NSC,2022,1351258350499.0,2025729471586.0,1889064779925.0,-1256098495681.0,-177881584650.0,-179233562301.0,-12458719560.0
NSC,2023,1446135166042.0,2221164892672.0,2035476791346.0,-1400798894435.0,-182485542605.0,-172754587443.0,-19089991819.0
NSC,2024,1520644894426.0,2154864352409.0,2448696267958.0,-1722864945545.0,-235713205972.0,-196309837839.0,-17890185178.0
NSC,2025,1648623622875.0,2608496566425.0,2299255561404.0,-1626346473555.0,-205769858084.0,-167135842940.0,-31299585515.0
NTC,2018,588953523994.0,3401128110690.0,532373374938.0,-45431808678.0,-2569823125.0,-46030545100.0,-11763825242.0
NTC,2019,580593591180.0,3537557163317.0,193939465883.0,-56672763777.0,-2797509914.0,-48098249713.0,-292660980.0
NTC,2020,683198110441.0,4448129305994.0,263563247378.0,-88855249615.0,-3565386879.0,-35668535716.0,-135600000.0
NTC,2021,632435945149.0,4210293281245.0,271180199162.0,-80364578021.0,-3462826736.0,-43503165572.0,-1740751559.0
NTC,2022,714207157515.0,4060764290091.0,268399461060.0,-79018236031.0,-3093207917.0,-30913874815.0,-7904171096.0
NTC,2023,960529818182.0,4562716776068.0,235260332814.0,-69583718670.0,-3987242551.0,-49491213348.0,-8814420543.0
NTC,2024,1110768128491.0,7356705577453.0,367858654446.0,-144494396209.0,-4081862092.0,-69023641032.0,-7551456177.0
NTC,2025,1285141226140.0,5970920592737.0,715708904695.0,-322079987423.0,-4947277223.0,-132611770824.0,-12025900760.0
NTP,2018,2252505563227.0,4876295184157.0,4519645454137.0,-3188696872956.0,-733044654226.0,-148052213717.0,-107149414700.0
NTP,2019,2567419253569.0,4552319672238.0,4673873390057.0,-3325381674138.0,-659673012781.0,-135939110503.0,-114690167705.0
NTP,2020,2589288536954.0,3895418861335.0,4486110999230.0,-3097944643592.0,-582038492316.0,-215748984722.0,-66756127721.0
NTP,2021,2707977704900.0,4898198061937.0,4823524562218.0,-3682609246256.0,-437437678262.0,-137179719745.0,-41404493800.0
NTP,2022,2830817344826.0,5063837090084.0,5685112416767.0,-4294534288942.0,-620367663869.0,-154378233969.0,-78639277456.0
NTP,2023,3115499287238.0,5453699138864.0,5175862669587.0,-3619645131711.0,-632394350574.0,-190068009046.0,-90107847382.0
NTP,2024,3666374210005.0,6414871527523.0,5656563814495.0,-3886614549588.0,-632851000442.0,-227199971559.0,-48945955598.0
NTP,2025,4231801014628.0,7047661472102.0,6750824646188.0,-4658204795059.0,-640321377371.0,-294936316441.0,-80323575442.0
PAP,2018,1083970063488.0,1105488173478.0,0.0,0.0,0.0,-20952516656.0,-2167537263.0
PAP,2019,1107281568175.0,1127298222132.0,0.0,0.0,0.0,-17731827009.0,0.0
PAP,2020,1110524112590.0,1276468839605.0,0.0,0.0,0.0,-16671000434.0,0.0
PAP,2021,1520442648310.0,1593232546471.0,0.0,0.0,0.0,-1841315548.0,0.0
PAP,2022,2096175801775.0,3166002013676.0,0.0,0.0,0.0,-6753253566.0,0.0
PAP,2023,2089277388708.0,4436834699639.0,0.0,0.0,0.0,-6744681367.0,0.0
PAP,2024,2455804961144.0,7120908108917.0,2176403000.0,-19935959627.0,-446180408.0,-6036756933.0,-3232252291.0
PAP,2025,1951114133041.0,11195929561104.0,154809829431.0,-346274965431.0,-21207491681.0,-44714206942.0,-277797279457.0
PAT,2021,521109943661.0,1005745889148.0,1594599566744.0,-1253527746201.0,-66518843184.0,-17314577565.0,-4595068759.0
PAT,2022,780531903960.0,1194499824584.0,3149890475521.0,-2012218282974.0,-147091411364.0,-17142349204.0,-2942013043.0
PAT,2023,520006450123.0,1204783053616.0,1710610589564.0,-1344396287199.0,-82468035063.0,-17943676564.0,-6952894581.0
PAT,2024,568720701768.0,932617787977.0,1721435530826.0,-1358226176340.0,-98878900321.0,-15494647867.0,-4308464193.0
PAT,2025,585946454456.0,1444311226471.0,1923385798882.0,-1483936378255.0,-82151123384.0,-18160177527.0,-3125120930.0
PDN,2018,469197117664.0,845987908149.0,666518232116.0,-467153745983.0,-14698977180.0,-44389459042.0,-21069906458.0
PDN,2019,561748188349.0,934896223327.0,741538252149.0,-511019097547.0,-20020904391.0,-46044975743.0,-19710482931.0
PDN,2020,648650489992.0,1016065523615.0,793587701756.0,-545573366700.0,-19812022057.0,-45090105370.0,-15769583509.0
PDN,2021,724821477636.0,1141847598506.0,892513207436.0,-624309977506.0,-18475413167.0,-48093935775.0,-12522290171.0
PDN,2022,827941510424.0,1238256468210.0,1067545444509.0,-702307416172.0,-19645749952.0,-55410503863.0,-14301451021.0
PDN,2023,1000461832596.0,1359305854962.0,1167236966484.0,-738408155536.0,-21234993014.0,-53335938625.0,-10878002154.0
PDN,2024,1239724873198.0,1548725371222.0,1337315365298.0,-838728986949.0,-22276206857.0,-61202228207.0,-7038145645.0
PDN,2025,1485032718907.0,1843894444903.0,1575696774611.0,-983586338226.0,-22068409538.0,-59177186528.0,-5296852852.0
PET,2018,1620409549507.0,5563061574237.0,11091976334739.0,-10429535229187.0,-240776025051.0,-202902993436.0,-93376087267.0
PET,2019,1640317600389.0,4966334501358.0,10008488846193.0,-9397354564382.0,-223578783271.0,-251495637148.0,-67681145079.0
PET,2020,1663165996022.0,6320756540108.0,13453248702327.0,-12784348853200.0,-232406377528.0,-201947554458.0,-76419942463.0
PET,2021,1939727970659.0,8493140365997.0,17598237599586.0,-16659038153375.0,-284855285475.0,-271461913218.0,-81065460546.0
PET,2022,2062411237518.0,9039495579124.0,17543322605087.0,-16576218727069.0,-336201939859.0,-146822803006.0,-175767092310.0
PET,2023,2186259767890.0,9479475648290.0,17217791485484.0,-16495454810908.0,-336485160178.0,-193698759159.0,-309587603886.0
PET,2024,2338250462750.0,10165003468335.0,19043708488035.0,-18153816218844.0,-406785849506.0,-208372353278.0,-143846108325.0
PET,2025,2658539369614.0,13417519878781.0,21815238024741.0,-20815361906077.0,-446096996133.0,-239213027240.0,-230628646948.0
PGS,2018,955236111510.0,2488681506167.0,6574596088349.0,-5452507797166.0,-910578563903.0,-79407058528.0,-3660533397.0
PGS,2019,981673829084.0,2162188515636.0,6382832660253.0,-5307420281402.0,-911862523604.0,-74869743597.0,-3704631580.0
PGS,2020,988262060841.0,2350496523638.0,4800561082126.0,-3935881374772.0,-705112519188.0,-71994399476.0,-17579846802.0
PGS,2021,1006749577739.0,2410013683460.0,5614656202929.0,-4840039745148.0,-595329545557.0,-73419617303.0,-12079128858.0
PGS,2022,1018991764233.0,2389451316230.0,6820689059105.0,-5973475503420.0,-632555080647.0,-96116992210.0,-8215129069.0
PGS,2023,1009772850566.0,2737637322267.0,5677352773512.0,-4792196520802.0,-655765955413.0,-86514031540.0,-12762581378.0
PGS,2024,1014741766358.0,2841418344920.0,6438682469797.0,-5495063722526.0,-684456936566.0,-123549476023.0,-8981229222.0
PGS,2025,1018746692401.0,2553835834447.0,6162331834140.0,-5240423613614.0,-702122881924.0,-94917331690.0,-16708248918.0
PHP,2018,4096439782610.0,5467844533359.0,2045549032433.0,-1394752091904.0,0.0,-203321027910.0,-43238171219.0
PHP,2019,4408283869546.0,5785178232528.0,2116616876172.0,-1404249933009.0,0.0,-211224043891.0,-42499523525.0
PHP,2020,4658919775976.0,5811420524961.0,2030662780091.0,-1301949876669.0,0.0,-189055007566.0,-8932997970.0
PHP,2021,4996540835184.0,6102500111535.0,2284630005397.0,-1457619262205.0,0.0,-182320730701.0,-8293007238.0
PHP,2022,5382777965113.0,6615370761654.0,2349509752589.0,-1504407432501.0,0.0,-215446760798.0,-7369444568.0
PHP,2023,5735589096052.0,7078981776488.0,2156446439191.0,-1400571706996.0,0.0,-216285601475.0,-6529402168.0
PHP,2024,6360793343104.0,8493639469322.0,2595479044228.0,-1605445106833.0,0.0,-253198425586.0,-7105158670.0
PHP,2025,6816881647945.0,9913791982405.0,2730324694363.0,-1453617740198.0,-461552000.0,-293733072351.0,-23031999143.0
PHR,2018,2686833366192.0,5087330095626.0,1557797312902.0,-1283424790816.0,-24525051979.0,-78505080996.0,-27769064729.0
PHR,2019,2601160407515.0,5854513682699.0,1638842882582.0,-1285682915423.0,-27652579626.0,-90295027579.0,-30277301665.0
PHR,2020,3311290986851.0,6538924775734.0,1631648245568.0,-1242917569391.0,-29216581532.0,-84061079043.0,-50386352077.0
PHR,2021,3109170655823.0,6027084467664.0,1945434625353.0,-1428872574567.0,-31684629279.0,-115245810730.0,-19666870680.0
PHR,2022,3439218733717.0,6333298694846.0,1708579398984.0,-1306945092274.0,-40831633593.0,-115866472028.0,-16630662310.0
PHR,2023,3814237751342.0,6160532490687.0,1351024069392.0,-1023979785037.0,-33520814510.0,-100144838404.0,-17321084432.0
PHR,2024,3919090627983.0,5931927851865.0,1633090518901.0,-1210628838401.0,-37580028492.0,-132307583091.0,-14068806782.0
PHR,2025,4222166238002.0,6148040165838.0,1794932447399.0,-1290795314041.0,-30480645547.0,-203226514990.0,-2571486108.0
PLX,2018,23092271891081.0,56283120293669.0,191932473949160.0,-178026370937695.0,-8543576177634.0,-573152566951.0,-865487977236.0
PLX,2019,25923320952118.0,61762413837959.0,189603525406879.0,-175434116763035.0,-8702295255390.0,-639668300698.0,-791223776592.0
PLX,2020,24126402466781.0,61106212964443.0,123918650378651.0,-113878713434396.0,-8591021707535.0,-819680790229.0,-706153423148.0
PLX,2021,28260191572059.0,64791240989120.0,169008605067215.0,-156385701253224.0,-9073259955415.0,-765824923747.0,-602527447452.0
PLX,2022,27782610644219.0,74475615486233.0,304063811426444.0,-291744174805179.0,-10499546305289.0,-823260439762.0,-644056268958.0
PLX,2023,29202107178831.0,79675619099330.0,273979175973479.0,-258715274315672.0,-12139673166162.0,-949360826359.0,-898602546828.0
PLX,2024,29307974443473.0,81274634873472.0,284017424539160.0,-266666114613699.0,-13517691226147.0,-1040695331786.0,-568190119356.0
PLX,2025,29561742828621.0,85855397411812.0,309874515169939.0,-291761774258651.0,-14467138972487.0,-1192962717820.0,-798238675117.0
PMW,2018,348950598981.0,412784531750.0,262946840439.0,-159553764006.0,-8454295513.0,-19002357568.0,-2753780823.0
PMW,2019,477378589154.0,529567145184.0,265412701727.0,-164004238637.0,-11949807108.0,-19158440001.0,-1806575341.0
PMW,2020,478453053575.0,523789682779.0,266359456456.0,-170317226248.0,-10356975121.0,-18657661996.0,709989208.0
PMW,2021,506191571585.0,569014582151.0,333459096328.0,-224280334922.0,-10818659419.0,-21527515939.0,-441652571.0
PMW,2022,575019170578.0,644415726315.0,345387422860.0,-237466286346.0,-15720548319.0,-25599235100.0,-863327513.0
PMW,2023,585143244691.0,659432899815.0,341753880241.0,-232631435382.0,-12987884467.0,-27407443640.0,-715256554.0
PMW,2024,622129097164.0,701678377340.0,363848260132.0,-236535673376.0,-16421222004.0,-28623653878.0,-1587030155.0
PMW,2025,579329574350.0,673133548081.0,355520499649.0,-234839415530.0,-17705063902.0,-29727012523.0,-1452498070.0
PNG,2018,40027049153.0,134820865846.0,192175778665.0,-141456295091.0,-26287255377.0,-95961909954.0,-5810363238.0
PNG,2019,55052143166.0,168626843330.0,213016901599.0,-151513989589.0,-31832279183.0,-9507959678.0,-5223339458.0
PNG,2020,56437576253.0,135497272067.0,201962060218.0,-155709007897.0,-30906040348.0,-8622658184.0,-6208265363.0
PNG,2021,64882347777.0,126959720228.0,103007426336.0,-72578012131.0,-23697627075.0,2078878880.0,-3007579369.0
PNG,2022,85161105454.0,126034743755.0,118606539899.0,-59959283576.0,-28775086005.0,-8435512295.0,-1851632910.0
PNG,2023,103768283747.0,129393678760.0,98452486388.0,-43039114407.0,-26718632995.0,-6559381092.0,-1123321169.0
PNG,2024,126114001209.0,145201117684.0,94233709751.0,-51238289645.0,-11597550599.0,-4611730834.0,-174368542.0
PNG,2025,139359393032.0,171843750228.0,91129308125.0,-51608475717.0,-10446190485.0,-2883791810.0,-95114033.0
PNJ,2018,3745073427904.0,6437895556604.0,14571135744850.0,-11792052183391.0,-1170069069426.0,-345868153940.0,-61109039390.0
PNJ,2019,4577265811347.0,8602964421816.0,17000681080523.0,-13539967588262.0,-1361807553507.0,-475831697930.0,-115367610418.0
PNJ,2020,5241861865008.0,8483146098451.0,17510788650999.0,-14076055770112.0,-1420855653447.0,-505572794605.0,-154416694276.0
PNJ,2021,6012633980253.0,10619016547122.0,19547058364834.0,-15948760134458.0,-1687654952494.0,-501819303928.0,-104380274160.0
PNJ,2022,8444094654850.0,13337124649246.0,33876454559153.0,-27949348024381.0,-2828208644376.0,-673996996684.0,-94143431408.0
PNJ,2023,9806180663976.0,14427558015356.0,33136929196429.0,-27078338249235.0,-2835769469802.0,-693934934718.0,-118568804103.0
PNJ,2024,11255306630522.0,17207730777685.0,37822837171385.0,-31149334531193.0,-3207574691174.0,-795749355922.0,-46775305829.0
PNJ,2025,13274913459412.0,20163630247041.0,34976042929392.0,-27292194621378.0,-3322701974507.0,-824395851865.0,-119082599327.0
POB,2018,112950477643.0,136195583015.0,761051557055.0,-725178284796.0,-26569292919.0,-8235608625.0,0.0
POB,2019,112834008833.0,149124377883.0,827318578888.0,-787900363920.0,-28757891771.0,-7531646625.0,-185855739.0
POB,2020,109169723684.0,133047022796.0,547572439832.0,-514712342259.0,-26749967941.0,-7073643813.0,-51369863.0
POB,2021,111851246670.0,154000299019.0,978495761192.0,-932964413775.0,-32518731282.0,-9713526048.0,0.0
POB,2022,113225650774.0,155032405048.0,2038251185800.0,-1983294453892.0,-41385698685.0,-11591727605.0,0.0
POB,2023,113572658692.0,176523621816.0,2216524519768.0,-2157211925598.0,-46046519909.0,-11749515608.0,-7441096.0
POB,2024,112327328583.0,180504883536.0,2410586886105.0,-2349250723295.0,-48486719055.0,-12384323625.0,0.0
POB,2025,112019209400.0,183170560002.0,2641235455008.0,-2575107406908.0,-53215953854.0,-13650874272.0,0.0
PPH,2018,1681378529273.0,5427847521125.0,3499309851907.0,-3204731983938.0,-131320830866.0,-180433609934.0,-161958746028.0
PPH,2019,1540237377383.0,4535135721198.0,3335691715342.0,-3045489379045.0,-148335323513.0,-206554481147.0,-160307048609.0
PPH,2020,1630537744656.0,3780225658705.0,2099133368320.0,-1859225780060.0,-75781659438.0,-138419467250.0,-82436804035.0
PPH,2021,1661274449097.0,3578312303962.0,1652139499820.0,-1363527050926.0,-62292459070.0,-180487717502.0,-41654125602.0
PPH,2022,1783772993715.0,3418578432155.0,1743405763866.0,-1393246121890.0,-64690293031.0,-188326180572.0,-42241724408.0
PPH,2023,1778288107998.0,3538779459801.0,1749381396637.0,-1401637434862.0,-77059549951.0,-221824872170.0,-59352205703.0
PPH,2024,1884018751340.0,3579052053335.0,2232677430682.0,-1803527972601.0,-88390177071.0,-258205156184.0,-54671580549.0
PPH,2025,2112046920154.0,3636306547331.0,2452641934896.0,-1971452305915.0,-112756704800.0,-229773006469.0,-58025738276.0
PTB,2018,1660894721749.0,3399241931491.0,4719065031021.0,-3876043018702.0,-177405041790.0,-157471418817.0,-57210326024.0
PTB,2019,1845517035757.0,4328694369097.0,5549137355104.0,-4517926967318.0,-223622983369.0,-185443262020.0,-92311437775.0
PTB,2020,1990625344656.0,4773757358132.0,5601236769697.0,-4460347423722.0,-422107833423.0,-196699532812.0,-89239816660.0
PTB,2021,2390733951007.0,5430878287077.0,6491949040731.0,-5039328586591.0,-550495885631.0,-205122950138.0,-98746277603.0
PTB,2022,2761260561125.0,5238297875783.0,6886522253734.0,-5346472824101.0,-562684372653.0,-232687750849.0,-110925843623.0
PTB,2023,2776717951706.0,5263776311415.0,5618569890239.0,-4474327555274.0,-439292282902.0,-248692530978.0,-116816101883.0
PTB,2024,3032888999676.0,5489132951980.0,6466470034276.0,-5242139999727.0,-496931572409.0,-264296123366.0,-78047461664.0
PTB,2025,3348397541292.0,6393015167008.0,7299511920938.0,-5799918437049.0,-563208690298.0,-284757145893.0,-77608581812.0
PVI,2018,19648014306456.0,19648014306456.0,4301564320016.0,,0.0,0.0,
PVI,2019,22086852253570.0,22086852253570.0,4384580933051.0,,0.0,0.0,
PVI,2020,22276442444286.0,22276442444286.0,4527688014126.0,,0.0,0.0,
PVI,2021,24282101330350.0,24282101330350.0,4767249678112.0,,0.0,0.0,
PVI,2022,26123593294919.0,26123593294919.0,5948975565379.0,,0.0,0.0,
PVI,2023,26942678995220.0,26942678995220.0,6514661136308.0,,0.0,0.0,
PVI,2024,31795022876106.0,31795022876106.0,7543235367080.0,,0.0,0.0,
PVI,2025,44512136899824.0,44512136899824.0,9341307402162.0,,0.0,0.0,
PVS,2018,12705246627662.0,23089468598244.0,14638123531381.0,-13519381857358.0,-101505997558.0,-644550741070.0,-26802119146.0
PVS,2019,12970746435609.0,26286532954217.0,16788870413790.0,-15577629398018.0,-107903793598.0,-728578897683.0,-33778304743.0
PVS,2020,12884117151627.0,26279277126937.0,20179913749667.0,-19401747769545.0,-118646294100.0,-797515784603.0,-55755530102.0
PVS,2021,12607764588113.0,24870938801888.0,14198441443708.0,-13422789092617.0,-89440083792.0,-712481910717.0,-45619511092.0
PVS,2022,13054801249656.0,25924030290675.0,16366413654569.0,-15352536238308.0,-79326222890.0,-827746592838.0,-50646884587.0
PVS,2023,13544222915241.0,26416008810387.0,19373562363761.0,-18334534034521.0,-85405257798.0,-966858088315.0,-73036083814.0
PVS,2024,14739527742394.0,34076808359015.0,23769886143043.0,-22704782953899.0,-95203694991.0,-1235176555472.0,-64045546620.0
PVS,2025,16071712181840.0,38790761189504.0,32718260534319.0,-30847707980625.0,-110376688932.0,-1278776599946.0,-68456557232.0
QHD,2018,82172476394.0,139654323079.0,221493376367.0,-203306023733.0,-8245520009.0,-7849465153.0,-931608339.0
QHD,2019,77767759499.0,123981653297.0,239462466912.0,-205429814167.0,-7637930340.0,-9729766518.0,-900081912.0
QHD,2020,95739012983.0,131542392743.0,272329086274.0,-216409468482.0,-7408954356.0,-10585200543.0,-685929081.0
QHD,2021,95338280507.0,137878604819.0,273476947130.0,-237859018730.0,-9138538732.0,-10298239648.0,-1133075352.0
QHD,2022,102234348894.0,160193734937.0,300353301689.0,-252520220212.0,-9552999122.0,-14619296429.0,-1389271267.0
QHD,2023,114153290132.0,164226446485.0,310780717038.0,-253229210975.0,-12830059995.0,-14550185693.0,-1035971333.0
QHD,2024,114637421148.0,168510223693.0,355170369820.0,-305103692406.0,-15156366081.0,-16750782200.0,-1094345211.0
QHD,2025,127250972440.0,189380925000.0,442132312757.0,-373336216430.0,-18543876214.0,-18709792320.0,-1340246241.0
QNS,2018,5352708848470.0,8001683219327.0,8031038423626.0,-5736791293528.0,-761581172250.0,-175794978702.0,-90021145503.0
QNS,2019,6470022366408.0,9047802426441.0,7680889252723.0,-5224486810304.0,-785326185604.0,-214246805827.0,-76961987689.0
QNS,2020,6605366506554.0,9150330949295.0,6489763826797.0,-4438284191180.0,-654113883340.0,-234335496961.0,-71041570755.0
QNS,2021,7094887530449.0,9875750270347.0,7335294392055.0,-5073234436282.0,-693932847200.0,-252508477645.0,-65880925449.0
QNS,2022,7464879424244.0,10266464189015.0,8255003679822.0,-5796078008092.0,-868297002640.0,-232062418660.0,-83170019490.0
QNS,2023,8580558538835.0,12052764526703.0,10021235264199.0,-6670392634780.0,-805491960579.0,-391346215563.0,-136264011316.0
QNS,2024,10001517079259.0,13808488061635.0,10243265405026.0,-6759246728248.0,-862662368859.0,-240538806846.0,-93610782278.0
QNS,2025,10645778709185.0,14350118600886.0,10574875899983.0,-7050345524583.0,-1358799132704.0,-245398950782.0,-106881285155.0
QPH,2018,273762059700.0,391410430083.0,115598844787.0,-52721623272.0,0.0,-7481381703.0,-7128708413.0
QPH,2019,277927092626.0,409434919661.0,104209257931.0,-51743892605.0,0.0,-5653471761.0,-4892349951.0
QPH,2020,305360320410.0,428838022230.0,113631750272.0,-53954649472.0,0.0,-5720933834.0,-3703304115.0
QPH,2021,336900740635.0,421362752021.0,120412064801.0,-49139514123.0,0.0,-5528906377.0,-1544416406.0
QPH,2022,371661982386.0,493347113757.0,120300912181.0,-47911295431.0,0.0,-6173619461.0,-1107446418.0
QPH,2023,441766573437.0,527918796404.0,110910192863.0,-48727214319.0,0.0,-5841451266.0,-1499872178.0
QPH,2024,474787791195.0,617441847215.0,110772110243.0,-46894834358.0,0.0,-6134812706.0,-3735426035.0
QPH,2025,287005784918.0,378728608451.0,128065445257.0,-49355172872.0,0.0,-6205421762.0,-3999164130.0
QTC,2018,46492679126.0,96726501806.0,149083005295.0,-131115460962.0,0.0,-9090340265.0,-662852088.0
QTC,2019,44306542742.0,70974848553.0,163290542359.0,-150112818974.0,0.0,-7269845495.0,-283982030.0
QTC,2020,42761928320.0,92488371483.0,129768689918.0,-120675613702.0,0.0,-6416340251.0,-47577478.0
QTC,2021,42628222557.0,70593512558.0,138844694887.0,-129667405210.0,0.0,-7436135762.0,-409216630.0
QTC,2022,40554689094.0,59850517588.0,89984529955.0,-83090288828.0,0.0,-5634969661.0,-385120709.0
QTC,2023,40173096116.0,52102991620.0,80411606348.0,-72857303925.0,0.0,-5577571371.0,-129810035.0
QTC,2024,40596349849.0,63679541027.0,73966798225.0,-66452655117.0,0.0,-5123890506.0,-17790972.0
QTC,2025,41246638197.0,60209627965.0,88085201802.0,-77996389939.0,0.0,-6837992841.0,-169621330.0
RAL,2018,822019523361.0,2739793760821.0,3621263784191.0,-2634666337498.0,-573632309278.0,-116423158830.0,-60513266030.0
RAL,2019,834521567141.0,3014716628302.0,4255759849184.0,-2966451873050.0,-750067996147.0,-112147823039.0,-73473920599.0
RAL,2020,1079307837285.0,4026011671734.0,4922447075019.0,-3414540925840.0,-836341022696.0,-184614932050.0,-59335959661.0
RAL,2021,1369091421835.0,5392296916367.0,5709067834888.0,-4027369313094.0,-920549799183.0,-210050518779.0,-52887980035.0
RAL,2022,2621694793680.0,6716483094288.0,6909236263291.0,-5074555400953.0,-996655907796.0,-147105664049.0,-68380855971.0
RAL,2023,2974272459760.0,7751688239828.0,8316322039643.0,-6311054201908.0,-1125976090607.0,-159005437013.0,-107816405730.0
RAL,2024,3303554061670.0,8308862347606.0,8356598448889.0,-6446389940245.0,-1067545494647.0,-117358681158.0,-83651819000.0
RAL,2025,3398678540471.0,8136142824220.0,6359556546795.0,-4910173875945.0,-811610313355.0,-133104410511.0,-104815645729.0
REE,2018,9928368333646.0,15499663107624.0,5100654996975.0,-3872581352224.0,-98584137794.0,-214709679120.0,-224927404624.0
REE,2019,11101668539466.0,19622764795716.0,4889831825376.0,-3643618854408.0,-78371474365.0,-221581896835.0,-409016686932.0
REE,2020,12212648919629.0,20530453734936.0,5639752725967.0,-4033887057177.0,-82735361072.0,-283713770081.0,-416425845956.0
REE,2021,16357877053624.0,31827003374458.0,5809810928821.0,-3499780319487.0,-85073572183.0,-370461124107.0,-663213132564.0
REE,2022,19203692612738.0,33914556733508.0,9371927777326.0,-5042144068004.0,-88908329412.0,-577624360997.0,-882746948990.0
REE,2023,20770101237988.0,34912272846093.0,8569918341777.0,-4859979570703.0,-92540436139.0,-663075670866.0,-938879965835.0
REE,2024,22454784094116.0,36362339883577.0,8383666601214.0,-5259571562464.0,-118200239690.0,-577607076180.0,-737977126660.0
REE,2025,24796538128654.0,40074533653744.0,10011611124740.0,-6236406433555.0,-119704387237.0,-655042423158.0,-687711539661.0
RGG,2024,2395478915644.0,4747050839678.0,610105567876.0,-225955196390.0,-64781178322.0,-53382935169.0,-36168642953.0
RGG,2025,2441031646143.0,5141378958982.0,712254384660.0,-349465043033.0,-136982249827.0,-117561681090.0,-21846664565.0
RTB,2018,1869311095944.0,2862143392895.0,553295045322.0,-449509700373.0,-19975596887.0,-46901891400.0,-27411553659.0
RTB,2019,1866267471507.0,2848149451882.0,539964442078.0,-427808282864.0,-24914399586.0,-50488817517.0,-33617925269.0
RTB,2020,1960112157843.0,2871663898118.0,670904689411.0,-511840560709.0,-23890261212.0,-48216587662.0,-42021161400.0
RTB,2021,2075614692974.0,2799866618952.0,890859547753.0,-553985586552.0,-38437011666.0,-61516835060.0,-38524028608.0
RTB,2022,2219348624244.0,2769422132307.0,936733748971.0,-622107144677.0,-37587117034.0,-62189833945.0,-25298697574.0
RTB,2023,2327648461423.0,2735124646485.0,952340858967.0,-696883429994.0,-29980374914.0,-61161727508.0,-20237368614.0
RTB,2024,2667495211592.0,3037973413468.0,1182158471785.0,-699355171148.0,-37649681195.0,-73057636499.0,-12371203649.0
RTB,2025,3044197812232.0,3307730427555.0,1229838486239.0,-726094574724.0,-34001837742.0,-87871125929.0,-3129205804.0
S4A,2018,479705359985.0,1122822226542.0,307491761323.0,-106701394598.0,0.0,-7571350236.0,-45893265833.0
S4A,2019,523948322173.0,1086127208193.0,257411721647.0,-110096041682.0,0.0,-7116749370.0,-41399280960.0
S4A,2020,525954121023.0,1018121070371.0,233263610787.0,-99898824644.0,0.0,-7229551606.0,-36397234398.0
S4A,2021,580640343610.0,992026049132.0,285017048311.0,-107963639642.0,0.0,-7440352909.0,-28624627002.0
S4A,2022,638720144860.0,1010948843936.0,308144781114.0,-111721839007.0,0.0,-8893965329.0,-22612344082.0
S4A,2023,590445435978.0,1000461847091.0,286396916910.0,-113596511149.0,0.0,-8187809444.0,-20546557819.0
S4A,2024,553967420842.0,1040319389502.0,247706529200.0,-111619639030.0,0.0,-7128570361.0,-32631559696.0
S4A,2025,598921503701.0,1047332595519.0,326598606459.0,-134270415475.0,0.0,-8214861823.0,-28632288046.0
S55,2018,500686103199.0,945033017609.0,385547971391.0,-300477853036.0,0.0,-13997937994.0,-29653356316.0
S55,2019,525149159782.0,1167775428443.0,409234069024.0,-343809667769.0,0.0,-16945586720.0,-29350607294.0
S55,2020,574388523311.0,1545792819230.0,469381526298.0,-368938488426.0,0.0,-12803169641.0,-45528789935.0
S55,2021,706858750451.0,1800139412660.0,426290576746.0,-292467851457.0,0.0,-30136512127.0,-60567310583.0
S55,2022,806777870071.0,1920874700245.0,949298479785.0,-748286567596.0,0.0,-14323121452.0,-80018153124.0
S55,2023,839319648757.0,2232098281322.0,627200794335.0,-498076020793.0,0.0,-15928206810.0,-107978409532.0
S55,2024,944961032469.0,2084402115371.0,583807146427.0,-413019470470.0,0.0,-17712515604.0,-68067277204.0
S55,2025,1066543236585.0,2062975870411.0,364631311608.0,-172387816837.0,0.0,-14179590583.0,-71770718421.0
SAB,2018,16111905568169.0,22366742792213.0,35948552561947.0,-27864413389551.0,-2731090859491.0,-912705312866.0,-35244808353.0
SAB,2019,20076247056364.0,26962476094045.0,37899059501295.0,-28348430809281.0,-3003290717435.0,-1047841925145.0,-37367206872.0
SAB,2020,21215276390928.0,27374972775358.0,27961323837011.0,-19460229052562.0,-2859036781083.0,-702005344515.0,-63681326473.0
SAB,2021,22594785703161.0,30487024372425.0,26373746293858.0,-18765181482365.0,-3500368629369.0,-597716255412.0,-48739800374.0
SAB,2022,24590845919393.0,34465075615756.0,34979083993835.0,-24208377066751.0,-4532068273139.0,-740665660468.0,-45517297000.0
SAB,2023,25485157894867.0,34056624839705.0,30461367282215.0,-21370004777980.0,-4479227839581.0,-800691619935.0,-50214725919.0
SAB,2024,24437093182672.0,33439406364651.0,31872417486656.0,-22554220918390.0,-4041556507837.0,-839413837596.0,-27449548631.0
SAB,2025,22999815076554.0,32597353623714.0,25888192228121.0,-16587631403329.0,-4022369468136.0,-983559292855.0,-34346202652.0
SAS,2018,1538797187991.0,2213490525464.0,2658902627777.0,-1447012258220.0,-694320171299.0,-260774012815.0,-827940153.0
SAS,2019,1586676439217.0,2347385493413.0,2895409351395.0,-1513502659450.0,-811338359862.0,-306704241522.0,-3060910446.0
SAS,2020,1511734858518.0,1806089113033.0,918202934540.0,-472701546188.0,-290244679028.0,-187766146857.0,-1470191879.0
SAS,2021,1420921349142.0,1551146942895.0,321078277207.0,-172313129384.0,-115173835061.0,-93367249505.0,-302411787.0
SAS,2022,1525509468748.0,2043832499954.0,1400255983071.0,-665973589760.0,-404168028410.0,-199059764437.0,-91451462.0
SAS,2023,1484297812877.0,2249144915410.0,2580872265953.0,-1184567896917.0,-858745841716.0,-371318522655.0,0.0
SAS,2024,1639558294921.0,2369678453624.0,2906177297183.0,-1187118647022.0,-953107193905.0,-399869899929.0,0.0
SAS,2025,1878813227612.0,2464248613353.0,3315520890734.0,-1227883071249.0,-1017588067641.0,-375686388360.0,0.0
SBH,2018,2025227345062.0,2473026292467.0,892614529072.0,-332738572352.0,0.0,-32488630291.0,-31086715397.0
SBH,2019,2041346951272.0,2243426640423.0,694661225332.0,-323853142058.0,0.0,-35244243414.0,-19303068738.0
SBH,2020,2350313777345.0,2522728066018.0,804910361374.0,-379053010204.0,0.0,-53660864027.0,-7470167516.0
SBH,2021,2001831239436.0,2134643591788.0,873124396303.0,-358613333890.0,0.0,-44539481027.0,-4678359205.0
SBH,2022,2257480880478.0,2420484570837.0,1143295980060.0,-437306426477.0,0.0,-55374101174.0,0.0
SBH,2023,2112390461324.0,2229962076840.0,961841750344.0,-413117726363.0,0.0,-55769026203.0,0.0
SBH,2024,1648065175448.0,1781184601257.0,627650459845.0,-312860592023.0,0.0,-47676906360.0,0.0
SBH,2025,1996336269943.0,2212594331978.0,989975570703.0,-289485244690.0,0.0,-57217067731.0,0.0
SBM,2018,488406299334.0,905116193475.0,316748960872.0,-143717963500.0,0.0,-8112974400.0,-39284590636.0
SBM,2019,451979370467.0,823596181042.0,234632061024.0,-135968904735.0,0.0,-6436306407.0,-32204502093.0
SBM,2020,515426119028.0,765544782659.0,230297046449.0,-131945190379.0,0.0,-4860644036.0,-24906316461.0
SBM,2021,550684854639.0,720925470130.0,196112715847.0,-116811328302.0,0.0,-4942466662.0,-17063677366.0
SBM,2022,610836743379.0,697891506686.0,294717247437.0,-124887459091.0,0.0,-5779327371.0,-8876232602.0
SBM,2023,610969812428.0,663903614922.0,208434607590.0,-103448532259.0,0.0,-5649153772.0,-4322422349.0
SBM,2024,624960018950.0,665755179335.0,279941374231.0,-110228799910.0,0.0,-5911739875.0,-1838453624.0
SBM,2025,588263980025.0,662917965802.0,287455913851.0,-118063985539.0,0.0,-5790853612.0,-2191152531.0
SCG,2020,595552430285.0,1344047668192.0,1420345755182.0,-1278531719153.0,0.0,-29524986369.0,0.0
SCG,2021,1104360317053.0,4871164108824.0,2857279789954.0,-2614770758378.0,-63648786.0,-54809040348.0,-148881071521.0
SCG,2022,1140105332977.0,7505300596561.0,1742069035322.0,-1608765979110.0,-527010113.0,-88722873176.0,-222485045144.0
SCG,2023,1161218861930.0,6799012338212.0,793597911306.0,-740636431215.0,-233545989.0,-66617510378.0,-430412113928.0
SCG,2024,1359541783071.0,8501549904096.0,2705064519164.0,-2443376435568.0,-17334000.0,-77841887191.0,-329856546258.0
SCG,2025,1682605953471.0,11762359494045.0,6520580662435.0,-6016429647781.0,0.0,-93517429115.0,-361229601455.0
SCS,2018,884969776578.0,970800630729.0,675369023793.0,-146988872005.0,0.0,-67176489626.0,-145633526.0
SCS,2019,1004245922560.0,1073272927618.0,747976111576.0,-153064771804.0,0.0,-68121958964.0,-973885714.0
SCS,2020,1015732526245.0,1094301560268.0,692853328845.0,-155021182832.0,0.0,-64537108967.0,0.0
SCS,2021,1249322541616.0,1415534109851.0,839105841236.0,-187490198895.0,0.0,-78080830742.0,0.0
SCS,2022,1433656103622.0,1555571266692.0,851017793356.0,-153032664992.0,0.0,-56896641494.0,0.0
SCS,2023,1338785597683.0,1702999280093.0,704825146895.0,-169522505619.0,0.0,-51666611772.0,0.0
SCS,2024,1405808911040.0,1897525111182.0,1036882045512.0,-236062767082.0,0.0,-71140677871.0,0.0
SCS,2025,1561658698605.0,2165877347046.0,1196643419789.0,-257890896377.0,0.0,-68798364326.0,-311230818.0
SEB,2018,501735711890.0,841701012160.0,242975122321.0,-87937927873.0,0.0,-14081372794.0,-25037495735.0
SEB,2019,510292376672.0,824617970358.0,231181106486.0,-81403385926.0,0.0,-12041749118.0,-23210632878.0
SEB,2020,506164990130.0,770845260817.0,260097914802.0,-99683672205.0,0.0,-11505203538.0,-21134933381.0
SEB,2021,554644319850.0,749966089849.0,305427281253.0,-103362737508.0,0.0,-11152094902.0,-14465342646.0
SEB,2022,649484488446.0,736723229124.0,376924360111.0,-110760019929.0,0.0,-11730715397.0,-6106584305.0
SEB,2023,646065127269.0,708887126755.0,311283154328.0,-97157060877.0,0.0,-13530794002.0,-1539843131.0
SEB,2024,657292530385.0,696969656600.0,255792104003.0,-91802496149.0,0.0,-13170506046.0,-456064329.0
SEB,2025,665846817288.0,703508564945.0,290229927943.0,-103581300755.0,0.0,-14802303840.0,-34793910.0
SGC,2018,101781343411.0,162464945651.0,288491013216.0,-236611141276.0,-13625058031.0,-9747841101.0,-655485889.0
SGC,2019,120100716105.0,177374057658.0,318904559411.0,-251379985468.0,-15524130887.0,-10267154877.0,-1006224037.0
SGC,2020,118592462413.0,210127568266.0,311280119780.0,-244709285154.0,-15986569194.0,-12280326646.0,-410791218.0
SGC,2021,151447539652.0,226295659004.0,383582625297.0,-299177275622.0,-25499877695.0,-19235337529.0,-1288139017.0
SGC,2022,210813194827.0,271275683542.0,444379099600.0,-329276276812.0,-29345526522.0,-15041341068.0,-740495209.0
SGC,2023,253107359689.0,297196601089.0,454700127338.0,-354758727648.0,-24454564887.0,-17417284203.0,-398053387.0
SGC,2024,346158556007.0,450459015848.0,707533084247.0,-520108228987.0,-36290864433.0,-40460832405.0,-273305690.0
SGC,2025,493223725762.0,628506826450.0,743751719514.0,-519617165775.0,-40422167797.0,-36775010544.0,-1202800496.0
SGN,2018,695297540456.0,963678053320.0,1276565654102.0,-816407382384.0,0.0,-101654753444.0,0.0
SGN,2019,968335311838.0,1253424993767.0,1585150344354.0,-995214333992.0,0.0,-129949241501.0,0.0
SGN,2020,885067803871.0,1045520451171.0,730826982071.0,-562974851965.0,0.0,-73237754786.0,0.0
SGN,2021,820290134691.0,938589049757.0,488318545497.0,-381484038715.0,0.0,-56953291391.0,0.0
SGN,2022,861907588281.0,1076542733192.0,995163223157.0,-724296998291.0,0.0,-112334616961.0,0.0
SGN,2023,1012320221967.0,1289193128768.0,1455650680216.0,-1000313124583.0,0.0,-201431609371.0,0.0
SGN,2024,1196355780091.0,1489572503003.0,1518231489552.0,-1021844679894.0,0.0,-169724511022.0,0.0
SGN,2025,1372757920967.0,1732756091809.0,1480707944056.0,-1054983193706.0,0.0,-190881463303.0,0.0
SHP,2018,1234244835423.0,2312275715760.0,619287153031.0,-309274812543.0,0.0,-23913077502.0,-89772625632.0
SHP,2019,1253352234318.0,2085171271717.0,643027010680.0,-318356881168.0,0.0,-23101179921.0,-77200307245.0
SHP,2020,1120849521280.0,1825096042627.0,429384136428.0,-287868924643.0,0.0,-21013432427.0,-57311431153.0
SHP,2021,1336664787245.0,1832513519492.0,657816352379.0,-307564259426.0,0.0,-29601841050.0,-41932172992.0
SHP,2022,1447228186050.0,1768989904377.0,746101515100.0,-319319712544.0,0.0,-33904544221.0,-26471295794.0
SHP,2023,1356335858089.0,1545800640493.0,661182642160.0,-312961989673.0,0.0,-28215087270.0,-19113785641.0
SHP,2024,1338684555362.0,1444460077870.0,627846753679.0,-263328110874.0,0.0,-30907281554.0,-7161387001.0
SHP,2025,1369076990521.0,1469965043983.0,647670821083.0,-268968455969.0,0.0,-37255901310.0,-646878082.0
SIP,2018,1363929026519.0,10738929415482.0,3239457416840.0,-2859657574300.0,-17229536118.0,-101100726043.0,-5578621522.0
SIP,2019,1897366550255.0,13465969219897.0,4339740740543.0,-3733991330246.0,-14077202285.0,-89524726529.0,-4157677229.0
SIP,2020,2777911810089.0,16700343267226.0,5082582898643.0,-4393517748829.0,-18353540543.0,-9175218706.0,-18158422823.0
SIP,2021,3297878364334.0,17817257498067.0,5577558610139.0,-4804700700072.0,-11893200556.0,-87046067069.0,-9711860761.0
SIP,2022,3660833038997.0,19003421930801.0,6034522979800.0,-5133385265623.0,-15155151656.0,-91971753325.0,-26551999751.0
SIP,2023,4028050630444.0,21060427289745.0,6676517358980.0,-5746069767603.0,-13131632220.0,-95597964963.0,-64090697720.0
SIP,2024,4867821282044.0,25052880615092.0,7801156924367.0,-6706012610480.0,-21646531620.0,-88520635592.0,-76838870966.0
SIP,2025,5813983485201.0,28670187894442.0,8596226022275.0,-7252790659082.0,-75659413086.0,-96536697603.0,-161671773013.0
SIV,2018,156894217868.0,218139757673.0,194420895169.0,-149616882518.0,-5653586358.0,-10328007060.0,-1789073023.0
SIV,2019,170177110291.0,227599124683.0,195522999995.0,-143197417187.0,-4014375379.0,-15851789812.0,-2610880645.0
SIV,2020,185503150686.0,285947399147.0,181963547470.0,-131218103729.0,-2916579158.0,-16865581194.0,-2154530137.0
SIV,2021,204504355440.0,314758793232.0,175267936680.0,-132720811652.0,-3386773831.0,-16201804304.0,-2847165880.0
SIV,2022,204191992611.0,305117356062.0,209323677211.0,-167947962355.0,-4713901347.0,-16597282931.0,-6289642833.0
SIV,2023,216685069763.0,306717281711.0,211499386641.0,-157355339388.0,-4775660364.0,-21056889766.0,-5525701345.0
SIV,2024,231553178707.0,315748657607.0,222384747474.0,-167806736832.0,-4718958221.0,-20294627236.0,-3302354895.0
SIV,2025,252136303334.0,303365207372.0,253529762015.0,-186765483690.0,-6172686517.0,-26069655796.0,-2148511289.0
SMB,2018,443318897268.0,838815034591.0,1537710666760.0,-1267051321318.0,-43803083582.0,-75263429735.0,-7751672172.0
SMB,2019,472010456293.0,797474783543.0,1524673925675.0,-1169737354191.0,-41053188557.0,-71426729220.0,-4739324496.0
SMB,2020,495238276891.0,804069684410.0,1207149097678.0,-895889134850.0,-51175437200.0,-67293816198.0,-3382308682.0
SMB,2021,554093848487.0,937098351202.0,,,,,
SMB,2022,606691704521.0,978496121183.0,1387339764777.0,-1014111752802.0,-74443111897.0,-79515542917.0,-4448060308.0
SMB,2023,598378249108.0,1016566729709.0,1319917629120.0,-978468584408.0,-77618675463.0,-87722910147.0,-4207245596.0
SMB,2024,599386688381.0,1039781691012.0,1446430915995.0,-1042319768428.0,-103092546594.0,-91844366478.0,-2236420207.0
SMB,2025,627910707814.0,1044769903636.0,1365272005725.0,-935221194163.0,-128342294284.0,-95175584230.0,-3338663755.0
SPV,2018,136398629609.0,383205121599.0,549741327161.0,-478432973938.0,-28996706213.0,-14559666790.0,-3953950641.0
SPV,2019,137565348814.0,367932810346.0,478751500243.0,-402427184788.0,-30504804436.0,-29178795512.0,-4679827181.0
SPV,2020,138939986111.0,342034655294.0,379330744475.0,-319636810259.0,-27692010573.0,-16589661939.0,-3686038603.0
SPV,2021,146073262887.0,355323574005.0,441176880611.0,-364286328366.0,-33794109309.0,-20689290956.0,-3807174400.0
SPV,2022,148165949012.0,310672072147.0,403320683933.0,-328404246784.0,-31800586599.0,-23601960168.0,-4711818856.0
SPV,2023,166205513749.0,340258603140.0,443238079452.0,-356284032981.0,-29102313278.0,-28152605442.0,-5338449173.0
SPV,2024,179121541628.0,402187933698.0,564528451004.0,-445099631696.0,-43351184313.0,-39457885043.0,-6447699427.0
SPV,2025,208644672234.0,449779203400.0,691358309879.0,-547320714222.0,-50862542223.0,-42408620631.0,-5698501419.0
SSH,2019,2931631308538.0,5800798567181.0,,,,,
SSH,2020,2535601910837.0,10013225810296.0,1507695182689.0,-977812098227.0,-183223021840.0,-29438251619.0,-190083869017.0
SSH,2021,2591340179498.0,9753180699253.0,1352700107869.0,-835419451612.0,-107477742415.0,-104122894471.0,-650774577355.0
SSH,2022,5270659575208.0,19326948467091.0,858294704743.0,-617620937879.0,-83717702458.0,-149936729753.0,-732005653374.0
SSH,2023,5840446866547.0,13200834908506.0,2901240375102.0,-1099120870109.0,-256354943592.0,-133381247877.0,-533011393378.0
SSH,2024,6519554374014.0,14394873021527.0,2933922873312.0,-1574376287118.0,-209308453889.0,-138060407938.0,-338070241135.0
SSH,2025,6107750494184.0,12139247381785.0,597089353633.0,-324210928086.0,-41339600694.0,-154205463483.0,-506647192981.0
STB,2018,24632367000000.0,406040598000000.0,,,,-7837830000000.0,
STB,2019,26741640000000.0,453581057000000.0,,,,-9265703000000.0,
STB,2020,28956242000000.0,492516029000000.0,,,,-10894615000000.0,
STB,2021,34261336000000.0,521117123000000.0,,,,-9749916000000.0,
STB,2022,38626996000000.0,591907695000000.0,,,,-10920717000000.0,
STB,2023,45733864000000.0,674389660000000.0,,,,-12889906000000.0,
STB,2024,54972070000000.0,748094546000000.0,,,,-13982389000000.0,
STB,2025,59866744000000.0,917119803000000.0,,,,-13044879000000.0,
STG,2018,1623192543126.0,2347221830068.0,1761613071766.0,-1425130332149.0,-103646585073.0,-118535670232.0,-32939383521.0
STG,2019,1700838463618.0,2275456502248.0,1835501665121.0,-1452774500340.0,-117834856030.0,-123247197854.0,-8464949595.0
STG,2020,1644239298956.0,2339223190974.0,2031888621327.0,-1598558917472.0,-108675327970.0,-148783931404.0,-11399605193.0
STG,2021,1885029578313.0,2684190804821.0,2886511605507.0,-2398760691738.0,-91827968500.0,-134173137264.0,-15272204717.0
STG,2022,2123714015128.0,2784034932782.0,2639254563108.0,-2187309930948.0,-80071531567.0,-129681110424.0,-17403277637.0
STG,2023,2254645093891.0,2868678174669.0,1795635736766.0,-1507282199815.0,-74758525663.0,-129769390298.0,-15320715995.0
STG,2024,2399834844238.0,3052183340336.0,2454337015222.0,-2060409625650.0,-81741508107.0,-151591616913.0,-14220756579.0
STG,2025,2686316241377.0,3616101720813.0,2589232733593.0,-2068178966614.0,-110469807933.0,-137719445153.0,-22814998655.0
STS,2018,80183832547.0,105048875110.0,35599164259.0,-21272283545.0,0.0,-2556790765.0,0.0
STS,2019,96046863220.0,122958143191.0,42429894287.0,-22674864434.0,0.0,-2795226882.0,0.0
STS,2020,109699098121.0,129940911164.0,37922371215.0,-21379071940.0,0.0,-3225908736.0,0.0
STS,2021,132418747292.0,158678673519.0,65678639823.0,-36705797350.0,0.0,-3336587271.0,0.0
STS,2022,151260102250.0,176305003023.0,49641110450.0,-28525539682.0,0.0,-2794529614.0,-746868556.0
STS,2023,174285016313.0,199145129199.0,39096652998.0,-26983314316.0,0.0,-2986761231.0,0.0
STS,2024,190153439364.0,216156011550.0,47288672229.0,-30720482280.0,0.0,-2722040404.0,-6499726.0
STS,2025,219753169802.0,243570160645.0,60476185016.0,-27525079291.0,0.0,-2636473941.0,0.0
STW,2018,137306939771.0,279307805303.0,135054802458.0,-102410114652.0,-24176104339.0,-20509768421.0,-9795158336.0
STW,2019,130745977119.0,241754071920.0,152331287468.0,-105514677230.0,-25416340220.0,-21128557883.0,-6844109812.0
STW,2020,141153370993.0,234520874557.0,188790437128.0,-114487921875.0,-34279195036.0,-22926117290.0,-7203193445.0
STW,2021,153402687929.0,198829495892.0,193734182336.0,-113820681467.0,-42486217567.0,-24961753935.0,-3836872018.0
STW,2022,189105847109.0,229990350531.0,203527992874.0,-113208944955.0,-25059154253.0,-24059499633.0,-304661514.0
STW,2023,239607434073.0,273165734324.0,210960201679.0,-107421178603.0,-27156245328.0,-27141528196.0,0.0
STW,2024,272858098006.0,307259567099.0,220089037479.0,-115463848983.0,-25291914553.0,-32133137795.0,0.0
STW,2025,238550906072.0,275686646448.0,221150566701.0,-130683897338.0,-20626528077.0,-31210994451.0,0.0
SZG,2020,648827892763.0,3322870683683.0,380093937339.0,-248946950528.0,-14532813866.0,-33644700569.0,-13057756081.0
SZG,2021,646829577122.0,3795237736497.0,317754784106.0,-168908689353.0,-17261427258.0,-29266842727.0,-33618101722.0
SZG,2022,670451986229.0,3675543801355.0,365110060167.0,-172418828099.0,-16525182198.0,-46921564598.0,-7324598687.0
SZG,2023,789661712764.0,3689844011410.0,425252010237.0,-167026255256.0,-3473395200.0,-33778103404.0,-278318587.0
SZG,2024,907645136227.0,3919075407461.0,439780982222.0,-177333630942.0,-20737505348.0,-35092620563.0,-1175109492.0
SZG,2025,1056041411129.0,4793389533463.0,649700056032.0,-345495451957.0,-10363295214.0,-33545571907.0,-102889371.0
TAW,2018,62184145205.0,157806497423.0,214553901168.0,-197959719429.0,-223300000.0,-11324268974.0,0.0
TAW,2019,64148153183.0,147479958063.0,196118170361.0,-175628713705.0,-245000000.0,-12208544635.0,0.0
TAW,2021,61794036328.0,142201448758.0,261324995852.0,-241458647437.0,-2248535000.0,-11960382188.0,0.0
TAW,2022,64957304588.0,140632097985.0,301916544325.0,-277522800588.0,-1713674600.0,-13209102711.0,0.0
TAW,2023,66067937810.0,146560093296.0,318890303188.0,-293492581215.0,-1366686000.0,-15565702824.0,0.0
TAW,2024,68317235596.0,135051680046.0,230030851186.0,-203671777745.0,-1213380000.0,-17092890254.0,0.0
TAW,2025,66812826729.0,173289916803.0,255002317840.0,-224440286563.0,-812501280.0,-20800983634.0,0.0
TBC,2018,885606435755.0,1006008750950.0,396075329219.0,-134013647511.0,0.0,-37631163273.0,0.0
TBC,2019,1145512415357.0,1640920779753.0,296912447278.0,-124148506968.0,0.0,-33405762789.0,-14128237042.0
TBC,2020,1232735158419.0,1598822808056.0,533010767002.0,-199598856338.0,0.0,-53572466286.0,-36331155974.0
TBC,2021,1215453549403.0,1573745182378.0,495240055158.0,-186772852059.0,0.0,-54771415051.0,-23935375001.0
TBC,2022,1374308944743.0,1594503669161.0,726080260114.0,-204796443912.0,0.0,-65247291395.0,-15661775297.0
TBC,2023,1339108842532.0,1535913003640.0,430943699541.0,-173708376377.0,0.0,-60306108436.0,-9372510464.0
TBC,2024,1364838153498.0,1519817168416.0,538668435744.0,-210579398288.0,0.0,-64375910212.0,-5183835617.0
TBC,2025,1475129293513.0,1653267349086.0,562827349177.0,-222969084558.0,0.0,-64021858334.0,-821263270.0
TBD,2018,452231870492.0,1512807805301.0,2458074077785.0,-2071833944061.0,-84659155074.0,-94520633613.0,-70039382791.0
TBD,2019,522749266103.0,1347158309175.0,2375487843875.0,-1975136998810.0,-64530409398.0,-119966578360.0,-59528114190.0
TBD,2020,608318237996.0,1443222402138.0,2422136950863.0,-2060709402946.0,-31850239116.0,-124516120636.0,-32665542667.0
TBD,2021,650580930546.0,1595344254925.0,2116604349476.0,-1846290728639.0,-30155661797.0,-82391428327.0,-25700863491.0
TBD,2022,580698475082.0,1441945340784.0,1677043411948.0,-1500942632497.0,-22683706210.0,-58169653749.0,-30676657464.0
TBD,2023,559357925770.0,1484594593036.0,1818057694197.0,-1583764900775.0,-26137176844.0,-99249385801.0,-41020668470.0
TBD,2024,630248222611.0,1893672309073.0,2248612114714.0,-1916592138721.0,-43528242684.0,-81097025190.0,-27525674895.0
TBD,2025,754041320798.0,2295819345595.0,2913988758697.0,-2460958559351.0,-54191320436.0,-114727083499.0,-44520472500.0
TCX,2018,3107707885026.0,4351051409898.0,1870171044276.0,,0.0,-170672005692.0,0.0
TCX,2019,4630529950333.0,6304006248724.0,2171942000895.0,,0.0,-232154784544.0,0.0
TCX,2020,6179231023046.0,8759152757107.0,3259508358611.0,,0.0,-337794012926.0,0.0
TCX,2021,9245244488516.0,24547255120829.0,5194713938205.0,,0.0,-372754151464.0,0.0
TCX,2022,10989258207900.0,26091547738863.0,5218182207076.0,,0.0,-480433213874.0,0.0
TCX,2023,23629506587288.0,43788429454609.0,5257070533399.0,,0.0,-500212004426.0,0.0
TCX,2024,26296972276678.0,53244133820194.0,7615253240537.0,,0.0,-566893494770.0,0.0
TCX,2025,44099580183375.0,80632256999009.0,11217426514650.0,,0.0,-658975463710.0,0.0
TDB,2018,83364289198.0,89633851422.0,55730164567.0,-23261230448.0,0.0,-4438985662.0,0.0
TDB,2019,91444623202.0,96521743720.0,54986549598.0,-22363478897.0,0.0,-4048964268.0,0.0
TDB,2020,93904107027.0,98741229940.0,52505275012.0,-21103056193.0,0.0,-3559253376.0,0.0
TDB,2021,90665466664.0,98612431418.0,64118093471.0,-24359703324.0,0.0,-4090125554.0,0.0
TDB,2022,87514839681.0,97721530535.0,73447048286.0,-30067851050.0,0.0,-5006910305.0,0.0
TDB,2023,90203432677.0,101176421937.0,72495409176.0,-28129963110.0,0.0,-4799075910.0,-13346319.0
TDB,2024,91910369560.0,111562096373.0,66878891051.0,-24884501728.0,0.0,-4384493643.0,0.0
TDB,2025,92902173718.0,118269490774.0,74819093085.0,-27363099587.0,0.0,-5086230837.0,0.0
TDM,2018,1109014985213.0,1788190888806.0,286245776139.0,-101631787389.0,0.0,-6645684243.0,-51620377865.0
TDM,2019,1576108257346.0,2349953422358.0,345772085411.0,-162449632713.0,0.0,-6741440750.0,-41624076935.0
TDM,2020,1655392036949.0,2379896322011.0,385643362193.0,-181540050811.0,0.0,-8909982715.0,-33256366516.0
TDM,2021,1846715851956.0,2405329403634.0,417024445911.0,-209910837403.0,0.0,-9390366715.0,-29668687538.0
TDM,2022,2040817278520.0,2404429426788.0,478915968645.0,-229983787686.0,0.0,-10277207308.0,-21401478712.0
TDM,2023,2036635860678.0,2603467031453.0,532573918480.0,-291757350468.0,0.0,-14238153931.0,-19733579334.0
TDM,2024,2518214075404.0,3023658462086.0,544406057033.0,-286790585123.0,0.0,-14194830163.0,-9325942209.0
TDM,2025,2584815387082.0,3396116489440.0,506113099465.0,-361614794138.0,0.0,-15743929300.0,-30727930536.0
TDP,2018,303892980486.0,886231426191.0,746411411103.0,-636625164130.0,-15113209809.0,-24465304948.0,-26366311675.0
TDP,2019,558483856314.0,1611942396242.0,1196748653060.0,-1005757483863.0,-27211302783.0,-36122779898.0,-49696034069.0
TDP,2020,630904034566.0,1830147922989.0,1375701558577.0,-1138205853879.0,-21669318830.0,-44135691520.0,-80381710068.0
TDP,2021,720342641596.0,2739085587744.0,2440109488324.0,-2130557376572.0,-45462842951.0,-62562417951.0,-107837523435.0
TDP,2022,813727275015.0,3321100589906.0,3247695870017.0,-2878553834209.0,-49215301695.0,-84274074321.0,-159798430385.0
TDP,2023,856071085149.0,3671189003568.0,3819708104766.0,-3467284579036.0,-46626737625.0,-64161329808.0,-217703810325.0
TDP,2024,1019903555466.0,3943916237380.0,4379117758945.0,-3981793088625.0,-52976610716.0,-62711538629.0,-183334776938.0
TDP,2025,1116289970230.0,4472013782002.0,4763794390629.0,-4374018907373.0,-54974773140.0,-68554161917.0,-189504056392.0
TDW,2018,141945225784.0,353107521607.0,760303813666.0,-521901042105.0,-169666909421.0,-45309316638.0,-9103788044.0
TDW,2019,147654194071.0,376537519190.0,847317705960.0,-572027926125.0,-181606416166.0,-58825569660.0,-7334729701.0
TDW,2020,168453808730.0,452220932841.0,1008181942369.0,-665003856935.0,-221256679434.0,-77102974814.0,-6135908242.0
TDW,2021,178160401732.0,377501871347.0,1039484537148.0,-701847931300.0,-214824813361.0,-86515158563.0,-4325577201.0
TDW,2022,235293831644.0,461907818943.0,1184011471803.0,-798041729036.0,-217954878923.0,-113054588110.0,-3585242986.0
TDW,2023,232176366289.0,466375340422.0,1282560078283.0,-825408114272.0,-252221054320.0,-142390819321.0,-3112774657.0
TDW,2024,242408710678.0,564096779785.0,1318129813243.0,-857064079274.0,-249280570881.0,-151989037834.0,-1629856032.0
TDW,2025,262485448003.0,716083958341.0,1342757464296.0,-870825105923.0,-240564821957.0,-159484022881.0,-4695930091.0
TET,2018,97962904912.0,104963305589.0,38857719467.0,-14549288956.0,0.0,-3619028856.0,0.0
TET,2019,94070110694.0,100174373500.0,24854514818.0,-12386966257.0,0.0,-5492826343.0,0.0
TET,2020,100158785577.0,106532726028.0,22682602637.0,-10012923013.0,0.0,-6571430974.0,0.0
TET,2021,105519293589.0,110818149049.0,22593129147.0,-6981459694.0,0.0,-5229339798.0,0.0
TET,2022,109009545100.0,114517483665.0,22997604620.0,-8401836538.0,0.0,-5674222569.0,0.0
TET,2023,115595235555.0,120737378713.0,23988586386.0,-12784511117.0,0.0,-5662457049.0,0.0
TET,2024,115024260375.0,118974564386.0,23541850564.0,-15412342086.0,0.0,-6970597480.0,0.0
TET,2025,120083880449.0,123457661032.0,23447846738.0,-13113548038.0,0.0,-6380166338.0,0.0
TFC,2018,205110404111.0,518645874193.0,467843643469.0,-389418885166.0,-16242967123.0,-40705230250.0,-16059527108.0
TFC,2019,208339785766.0,487153427529.0,538686328805.0,-447961442967.0,-14704260753.0,-42614409304.0,-17519257086.0
TFC,2020,223067145772.0,576875549415.0,658742025932.0,-570262193405.0,-22647264183.0,-38437724739.0,-9905900338.0
TFC,2021,176120460018.0,590058363550.0,671574734136.0,-632964958109.0,-22716603037.0,-37561811795.0,-11394158764.0
TFC,2022,205264937558.0,713629041643.0,850125639699.0,-740966860896.0,-31194638694.0,-35615103067.0,-14567720682.0
TFC,2023,248396526099.0,683054160580.0,782308545644.0,-648407539113.0,-26105749301.0,-42554439633.0,-21878375611.0
TFC,2024,387622118269.0,913715160474.0,904148837862.0,-643189648013.0,-27612404371.0,-60958437154.0,-16401899683.0
TFC,2025,519329733676.0,1022941249084.0,1027317691622.0,-748862563902.0,-42077004087.0,-62811312659.0,-17010890570.0
THD,2018,154581033345.0,206753728480.0,111251537064.0,-103752966224.0,0.0,-5717113844.0,-3019660277.0
THD,2019,604193412850.0,850500503845.0,760462629245.0,-677081565876.0,-416433850.0,-8452559713.0,-2747352880.0
THD,2020,2344974772329.0,10450455029863.0,1820616825672.0,-1650441647671.0,-1686956612.0,-23406348303.0,-11434419221.0
THD,2021,6326977470688.0,10572005779147.0,8242531554290.0,-7752604817542.0,-7447229522.0,-291077342995.0,-364874591509.0
THD,2022,5939139056455.0,8274995107649.0,4112639747243.0,-3812643954696.0,-1618089623.0,-281962482745.0,-105812343849.0
THD,2023,6171633298195.0,6755725776131.0,1870236357826.0,-1838402236656.0,-1619831873.0,-248514681900.0,-36051662722.0
THD,2024,4313573203884.0,4459661592025.0,973630725931.0,-950470076708.0,-1706285048.0,-26442081590.0,0.0
THD,2025,4414175686724.0,4541466175561.0,978528231713.0,-956284895376.0,-2811107035.0,-21072457251.0,0.0
TIN,2018,692106346306.0,2087082778496.0,,,,-127140024355.0,
TIN,2019,725424090513.0,3245384839117.0,,,,-241412973357.0,
TIN,2020,754536872935.0,5135740221367.0,,,,-376741065040.0,
TIN,2021,784433201720.0,6209543805604.0,,,,-484056768442.0,
TIN,2022,858307069487.0,6535252606889.0,,,,-631954340611.0,
TIN,2023,872236612557.0,6849672410049.0,,,,-578044555066.0,
TIN,2024,926188131968.0,8163104127086.0,,,,-466826347441.0,
TIN,2025,1998823005929.0,17641693551430.0,,,,-453800958157.0,
TIX,2018,775318011386.0,1132700392201.0,214968537633.0,-54121716259.0,-44944708413.0,-24041450544.0,-32171007.0
TIX,2019,759535901884.0,1095149075465.0,205400810491.0,-56538865550.0,-46620584256.0,-25528597574.0,-717637168.0
TIX,2020,752506596280.0,1107617762820.0,185102151296.0,-46188341892.0,-38996341050.0,-22242730073.0,0.0
TIX,2021,818159486452.0,1185424378262.0,266082009356.0,-78540688447.0,-43723789953.0,-23723139412.0,-1065190638.0
TIX,2022,828716713797.0,1179608577038.0,232147401034.0,-56153583879.0,-49083643189.0,-27062387851.0,-949415415.0
TIX,2023,831261040617.0,1196229054621.0,212470724335.0,-49215376289.0,-45543682066.0,-30369876384.0,0.0
TIX,2024,832997403915.0,1183146851658.0,221975105519.0,-64050934442.0,-43682797231.0,-27694697774.0,0.0
TIX,2025,848022288718.0,1196001633607.0,246593137682.0,-52233554256.0,-44865058762.0,-26493828900.0,0.0
TLG,2018,1268668396670.0,1794659644368.0,2855776350214.0,-1789107482383.0,-432623981454.0,-272748858876.0,-11068142459.0
TLG,2019,1806986871646.0,2416903927975.0,3252481516052.0,-2054990358755.0,-500044195759.0,-285140218494.0,-11434553822.0
TLG,2020,1748259636290.0,2314599141762.0,2684551950336.0,-1654810794517.0,-488676448608.0,-254856941468.0,-11853821706.0
TLG,2021,1825578447277.0,2446138550928.0,2668275093087.0,-1541112345410.0,-504674977559.0,-292392358391.0,-7019978348.0
TLG,2022,1957871756822.0,2869036051355.0,3520857948925.0,-1996781932537.0,-738522525878.0,-319389279653.0,-8881716860.0
TLG,2023,2093980082652.0,2808448178821.0,3461873216196.0,-1949334544727.0,-740549101955.0,-346843180321.0,-17849957542.0
TLG,2024,2347227883171.0,3359561363489.0,3758585336781.0,-2083184660839.0,-769661526258.0,-357185352088.0,-13516022950.0
TLG,2025,2522688803750.0,3568744919740.0,4173930138608.0,-2105352140485.0,-1238932069909.0,-330162564841.0,-21879953936.0
TMP,2018,1345361554556.0,1695933462095.0,886530112516.0,-288077590219.0,0.0,-33366244162.0,-15048056387.0
TMP,2019,1501130260208.0,1776380724984.0,672860879434.0,-219834519444.0,0.0,-33329018521.0,-14363717507.0
TMP,2020,1562785962017.0,2026800846890.0,443211102884.0,-213983994558.0,0.0,-32062725462.0,-8620856025.0
TMP,2021,1401864760276.0,1989782437870.0,748324032680.0,-285716609036.0,0.0,-58559130998.0,-33029916955.0
TMP,2022,1687947214967.0,2294384512336.0,1070306279118.0,-333976710677.0,0.0,-68331303151.0,-35242089381.0
TMP,2023,1586880519541.0,2145184861674.0,854040208371.0,-315160811460.0,0.0,-53666500829.0,-35254304830.0
TMP,2024,1539904515411.0,2024931310198.0,763629129418.0,-321812359355.0,0.0,-59355820463.0,-24553111621.0
TMP,2025,1693031089308.0,2252005535186.0,752046809378.0,-348479982843.0,0.0,-67813952084.0,-19510962866.0
TMS,2018,1625788727764.0,3166212254171.0,2323712377762.0,-2089885339567.0,-17006494394.0,-68910424245.0,-62054211509.0
TMS,2019,1947164782901.0,3310258918012.0,2340090857508.0,-2067261240415.0,-15538928559.0,-80136888313.0,-65984494375.0
TMS,2020,2346510165476.0,3919585184235.0,3418340659106.0,-3111467760271.0,-12390343113.0,-98228093225.0,-53625689152.0
TMS,2021,3489915859862.0,5734083964756.0,6381265627918.0,-5835008777835.0,-55162502579.0,-159649122560.0,-54953264188.0
TMS,2022,4147585792553.0,5570603363655.0,3648087847709.0,-3098145979664.0,-29783011326.0,-173874207197.0,-58088693621.0
TMS,2023,5110077214410.0,7999081302473.0,2389818300795.0,-1979159191392.0,-33607873201.0,-187277133658.0,-78147822175.0
TMS,2024,5123174622870.0,8360495591631.0,3325664683968.0,-2804258120850.0,-56281408075.0,-224337676111.0,-147753601390.0
TMS,2025,5296630268358.0,8578743520159.0,3476372097195.0,-2876229265226.0,-36598227406.0,-224881774030.0,-153801422859.0
TMW,2018,85505600369.0,167480165138.0,223139874046.0,-198505818212.0,-3545987417.0,-18576144720.0,-2049512958.0
TMW,2019,81282019605.0,128041854649.0,168887825358.0,-154077114028.0,-1331827331.0,-16844352532.0,-1475326386.0
TMW,2020,71347966190.0,89878947758.0,78362700698.0,-68948326066.0,-506819022.0,-15466055172.0,-804026213.0
TMW,2021,80328583897.0,93906034034.0,45751444751.0,-31586241676.0,-117522589.0,-5474744047.0,-4120339.0
TMW,2022,82775586294.0,99697379921.0,45677901901.0,-29605242499.0,-160443223.0,-8940060381.0,0.0
TMW,2023,89150083541.0,133386182174.0,91860556295.0,-75026731511.0,-100212165.0,-5424887659.0,-324443836.0
TMW,2024,125334527949.0,143840947920.0,117794866058.0,-97654030747.0,-130459159.0,-5217621998.0,-868076271.0
TMW,2025,124011909866.0,220453869918.0,179257930126.0,-153886675619.0,-53995400.0,-5674228578.0,-3124627790.0
TNC,2018,313771475324.0,340975051109.0,68382022759.0,-60856750029.0,-394257753.0,-10446949385.0,0.0
TNC,2019,326036815760.0,353884714033.0,59544782962.0,-54844679844.0,-90443182.0,-6515744824.0,-89134247.0
TNC,2020,344694570586.0,384012418364.0,53686359737.0,-49059389850.0,-43715000.0,-10909144017.0,0.0
TNC,2021,338668351687.0,385719620952.0,70190859828.0,-56782613481.0,-807638597.0,-7857689533.0,0.0
TNC,2022,343772344871.0,404009623355.0,97357827747.0,-75252364250.0,-2702568650.0,-9657439211.0,-124270164.0
TNC,2023,332534266615.0,366729223911.0,129522967763.0,-107949763564.0,-1822039246.0,-11306331737.0,-465781370.0
TNC,2024,340269633679.0,373343859838.0,143177885523.0,-104111037144.0,-8457876157.0,-12845464047.0,0.0
TNC,2025,349179452256.0,382235935659.0,165986994225.0,-123427756398.0,-9701336286.0,-14875499991.0,0.0
TOS,2020,848000109939.0,1821188008482.0,1319693637341.0,-995511762018.0,-15310624537.0,-70146486163.0,-71675314841.0
TOS,2021,958712483512.0,2071229310222.0,1535122992407.0,-1186311486498.0,-22532144445.0,-83476787488.0,-60575562768.0
TOS,2022,1026952548770.0,2424907373729.0,1489824889952.0,-1164946750008.0,-24471018073.0,-92753512777.0,-73038538640.0
TOS,2023,1141088900225.0,3532309935134.0,1580538004014.0,-1145942905032.0,-16201747249.0,-105258809664.0,-97365561035.0
TOS,2024,1524662746808.0,5661540431202.0,3904819500307.0,-3064383399702.0,-24026411784.0,-154436874250.0,-113701756080.0
TOS,2025,2656420925725.0,8146524309282.0,5403245597459.0,-3857140284226.0,-21768328383.0,-218587845851.0,-132647348647.0
TPS,2018,61866386719.0,94848328875.0,42629151174.0,-19040992280.0,0.0,-6473437264.0,0.0
TPS,2019,75856174852.0,91030585869.0,43589049856.0,-18726065245.0,0.0,-6146759908.0,0.0
TPS,2020,70048011703.0,96588490449.0,39741836938.0,-18260074491.0,0.0,-5719007625.0,0.0
TPS,2021,72692188874.0,89754029446.0,27333261008.0,-13770149620.0,0.0,-4622520042.0,0.0
TPS,2022,77247956689.0,91040973037.0,42795043274.0,-20334574444.0,0.0,-7554469985.0,0.0
TPS,2023,92075444936.0,109162941720.0,68881952832.0,-30601990764.0,0.0,-9678457910.0,0.0
TPS,2024,104859940509.0,122791003695.0,84666956795.0,-36083313727.0,0.0,-11148792184.0,0.0
TPS,2025,99383452502.0,120602867830.0,95638133526.0,-39744918301.0,0.0,-14428712888.0,0.0
TRA,2018,1107214030390.0,1589862038209.0,1798349666292.0,-863658955814.0,-485528676504.0,-222452464674.0,-12203877990.0
TRA,2019,1118029757883.0,1571511988088.0,1710439468422.0,-770011246983.0,-489643762133.0,-222945532474.0,-17764076691.0
TRA,2020,1172449261500.0,1650825590932.0,1908870012284.0,-877456366604.0,-507990576438.0,-254351128124.0,-11442619337.0
TRA,2021,1351839193426.0,1706803620358.0,2160840045542.0,-1013404064894.0,-554762184402.0,-266092792321.0,-5433202648.0
TRA,2022,1380558911242.0,1816265027249.0,2398917958769.0,-1055721001826.0,-660732503060.0,-331885990686.0,-1087900956.0
TRA,2023,1489054787015.0,2123900644209.0,2299235459009.0,-1054301295262.0,-614373637230.0,-297187671306.0,-3940136811.0
TRA,2024,1532699671834.0,2168910960793.0,2347221139848.0,-1110765054153.0,-625016144416.0,-304984668591.0,-3880853804.0
TRA,2025,1686286252079.0,2322602816583.0,2657210307728.0,-1233264072522.0,-757964416973.0,-342062027420.0,-6962066326.0
TRS,2018,146067901528.0,401731847035.0,621138443111.0,-511210772058.0,-38406852569.0,-44614069332.0,-1651846041.0
TRS,2019,167642832283.0,434445458482.0,749567719743.0,-630341418999.0,-36432200186.0,-47308530542.0,-1004024099.0
TRS,2020,174769997909.0,399084181504.0,586881559371.0,-487587485830.0,-27142000602.0,-50605230821.0,-758330205.0
TRS,2021,190069685856.0,420702922021.0,519964104014.0,-415198223612.0,-37915499923.0,-48354807608.0,-1857156991.0
TRS,2022,212985431310.0,430222085360.0,732867585739.0,-613890026174.0,-38959876522.0,-51075527396.0,-884678330.0
TRS,2023,233892726802.0,394809306827.0,1012292450505.0,-879174999612.0,-42216657215.0,-59090967137.0,-1929353331.0
TRS,2024,264231224084.0,452796099539.0,1077410531439.0,-931844839148.0,-39177150184.0,-66543640292.0,-1831671959.0
TRS,2025,305569723287.0,627077122593.0,1134427893636.0,-976965666159.0,-49520746564.0,-75450278747.0,-3617646022.0
TTD,2018,208950896760.0,289846569808.0,581626757835.0,-446575600515.0,-12908186933.0,-49680075764.0,0.0
TTD,2019,225110385617.0,301004902560.0,660649493592.0,-509408587383.0,-13700557115.0,-53190283073.0,0.0
TTD,2020,246375689901.0,304373981417.0,570709047144.0,-451485148514.0,-12490389528.0,-49280061026.0,0.0
TTD,2021,217789212601.0,267575877619.0,430014296072.0,-364118839028.0,-11140533995.0,-44579449456.0,0.0
TTD,2022,274071214136.0,340297246745.0,723026661457.0,-548865696735.0,-14683915917.0,-60063673583.0,0.0
TTD,2023,302646264258.0,383865021350.0,741158356754.0,-576019761443.0,-15518099116.0,-63618316040.0,0.0
TTD,2024,324117426420.0,392730647220.0,778204015411.0,-607140381333.0,-15761958018.0,-66800425387.0,0.0
TTD,2025,359667187286.0,442777528415.0,835784711879.0,-652001684104.0,-13628718661.0,-70890037329.0,0.0
TTT,2018,404366450050.0,414437450284.0,387336704525.0,-269158145750.0,-16287083001.0,-21784406101.0,-678082.0
TTT,2019,454047161497.0,480892945503.0,263387358728.0,-156839005971.0,-17539484136.0,-17388937553.0,-23506849.0
TTT,2020,390854292089.0,436315486864.0,82030474300.0,-81845809331.0,-10973671473.0,-15457595825.0,-807645040.0
TTT,2021,381598626709.0,405600811219.0,64832123395.0,-75143924785.0,-2297653933.0,-9152603985.0,0.0
TTT,2022,410344236156.0,449608193401.0,145229483675.0,-103180692727.0,-9824814082.0,-10277865121.0,0.0
TTT,2023,431477001283.0,482305069257.0,141588102355.0,-116038906237.0,-6174196493.0,-10765814972.0,0.0
TTT,2024,445436545876.0,470263083487.0,124434586569.0,-107931049381.0,-2544067865.0,-11048196281.0,0.0
TTT,2025,475994080903.0,508554137727.0,154347845157.0,-118744526990.0,-1853365024.0,-12254464818.0,0.0
UPC,2018,47451317474.0,114266546203.0,179930001114.0,-143620152228.0,0.0,-23903365463.0,-1138685872.0
UPC,2019,50983229552.0,176561345061.0,199857388051.0,-158165291569.0,0.0,-25166547950.0,-2212363665.0
UPC,2020,53404233395.0,155493015419.0,213143830470.0,-173319834239.0,0.0,-26797957746.0,-791741061.0
UPC,2021,61529692106.0,150842880035.0,229361818572.0,-172388273771.0,0.0,-38273666659.0,-1190929670.0
UPC,2022,63933062415.0,176858570988.0,266390926874.0,-202556273164.0,0.0,-44390686034.0,-899519852.0
UPC,2023,65293045992.0,167058573680.0,254598277892.0,-190039053964.0,0.0,-44864797898.0,-653294847.0
UPC,2024,62468286142.0,218092099251.0,278813518284.0,-223959729848.0,0.0,-42972811721.0,-3163240706.0
UPC,2025,69247925977.0,211803840551.0,330152359036.0,-263051434449.0,0.0,-47121376649.0,-2889454002.0
VAF,2018,479955845028.0,638419871761.0,945617388247.0,-748391869630.0,-119114381952.0,-26595225137.0,0.0
VAF,2019,444141193709.0,572102825182.0,792538716038.0,-614610871553.0,-125434950993.0,-25692185433.0,0.0
VAF,2020,456871657405.0,587090009236.0,745246282579.0,-569031593288.0,-123775887653.0,-27113051097.0,0.0
VAF,2021,463311032952.0,666614848262.0,839036038685.0,-648675516605.0,-128478497046.0,-29195090015.0,0.0
VAF,2022,475300554323.0,612707039397.0,913041618398.0,-654085756783.0,-164681454645.0,-49744687070.0,0.0
VAF,2023,504901880021.0,660530246613.0,1001606092818.0,-752313013381.0,-171124937945.0,-25284247627.0,-4687035.0
VAF,2024,521181557222.0,1071996533013.0,1220272860917.0,-940181789054.0,-174910377556.0,-32757527541.0,-89529500.0
VAF,2025,657630454046.0,1212158156581.0,1613907567094.0,-1205236281256.0,-159341721058.0,-55270395966.0,-73514684.0
VAV,2018,341753833201.0,658638388574.0,590924863660.0,-458963377966.0,-16955428134.0,-20412974360.0,-5374375242.0
VAV,2019,343438664955.0,728896731633.0,627656561853.0,-496178670219.0,-21947690075.0,-16819862299.0,-6584512670.0
VAV,2020,374240770755.0,760902608560.0,639422718021.0,-524351050302.0,-16929884319.0,-14992237429.0,-13291359658.0
VAV,2021,406420274505.0,759479584057.0,656933369054.0,-530917449782.0,-18148622776.0,-13968953855.0,-12210812677.0
VAV,2022,451668806803.0,786277582232.0,675529619320.0,-533306313134.0,-20243277855.0,-17045609276.0,-13396751836.0
VAV,2023,521493968318.0,872588423217.0,838631396149.0,-660611997302.0,-24317370416.0,-23732509261.0,-13750594317.0
VAV,2024,713498723617.0,1113980528494.0,1071342794002.0,-727516052157.0,-23715358076.0,-30774961401.0,-9826759408.0
VAV,2025,855284325213.0,1325096430105.0,1120418166208.0,-866803260058.0,-19797789156.0,-20549218342.0,-6864525495.0
VCB,2018,62179379000000.0,1074026560000000.0,,,,-13611094000000.0,
VCB,2019,80954337000000.0,1222813692000000.0,,,,-15874542000000.0,
VCB,2020,94094979000000.0,1326230092000000.0,,,,-16038250000000.0,
VCB,2021,109186429000000.0,1414986259000000.0,,,,-17665925000000.0,
VCB,2022,135646085000000.0,1813815170000000.0,,,,-21250512000000.0,
VCB,2023,165080490000000.0,1839724560000000.0,,,,-21905912000000.0,
VCB,2024,196209168000000.0,2085873522000000.0,,,,-23027363000000.0,
VCB,2025,224558726000000.0,2442279166000000.0,,,,-25242799000000.0,
VCF,2018,1402194040485.0,2216636536758.0,3434935290429.0,-2593804999350.0,-33302429275.0,-45633939151.0,-18078537177.0
VCF,2019,1442070973138.0,2225328837254.0,3097445727716.0,-2232972093529.0,-17218272083.0,-38875429486.0,-19262766855.0
VCF,2020,1498436739956.0,2131779342228.0,2901292657349.0,-2010957380215.0,-6900271350.0,-26727403421.0,-12938538162.0
VCF,2021,1262490531148.0,1945577678281.0,2216909750204.0,-1661435699579.0,-15680623301.0,-48731906164.0,-5065330964.0
VCF,2022,1662831939180.0,2106250037270.0,2207034725124.0,-1713244241116.0,-11970360986.0,-31185203989.0,-6597155148.0
VCF,2023,2112784768935.0,2658406811294.0,2352520954062.0,-1837899991987.0,-8108421446.0,-22259437344.0,-8929094985.0
VCF,2024,1894743708595.0,2488488059842.0,2556279078149.0,-2054645702491.0,-11475122438.0,-22208330912.0,-6314850349.0
VCF,2025,1136764653540.0,1622245048203.0,2761496259589.0,-2170809835229.0,-4373731969.0,-21998114776.0,-9990325284.0
VCK,2018,4270928091622.0,9660538526037.0,1496490369809.0,,0.0,-87828919927.0,0.0
VCK,2019,4624318775751.0,12004357808550.0,3092983686830.0,,0.0,-116322679960.0,0.0
VCK,2020,4975115259394.0,16052326153716.0,3828459945194.0,,0.0,-164774504669.0,0.0
VCK,2021,7820489081443.0,26856861040153.0,9518118459079.0,,0.0,-277728383026.0,0.0
VCK,2022,8475011049496.0,20225399473260.0,8440762913975.0,,0.0,-322516731893.0,0.0
VCK,2023,8992939064021.0,22462317213015.0,6373838274239.0,,0.0,-339559302551.0,0.0
VCK,2024,11362920281297.0,30367897671475.0,6466321678945.0,,0.0,-438099998341.0,0.0
VCK,2025,28835109255467.0,48402380273658.0,8260714445897.0,,0.0,-539511743624.0,0.0
VCR,2018,287015636087.0,864809827568.0,12514045000.0,-4733576054.0,0.0,-8007956744.0,-8514125487.0
VCR,2019,167609164119.0,887786537961.0,37279640182.0,-31478102154.0,-1705139514.0,-9762688800.0,0.0
VCR,2020,1593019737974.0,3450699631081.0,0.0,0.0,-159920215.0,-12733664277.0,0.0
VCR,2021,1885872959965.0,6776266438483.0,78825672828.0,-69474726016.0,0.0,-19683288146.0,0.0
VCR,2022,1891285016764.0,7164334918828.0,186287736073.0,-158605286371.0,-101659504.0,-24032284574.0,-493236000.0
VCR,2023,1604555264839.0,4955674950591.0,33215712132.0,-27607818532.0,0.0,-24023830510.0,0.0
VCR,2024,1582723887002.0,5182957329739.0,3129661385.0,-2703419030.0,0.0,-22062431030.0,0.0
VCR,2025,1505275452646.0,5432977186176.0,3158373876.0,-2703419030.0,0.0,-31221060508.0,0.0
VCS,2018,2730552536269.0,4404327304901.0,4521596112810.0,-3025953450218.0,-99926387202.0,-46095744750.0,-32204626279.0
VCS,2019,3448685994513.0,5583756729829.0,5562762994808.0,-3650651586771.0,-154062211849.0,-62394397089.0,-59995756140.0
VCS,2020,3857821070789.0,6055334343933.0,5659594518666.0,-3695766493820.0,-160513261846.0,-71482375291.0,-76985258575.0
VCS,2021,4874197016708.0,6892913568363.0,7070128978997.0,-4607624494397.0,-272145112014.0,-47348871942.0,-56876350423.0
VCS,2022,4868737646257.0,6589904840964.0,5660265444192.0,-3917293715601.0,-254616726453.0,-66807125334.0,-50419208909.0
VCS,2023,4985818408271.0,6468248784341.0,4353861143572.0,-3132968514512.0,-156494238157.0,-58714711756.0,-56637446942.0
VCS,2024,5109622143830.0,6466972011383.0,4322071392821.0,-3143979224163.0,-191654021101.0,-65915265249.0,-34586850582.0
VCS,2025,5132694654845.0,5750396960709.0,4128893059860.0,-3084070122487.0,-212730276674.0,-65368961386.0,-46378603156.0
VDN,2018,80251818405.0,388424585029.0,741058987753.0,-654162155886.0,-43349703266.0,-21503903962.0,-10633660183.0
VDN,2019,85221623164.0,377032455778.0,705614670259.0,-616500355362.0,-50329080816.0,-23569563234.0,-11083467417.0
VDN,2020,81557377371.0,381507105511.0,513605103854.0,-441943861291.0,-42530821626.0,-13374976565.0,-7147302187.0
VDN,2021,72933254837.0,389147759370.0,449197282606.0,-388863862841.0,-41501165914.0,-15868822301.0,-10197761049.0
VDN,2022,81316942315.0,494226028135.0,677675569417.0,-587252252639.0,-46502948301.0,-19441884812.0,-11161864812.0
VDN,2023,72803181569.0,420273334218.0,634435149137.0,-571191359514.0,-33095189382.0,-19181224111.0,-13563416184.0
VDN,2024,70460199464.0,470162266482.0,706632262457.0,-651170543771.0,-35145539907.0,-17064655400.0,-11062025049.0
VDN,2025,74855476933.0,475418433923.0,789861303996.0,-709939538897.0,-42561144567.0,-18919094368.0,-9459056208.0
VEA,2018,24849577960681.0,26405981212071.0,7070076344161.0,-6467375948323.0,-176385161516.0,-480326147456.0,-20403475065.0
VEA,2019,26838060772709.0,33289019210091.0,4487652760982.0,-4422218626061.0,-88630009496.0,-467948556124.0,-18498544925.0
VEA,2020,25281594357715.0,27223781065436.0,3666911969979.0,-3479514003958.0,-62566652204.0,-415769816332.0,-4217752720.0
VEA,2021,23683251932210.0,25005525079137.0,4019247444489.0,-3453276594941.0,-74259936535.0,-418958547632.0,-3095048975.0
VEA,2022,25223312184989.0,27445030117049.0,4747467433565.0,-4096262565072.0,-105210189883.0,-561525478760.0,-14095848584.0
VEA,2023,25729141251951.0,27136212928333.0,3806390374368.0,-3358471217679.0,-86359122851.0,-610664483208.0,-50279687168.0
VEA,2024,26248188976014.0,27543175156589.0,4103432068962.0,-3477781814080.0,-88525929554.0,-486653689604.0,-1518531801.0
VEA,2025,27040875033382.0,28377415052786.0,4465529404346.0,-3779808771400.0,-98652445718.0,-694738051671.0,-1565492070.0
VEF,2018,1818243865902.0,1826207862050.0,15059454107.0,-17701953271.0,-2689461583.0,-7908124857.0,0.0
VEF,2019,1854395002207.0,1862385447841.0,18066415971.0,-30144766635.0,-2262848371.0,-11595629540.0,0.0
VEF,2020,1993602615984.0,6909796408849.0,9234263875.0,-18172240726.0,-1806088135.0,-9847449924.0,0.0
VEF,2021,2321783389904.0,8642541405573.0,6264768148.0,-17699054135.0,-1668178797.0,-8145211368.0,0.0
VEF,2022,2641351975239.0,8697873570730.0,989090916.0,-12898898922.0,-94356818.0,-7378102651.0,0.0
VEF,2023,3076101824250.0,9799190503941.0,8997549000.0,-17637762431.0,-2293345933.0,-6985771857.0,0.0
VEF,2024,4018259000000.0,105107077000000.0,4636000000.0,-14391000000.0,-452000000.0,-8701000000.0,-7944000000.0
VEF,2025,6675738000000.0,23472941000000.0,44714275000000.0,-27913737000000.0,-75134000000.0,-125952000000.0,-233216000000.0
VFC,2018,498629585094.0,908350706555.0,1011138724312.0,-932355426414.0,-253946297.0,-53017303793.0,-18793769375.0
VFC,2019,527184069691.0,924821884069.0,994399391830.0,-886204937261.0,-347919909.0,-51966879898.0,-19422693126.0
VFC,2020,526981718228.0,886405775251.0,1046266239479.0,-958877286174.0,-44818955.0,-58617021228.0,-14986795331.0
VFC,2021,568343871651.0,993020593015.0,1245216527155.0,-1115294516713.0,0.0,-61096559623.0,-12052562052.0
VFC,2022,753267616248.0,1091935038848.0,1619709761865.0,-1346375787601.0,0.0,-72364306413.0,-7186245596.0
VFC,2023,719390647783.0,1073368531986.0,1272365845206.0,-1179963120986.0,0.0,-59210784162.0,-4376925801.0
VFC,2024,715755468169.0,1056892074297.0,1163383793964.0,-1085683608455.0,0.0,-58846913322.0,-2800601527.0
VFC,2025,698692095691.0,1146002482764.0,1354643764581.0,-1253129043614.0,0.0,-91375832858.0,-3845516494.0
VFG,2018,879148244653.0,2042071517293.0,2288965187317.0,-1730583257388.0,-351388939786.0,-43423197810.0,-14362917974.0
VFG,2019,908903573628.0,2283155291255.0,2069553395051.0,-1568294834029.0,-280759682064.0,-39986828108.0,-13472094120.0
VFG,2020,967789942229.0,1839713382719.0,1883771417605.0,-1391605665382.0,-268375629385.0,-38778388057.0,-12197149854.0
VFG,2021,1006566436367.0,1889685268963.0,2076362515534.0,-1567871958905.0,-272959948163.0,-38701973760.0,-5494574217.0
VFG,2022,1139296722199.0,2756470776119.0,2976781079922.0,-2266659449617.0,-388581305582.0,-54535187552.0,-9626305429.0
VFG,2023,1245627587805.0,2945607648935.0,3262419854557.0,-2483468450394.0,-353026887379.0,-81595742730.0,-15143833635.0
VFG,2024,1605876352574.0,2495777592059.0,3497261422831.0,-2588448219426.0,-439033274534.0,-91177951491.0,-6103281091.0
VFG,2025,1714735423393.0,2419903949604.0,3530216200154.0,-2675580214948.0,-336755575922.0,-104030874037.0,-3927441860.0
VGC,2018,6871919194539.0,16533191747045.0,8812095573753.0,-6767914235302.0,-632854022158.0,-501683032037.0,-172629764861.0
VGC,2019,7055076316144.0,19887754159501.0,10145641675447.0,-7725612871548.0,-752474477932.0,-567908554764.0,-169334473752.0
VGC,2020,7024115125869.0,21323239970549.0,9433048985280.0,-7105367181452.0,-758237615422.0,-603781853572.0,-160976347894.0
VGC,2021,8356843503280.0,21997051222819.0,11194313369122.0,-8321786264280.0,-671344970849.0,-749025621314.0,-160711679097.0
VGC,2022,9085429076168.0,22958921409296.0,14592449861977.0,-10354300437633.0,-936334436050.0,-911832018223.0,-251376723757.0
VGC,2023,9524317916696.0,24100190091286.0,13193818428046.0,-9674692360146.0,-812377184581.0,-756017100394.0,-348457380117.0
VGC,2024,9952999655403.0,24827418928138.0,11906355941527.0,-8389049269758.0,-861838342910.0,-744493344308.0,-268896807699.0
VGC,2025,11570892895453.0,26436634618157.0,13314757815595.0,-9315374160827.0,-920107466398.0,-785280600418.0,-255872624592.0
VGG,2018,1669769215622.0,4701038401981.0,9716998958245.0,-8546827693885.0,-369827520590.0,-322552031925.0,0.0
VGG,2019,1996228265716.0,4982865217996.0,9035558622025.0,-7906891762140.0,-390721283686.0,-354920716586.0,0.0
VGG,2020,1912897450540.0,4736188847844.0,7120958602535.0,-6450346605907.0,-278227384408.0,-291943329215.0,0.0
VGG,2021,1883193068688.0,4483703547040.0,6008313838813.0,-5485468680069.0,-216430924872.0,-261378504395.0,0.0
VGG,2022,1960187629712.0,5691060807335.0,8464718296036.0,-7540399387869.0,-483568380817.0,-255900719653.0,0.0
VGG,2023,2003138518418.0,4960637925024.0,8605951804716.0,-7786388887588.0,-444351306850.0,-237665277302.0,-649198793.0
VGG,2024,2179450876928.0,5292050165245.0,9753088124766.0,-8699033095474.0,-458480114900.0,-275269024456.0,-3785280109.0
VGG,2025,2446897590706.0,5877148441437.0,10508807170213.0,-9380292838960.0,-488161330368.0,-288078076453.0,-942226975.0
VGI,2018,24666016242644.0,57863684330435.0,16866959405999.0,-11565555617265.0,-1587835353929.0,-2121488852042.0,-942617238490.0
VGI,2019,28867675432252.0,60868569743176.0,17104078017253.0,-11001317420058.0,-1559871621745.0,-4468529832900.0,-953638243131.0
VGI,2020,29867602668968.0,59004086140299.0,18962297327902.0,-11891122800056.0,-1872356059945.0,-3507689041333.0,-814958881041.0
VGI,2021,28634491696923.0,52851049838818.0,19242048710104.0,-12118118398268.0,-1914250152952.0,-3752986842829.0,-535639587252.0
VGI,2022,29108493092533.0,50303038605855.0,23629645631279.0,-12670767040560.0,-2579116437686.0,-6691181595589.0,-485633028227.0
VGI,2023,30517025254299.0,52464408145579.0,28212158822780.0,-13944164856834.0,-3790471785340.0,-7297564443333.0,-374730447367.0
VGI,2024,35832034586213.0,63438713441528.0,35367654090238.0,-17462321010589.0,-3532615601214.0,-6883494513890.0,-315164324066.0
VGI,2025,42838194314215.0,81510550856141.0,44271363552131.0,-21559991583813.0,-4848475050402.0,-6123189987133.0,-331952973873.0
VGL,2018,117718051598.0,135595594000.0,323020964134.0,-279266604461.0,-7748680130.0,-17571332699.0,-213315500.0
VGL,2019,116357648660.0,132853261447.0,298468195918.0,-256594164488.0,-7661283539.0,-16781775532.0,0.0
VGL,2020,124530906776.0,158319633406.0,339337465729.0,-282408991931.0,-9638329761.0,-20863938621.0,0.0
VGL,2021,122654067742.0,147657067419.0,341322070911.0,-289850444492.0,-7777843725.0,-22171678871.0,0.0
VGL,2022,120745687969.0,141963833678.0,381641186027.0,-327628185593.0,-9354448443.0,-21764282902.0,-122355032.0
VGL,2023,117435809526.0,147566993229.0,335511963796.0,-282843400029.0,-9757501513.0,-21200017254.0,0.0
VGL,2024,118963112592.0,155732822663.0,357653909492.0,-298215077455.0,-11636413303.0,-25403637617.0,0.0
VGL,2025,118872948025.0,163508169012.0,413918492898.0,-346582661291.0,-13998771069.0,-29279257127.0,0.0
VGR,2018,889201175429.0,1240297615260.0,757329066444.0,-543363977082.0,-8564531010.0,-24405705410.0,-33682698263.0
VGR,2019,966080661249.0,1120754424444.0,791771660788.0,-602049255613.0,-15838861800.0,-23816858099.0,-15714547815.0
VGR,2020,1049707662410.0,1119339316471.0,742674148054.0,-530936408865.0,-22140366453.0,-20313726402.0,-2472887951.0
VGR,2021,1058709167049.0,1108171242249.0,816098788967.0,-528555969415.0,-26636619698.0,-20950199252.0,0.0
VGR,2022,1167247730864.0,1247321439146.0,817563111327.0,-449965424711.0,-37650648576.0,-27436826429.0,-71695890.0
VGR,2023,1174946695779.0,1264886758149.0,895539757829.0,-528562652356.0,-41848849109.0,-35643493762.0,-1895178082.0
VGR,2024,999051824240.0,1192807515280.0,1093033466599.0,-646070716064.0,-45284641600.0,-30383726328.0,0.0
VGR,2025,1193713409865.0,1397226358282.0,1153228375257.0,-550773565939.0,-69723041396.0,-26126864900.0,0.0
VHC,2018,4015181680964.0,6298512455279.0,9271329084494.0,-7231966110890.0,-210445968727.0,-143565499402.0,-55985954528.0
VHC,2019,4877280439962.0,6612414298164.0,7867144335913.0,-6334061978625.0,-251818635593.0,-148800093568.0,-59533476528.0
VHC,2020,5175731032450.0,7201862313188.0,7037179657298.0,-6022405771176.0,-171201249991.0,-148133984196.0,-38407804147.0
VHC,2021,5883949271248.0,8737627021932.0,9054248917759.0,-7298428758127.0,-343526224004.0,-213089480647.0,-34702485314.0
VHC,2022,7694388198987.0,11583289702919.0,13230800186919.0,-10254865119471.0,-349389329477.0,-372098136496.0,-97120949614.0
VHC,2023,8591055776139.0,11942549471150.0,10033016452094.0,-8540191778235.0,-216294674914.0,-307655327848.0,-133346693090.0
VHC,2024,8993605984965.0,12234180221537.0,12512793481045.0,-10617752697948.0,-296508835027.0,-357769168574.0,-73329339325.0
VHC,2025,10044873548566.0,13408288560345.0,12020897758218.0,-9980708521338.0,-252381257893.0,-312551875824.0,-54042653204.0
VHM,2018,48144874986968.0,119688756467698.0,38664328193703.0,-28603257862200.0,-1381104519276.0,-1062825660762.0,-2382621895215.0
VHM,2019,64715043000000.0,197241028000000.0,51626931000000.0,-24171323000000.0,-2080673000000.0,-2156421000000.0,-2377698000000.0
VHM,2020,89129915000000.0,215326377000000.0,71546737000000.0,-45610660000000.0,-2680833000000.0,-2193460000000.0,-3001572000000.0
VHM,2021,131407411000000.0,230516471000000.0,84985606000000.0,-36526042000000.0,-2289008000000.0,-3768594000000.0,-2348161000000.0
VHM,2022,148521843000000.0,361812647000000.0,62392603000000.0,-31696276000000.0,-2431780000000.0,-2643927000000.0,-2075514000000.0
VHM,2023,182636306000000.0,444630675000000.0,103556722000000.0,-67850123000000.0,-3662804000000.0,-4092923000000.0,-3052805000000.0
VHM,2024,220743975000000.0,564209360000000.0,102323186000000.0,-69355949000000.0,-3791457000000.0,-4593011000000.0,-7589251000000.0
VHM,2025,249216707000000.0,794704311000000.0,153270923000000.0,-106928352000000.0,-1899284000000.0,-6188358000000.0,-11213790000000.0
VIC,2018,99166714000000.0,288127176000000.0,121894401000000.0,-92943726000000.0,-10112289000000.0,-7367839000000.0,-3939282000000.0
VIC,2019,120588589000000.0,403740753000000.0,130036014000000.0,-92484797000000.0,-14248448000000.0,-12677438000000.0,-7147357000000.0
VIC,2020,135852715000000.0,422503767000000.0,110490033000000.0,-93177227000000.0,-7253585000000.0,-13403089000000.0,-11402385000000.0
VIC,2021,159571866000000.0,428384465000000.0,125687870000000.0,-91623165000000.0,-6909908000000.0,-24034459000000.0,-10288893000000.0
VIC,2022,135655449000000.0,577407240000000.0,101793582000000.0,-87099750000000.0,-9371097000000.0,-15953649000000.0,-10758322000000.0
VIC,2023,148221686000000.0,667655767000000.0,161427568000000.0,-137919092000000.0,-12513907000000.0,-13463255000000.0,-17245871000000.0
VIC,2024,153834481000000.0,836603903000000.0,189068040000000.0,-161767222000000.0,-18053919000000.0,-15148307000000.0,-22980044000000.0
VIC,2025,151488935000000.0,1118622625000000.0,331837561000000.0,-279154754000000.0,-31065065000000.0,-17988849000000.0,-29159736000000.0
VJC,2018,14038503236582.0,39086179100669.0,53577241462140.0,-46085422009499.0,-712929844155.0,-294777399221.0,-257505446656.0
VJC,2019,14902831830061.0,48858753808511.0,50602936007389.0,-44980140698282.0,-1003521966058.0,-435654189800.0,-351417652590.0
VJC,2020,14978398985118.0,45196830231761.0,18220292888526.0,-19632221357027.0,-764076040739.0,-374847317582.0,-452572729500.0
VJC,2021,16854210320480.0,51653704011340.0,12874919725450.0,-14913724210509.0,-607756237934.0,-365729158499.0,-804782847259.0
VJC,2022,14898294823484.0,68036964433312.0,40141863488029.0,-42135151389707.0,-936343663352.0,-534452104416.0,-1383641245573.0
VJC,2023,15253140303435.0,86925420916769.0,58340618715308.0,-55819871829489.0,-1950124205949.0,-1099316843401.0,-1950254195864.0
VJC,2024,17118712765104.0,99315254784593.0,72045286343724.0,-64891984978453.0,-2596952535982.0,-1395675389992.0,-3211952994975.0
VJC,2025,24809183292173.0,139391011113158.0,82092949674406.0,-73624045486729.0,-2406388600297.0,-2131680878825.0,-3619678428651.0
VMS,2018,147545892360.0,247822109346.0,230840149553.0,-211652721286.0,-780071765.0,-14383402914.0,0.0
VMS,2019,147791212192.0,257050917005.0,237859262045.0,-215512105287.0,-894358803.0,-17050687604.0,0.0
VMS,2020,157407662680.0,268336190527.0,232243606863.0,-204974259721.0,-1528294019.0,-17141554491.0,0.0
VMS,2021,148700830831.0,250482329147.0,221027980665.0,-196037791395.0,-2140349585.0,-14484821858.0,0.0
VMS,2022,148106834290.0,238413531203.0,211608962821.0,-188245689910.0,-1572618280.0,-14294326879.0,0.0
VMS,2023,150586395568.0,234319595107.0,162945888075.0,-137695035398.0,-721614437.0,-16022153849.0,0.0
VMS,2024,151646822863.0,239348184777.0,213827803788.0,-187085523827.0,-785772557.0,-18668625658.0,0.0
VMS,2025,154558615572.0,256013818736.0,307000473703.0,-268601671513.0,-974299438.0,-25805619203.0,0.0
VNM,2018,26271369291927.0,37366108654179.0,52561949970592.0,-27950543501501.0,-12265936906433.0,-1133300231790.0,-51367418852.0
VNM,2019,29731255204364.0,44699873386034.0,56318122762744.0,-29745906112117.0,-12993454552852.0,-1396302416955.0,-108824893987.0
VNM,2020,33647122229822.0,48432480673629.0,59636286225547.0,-31967662837839.0,-13447492622165.0,-1958155456285.0,-143818465177.0
VNM,2021,35850114249384.0,53332403438219.0,60919164846146.0,-34640863353839.0,-12950670402404.0,-1567312426985.0,-88799090663.0
VNM,2022,32816518355085.0,48482664236220.0,59956247197418.0,-36059015690711.0,-12548212246871.0,-1595845681078.0,-166039091744.0
VNM,2023,35025743765470.0,52673371104460.0,60368915511505.0,-35824183896095.0,-13018093111879.0,-1755619128197.0,-354094837255.0
VNM,2024,36174402829663.0,55049061537061.0,61782609528445.0,-36192433205321.0,-13357706796806.0,-1827916838987.0,-279424561295.0
VNM,2025,34483015286107.0,53312370717301.0,63645886756227.0,-37436412561696.0,-13641689163684.0,-1904069825709.0,-325804350407.0
VNT,2018,221570647327.0,573796474154.0,1027650408312.0,-969625292745.0,0.0,-30444686868.0,-23855992541.0
VNT,2019,211087578672.0,557091232314.0,932797371880.0,-881262062748.0,0.0,-31702115270.0,-14482912124.0
VNT,2020,186704889020.0,641540121222.0,1238969860261.0,-1183231595490.0,0.0,-29638668821.0,-14990383081.0
VNT,2021,198253423456.0,792028101064.0,2544345801877.0,-2444956677996.0,0.0,-39557593787.0,-22918232743.0
VNT,2022,174948180460.0,702705783316.0,1803584707015.0,-1713423210712.0,0.0,-41628708961.0,-18510561060.0
VNT,2023,216562552507.0,651679658160.0,879526958129.0,-830649556559.0,0.0,-30360892937.0,-14457115058.0
VNT,2024,216790463152.0,672033682469.0,1433454597621.0,-1366268055674.0,0.0,-32782200676.0,-15593353385.0
VNT,2025,234273841479.0,699722528119.0,1524869420241.0,-1451792877660.0,0.0,-34425046243.0,-16531416773.0
VNZ,2018,3832259467341.0,4879247428442.0,4316788220514.0,-1994797423656.0,-1194020224336.0,-566604927323.0,0.0
VNZ,2019,5429098772211.0,7023325536944.0,5178001019689.0,-2783688670752.0,-1157991127822.0,-739966980360.0,0.0
VNZ,2020,6083047053536.0,7872014180346.0,6024268053361.0,-3414257316755.0,-1566175920603.0,-735502297654.0,0.0
VNZ,2021,6323673244524.0,9237591051642.0,7649059991478.0,-4105496321001.0,-2361349122052.0,-1112078734564.0,0.0
VNZ,2022,5114587277562.0,8899715162955.0,7800524774926.0,-4363495796170.0,-2727839104351.0,-1578943163656.0,0.0
VNZ,2023,2810100050226.0,9594666618825.0,7592705115305.0,-5304370047476.0,-2385651703488.0,-1564028649250.0,-84267203480.0
VNZ,2024,1107948957054.0,9434153227231.0,9273323312176.0,-5847152303374.0,-1970946985364.0,-1329745568320.0,-145335261844.0
VNZ,2025,890234066308.0,11352254039576.0,10894374210277.0,-6889008570793.0,-2557514836500.0,-1318345935228.0,-137813161195.0
VPI,2018,2457568829289.0,6722363880591.0,258265174287.0,182395692573.0,-9723333581.0,-90006482110.0,-35655683032.0
VPI,2019,2691167830619.0,8972345105645.0,3057265073469.0,-2224106078529.0,-29551844411.0,-92867856064.0,-144653328081.0
VPI,2020,2958224475647.0,9703533833765.0,2164998913302.0,-1481688831813.0,-78056460972.0,-122674187228.0,-204671567242.0
VPI,2021,3394444571983.0,9835483700668.0,2610596277671.0,-1968678565580.0,-158161411974.0,-127036446764.0,-103911543417.0
VPI,2022,3758706656184.0,11095990357248.0,2152085505762.0,-985119183235.0,-120349965835.0,-246068812632.0,-325070147215.0
VPI,2023,3966629467753.0,12530858055179.0,1864841561755.0,-565517444833.0,-141050404283.0,-219362774767.0,-458874243707.0
VPI,2024,5074140186064.0,11138519411664.0,1897330935760.0,-1577562566026.0,-7468855667.0,-137181726801.0,-186448115484.0
VPI,2025,5474402029997.0,14727969035197.0,1976351741138.0,-1227271916624.0,-62068058569.0,-213678196842.0,-52481275104.0
VPL,2018,11053712504069.0,41551338068767.0,15185473952533.0,-13121097364181.0,-715822335779.0,-2135012692099.0,-966826120924.0
VPL,2019,3526993000000.0,40840108000000.0,13986273000000.0,-13912620000000.0,-583567000000.0,-1957709000000.0,-1784927000000.0
VPL,2022,8470061000000.0,56003207000000.0,7172730000000.0,-11290707000000.0,-496481000000.0,-1378007000000.0,-2419597000000.0
VPL,2023,13316823000000.0,44072730000000.0,9254103000000.0,-11823195000000.0,-604943000000.0,-912748000000.0,-3080645000000.0
VPL,2024,31483965000000.0,76483141000000.0,14376149000000.0,-11513069000000.0,-617569000000.0,-1664478000000.0,-1325781000000.0
VPL,2025,36597816000000.0,86845921000000.0,15539096000000.0,-10144756000000.0,-526962000000.0,-2067313000000.0,-1221346000000.0
VSF,2018,3357150537825.0,8891964599502.0,17740059254254.0,-16217338752606.0,-971464942604.0,-1595893045434.0,-171526138479.0
VSF,2019,3138199505121.0,7415991117607.0,16811228743942.0,-15338254874346.0,-1100857189436.0,-397709214888.0,-176673267377.0
VSF,2020,2869970294957.0,6763816399396.0,16552851285923.0,-15559303110083.0,-700091195552.0,-409411184851.0,-114239406557.0
VSF,2021,2494868143518.0,6525660290392.0,16540582714022.0,-15594218998619.0,-817169449067.0,-373193539168.0,-117195331878.0
VSF,2022,2454093386452.0,8527059336446.0,17303516881307.0,-15791471673203.0,-979805792230.0,-402283759572.0,-128535434290.0
VSF,2023,2464117206017.0,6232738163285.0,23030651999399.0,-21211961777076.0,-1066628524870.0,-528829812264.0,-184769418416.0
VSF,2024,2429532194453.0,6327874252892.0,21460066916824.0,-19828321640732.0,-1058090804640.0,-446675119419.0,-191513339831.0
VSF,2025,2450849944688.0,7027385094921.0,17813543732312.0,-16031932789872.0,-1108630989640.0,-505470767014.0,-125991596586.0
VSH,2018,2994608955583.0,7960421262202.0,563577508755.0,-214297529471.0,0.0,-25629262806.0,-1385065857.0
VSH,2019,3149171157434.0,9048823272534.0,400283588494.0,-202910999811.0,0.0,-23022424877.0,-1250360383.0
VSH,2020,3330256829636.0,9676165108103.0,340618213085.0,-203839794105.0,0.0,-23098801743.0,-1251453330.0
VSH,2021,4010450990849.0,10016611517052.0,1611300817624.0,-796395344004.0,0.0,-45357873674.0,-323439602872.0
VSH,2022,5026370415560.0,9710316479989.0,3084636671457.0,-1062259326573.0,0.0,-77277826927.0,-408091821298.0
VSH,2023,4594864832470.0,9533198918198.0,2572042429434.0,-1012980892481.0,0.0,-60711589757.0,-392412796174.0
VSH,2024,4683300432489.0,8607882329340.0,1825139095390.0,-951730790976.0,0.0,-47600670036.0,-277799861038.0
VSH,2025,4949775273145.0,8171336733738.0,2304086752479.0,-1075893097236.0,0.0,-68270290859.0,-200617040004.0
VTM,2018,38455883631.0,112371822045.0,306571414869.0,-263703625403.0,0.0,-33739773034.0,-4729539269.0
VTM,2019,39357654736.0,121417416996.0,309112530138.0,-268518357586.0,0.0,-33797085821.0,-2140688490.0
VTM,2020,39857535969.0,155339222693.0,263064285494.0,-219270812160.0,0.0,-35825948180.0,-3605877107.0
VTM,2021,39820752501.0,183027053709.0,288121015082.0,-239496342427.0,0.0,-35331835588.0,-8836401160.0
VTM,2022,39846210670.0,212272783446.0,334970569701.0,-281901474944.0,0.0,-38598709415.0,-11183524278.0
VTM,2023,40682928148.0,244949229613.0,326314319081.0,-269899621152.0,0.0,-39520344942.0,-13104889784.0
VTM,2024,40672062271.0,283859305149.0,355622090664.0,-298944725151.0,0.0,-40795998305.0,-12794762668.0
VTM,2025,36214628838.0,273251895378.0,331453848147.0,-278207330464.0,0.0,-39730052622.0,-14454425785.0
VTP,2018,678971332907.0,2834544462237.0,4922305183794.0,-4375727170448.0,-29855451995.0,-199724945379.0,-18806093454.0
VTP,2019,967955415000.0,3394208367383.0,7811590832032.0,-7036307687468.0,-48592575704.0,-285303737990.0,-48962038828.0
VTP,2020,1208597273223.0,4366695531680.0,17234281758916.0,-16535690235492.0,-21510589388.0,-247965427401.0,-54005233537.0
VTP,2021,1325503140444.0,5429630085659.0,21452031608957.0,-20850922967429.0,-39907357563.0,-242352236622.0,-47613594964.0
VTP,2022,1388933207070.0,5734637711352.0,21628809150146.0,-20981387121122.0,-38519378435.0,-333713724093.0,-55589484981.0
VTP,2023,1584216879869.0,6439394156721.0,19587521805154.0,-18705973824498.0,-51490050770.0,-413074412273.0,-63945975580.0
VTP,2024,1588456546171.0,6363556558123.0,20734671115593.0,-19729225253128.0,-113569053317.0,-440298056149.0,-57801498674.0
VTP,2025,1768209730795.0,7518675499825.0,20574073291686.0,-19437517990506.0,-125555064674.0,-511141492279.0,-73939554919.0
VVS,2022,252498322744.0,3328597026043.0,4094025555322.0,-3826509808236.0,-95788730420.0,-63268057077.0,-32909273487.0
VVS,2023,284095269934.0,1870801077377.0,2265032292937.0,-2047899028371.0,-64386684563.0,-63550130399.0,-33725399236.0
VVS,2024,352531433608.0,2315625696887.0,3891109720791.0,-3609796406949.0,-96148645079.0,-72146981743.0,-26573774813.0
VVS,2025,652146481501.0,5116010983007.0,8050641624782.0,-7478644503220.0,-124687348182.0,-108477761850.0,-38782833914.0
VXB,2018,61068712676.0,206049486163.0,226722877087.0,-204865410397.0,-3368825237.0,-9479718555.0,-7069650313.0
VXB,2019,47387949303.0,162834113296.0,131281049684.0,-125504386447.0,-3238434829.0,-11510785765.0,-6486553826.0
VXB,2020,29352541572.0,140122887490.0,96875375146.0,-93451231178.0,-2022327578.0,-12909883557.0,-7228100613.0
VXB,2021,30903458784.0,159684688112.0,57263540708.0,-53849090117.0,-1187667601.0,-7683720083.0,-6463233181.0
VXB,2022,-21713290806.0,95709739625.0,11743553064.0,-10791362377.0,-481026472.0,-8521194840.0,-6530728540.0
VXB,2023,-37183975599.0,92910704445.0,248526695.0,-1189356305.0,-77548321.0,-3522740710.0,-6513347932.0
VXB,2024,-49764052750.0,90561617220.0,832231728.0,-427903519.0,0.0,-2392359505.0,-6810139947.0
WCS,2018,290255652473.0,328370060259.0,132393017683.0,-57897905528.0,0.0,-12139120974.0,0.0
WCS,2019,249300052895.0,287226564561.0,133568769184.0,-58636989532.0,0.0,-11953283583.0,-96178083.0
WCS,2020,165819432371.0,195388578657.0,111015268591.0,-52507332575.0,0.0,-10439961338.0,-169056220.0
WCS,2021,166526961919.0,185753796458.0,54739151576.0,-40618722934.0,0.0,-8725330879.0,0.0
WCS,2022,190910271095.0,217600588007.0,94055510414.0,-44085390624.0,0.0,-13416992843.0,0.0
WCS,2023,202912675278.0,284204982878.0,140258530825.0,-55098982104.0,0.0,-18674989124.0,0.0
WCS,2024,265593516443.0,307619509302.0,158282285993.0,-62895483646.0,0.0,-17053901578.0,0.0
WCS,2025,286363370542.0,329932042925.0,171969182626.0,-68280440077.0,0.0,-18507419316.0,0.0
