time,open,high,low,close,volume,symbol
2018-10-01,1020.11,1023.87,1012.88,1012.88,225044930,VNINDEX
2018-10-02,1014.26,1021.51,1012.88,1018.79,203932870,VNINDEX
2018-10-03,1021.08,1024.59,1016.47,1020.4,160155660,VNINDEX
2018-10-04,1024.68,1024.68,1020.4,1023.62,183870790,VNINDEX
2018-10-05,1020.21,1023.62,1008.39,1008.39,206650560,VNINDEX
2018-10-08,1003.31,1008.39,996.12,996.12,185949540,VNINDEX
2018-10-09,998.7,1001.87,996.12,996.19,178954450,VNINDEX
2018-10-10,998.66,999.62,991.22,993.96,171846560,VNINDEX
2018-10-11,972.21,993.96,938.83,945.89,344023630,VNINDEX
2018-10-12,939.2,970.08,933.35,970.08,203631780,VNINDEX
2018-10-15,968.8,970.08,951.64,951.64,123102110,VNINDEX
2018-10-16,950.36,963.69,950.36,963.37,117735940,VNINDEX
2018-10-17,973.14,975.27,963.37,971.6,137768810,VNINDEX
2018-10-18,968.93,971.6,962.68,963.47,126109950,VNINDEX
2018-10-19,949.94,963.47,945.83,958.36,132371320,VNINDEX
2018-10-22,958.36,963.79,953.51,953.51,133005070,VNINDEX
2018-10-23,950.12,953.51,925.38,939.68,181840880,VNINDEX
2018-10-24,935.25,939.68,922.73,922.73,132105240,VNINDEX
2018-10-25,902.59,922.73,885.34,910.17,163619880,VNINDEX
2018-10-26,918.11,918.16,900.82,900.82,133621650,VNINDEX
2018-10-29,895.05,900.82,884.92,888.82,113424680,VNINDEX
2018-10-30,881.32,894.8,880.85,888.69,119547410,VNINDEX
2018-10-31,894.23,914.76,888.69,914.76,159222360,VNINDEX
2018-11-01,915.52,918.84,888.69,907.96,121693330,VNINDEX
2018-11-02,911.35,927.62,888.69,924.86,209087970,VNINDEX
2018-11-05,920.87,925.53,915.77,925.53,121121310,VNINDEX
2018-11-06,931.0,931.27,921.93,922.05,120442560,VNINDEX
2018-11-07,922.03,924.6,915.41,922.16,126800490,VNINDEX
2018-11-08,928.69,932.86,922.16,926.28,136692720,VNINDEX
2018-11-09,921.11,926.28,914.29,914.29,131109630,VNINDEX
2018-11-12,909.36,918.99,903.95,918.12,109808760,VNINDEX
2018-11-13,904.35,918.12,903.48,907.99,132807600,VNINDEX
2018-11-14,904.16,910.58,898.83,900.93,125187850,VNINDEX
2018-11-15,901.13,903.83,892.5,897.15,134989500,VNINDEX
2018-11-16,901.44,903.21,894.14,898.19,142498160,VNINDEX
2018-11-19,902.65,916.06,898.19,916.06,123860310,VNINDEX
2018-11-20,909.76,919.02,909.76,919.02,126164590,VNINDEX
2018-11-21,909.83,922.56,907.47,922.56,119083100,VNINDEX
2018-11-22,924.93,926.15,922.02,924.42,114412140,VNINDEX
2018-11-23,923.91,925.59,916.87,917.97,111905790,VNINDEX
2018-11-26,915.67,921.96,914.43,921.03,90451440,VNINDEX
2018-11-27,925.31,930.37,921.03,923.12,109001530,VNINDEX
2018-11-28,922.29,930.2,922.18,930.2,96777710,VNINDEX
2018-11-29,934.88,937.75,926.79,926.79,117424890,VNINDEX
2018-11-30,924.49,928.92,921.08,926.54,128769250,VNINDEX
2018-12-03,937.7,951.59,926.54,951.59,158946860,VNINDEX
2018-12-04,952.97,960.44,950.89,958.84,177097760,VNINDEX
2018-12-05,950.34,960.87,946.97,957.14,153998080,VNINDEX
2018-12-06,957.14,959.58,948.44,954.82,145040180,VNINDEX
2018-12-07,956.49,962.39,954.82,958.59,151647570,VNINDEX
2018-12-10,955.06,958.59,951.5,955.89,129252710,VNINDEX
2018-12-11,955.93,957.97,949.4,954.58,126821330,VNINDEX
2018-12-12,956.32,961.28,954.58,961.28,143971260,VNINDEX
2018-12-13,961.28,966.83,960.1,960.25,145835490,VNINDEX
2018-12-14,958.78,960.25,951.04,952.04,131393080,VNINDEX
2018-12-17,948.09,952.04,933.65,933.65,143135290,VNINDEX
2018-12-18,933.65,933.65,917.03,927.25,155653890,VNINDEX
2018-12-19,926.35,927.25,914.66,919.24,119410210,VNINDEX
2018-12-20,915.5,921.79,914.18,918.24,107806880,VNINDEX
2018-12-21,911.57,918.24,907.88,912.26,131219760,VNINDEX
2018-12-24,912.9,916.41,908.56,908.56,109246400,VNINDEX
2018-12-25,893.53,908.56,882.17,897.94,168379500,VNINDEX
2018-12-26,896.63,899.49,890.86,891.75,104065930,VNINDEX
2018-12-27,904.8,918.24,882.17,900.81,112522140,VNINDEX
2018-12-28,903.79,906.63,891.75,892.54,123558630,VNINDEX
2019-01-02,903.79,906.63,891.1,891.75,91857070,VNINDEX
2019-01-03,889.78,892.21,872.12,878.22,135125060,VNINDEX
2019-01-04,872.69,881.48,861.85,880.9,117664070,VNINDEX
2019-01-07,890.47,896.63,880.9,889.64,87417130,VNINDEX
2019-01-08,891.37,891.87,883.67,887.44,92128530,VNINDEX
2019-01-09,890.26,897.25,887.44,896.99,121796320,VNINDEX
2019-01-10,897.85,899.47,895.17,898.3,102404440,VNINDEX
2019-01-11,899.1,904.37,898.3,902.71,107782500,VNINDEX
2019-01-14,903.83,903.83,897.18,901.8,102797710,VNINDEX
2019-01-15,901.21,909.68,898.92,909.68,106149230,VNINDEX
2019-01-16,911.32,912.48,906.39,908.7,107555090,VNINDEX
2019-01-17,908.48,909.06,901.89,901.89,117379940,VNINDEX
2019-01-18,902.7,906.35,900.64,902.3,98216800,VNINDEX
2019-01-21,905.25,911.74,902.3,911.05,119012350,VNINDEX
2019-01-22,912.73,913.37,906.55,906.55,122327990,VNINDEX
2019-01-23,905.73,910.12,905.12,908.02,103749070,VNINDEX
2019-01-24,908.56,910.59,906.59,908.79,93576170,VNINDEX
2019-01-25,908.86,911.59,907.96,908.88,94869510,VNINDEX
2019-01-28,912.53,913.43,908.88,912.18,105335970,VNINDEX
2019-01-29,913.67,915.93,907.09,915.93,97050250,VNINDEX
2019-01-30,914.08,917.8,913.48,915.84,101720060,VNINDEX
2019-01-31,919.51,920.36,910.38,910.65,110220270,VNINDEX
2019-02-01,911.98,912.81,907.52,908.67,101242400,VNINDEX
2019-02-11,916.98,926.1,908.67,926.1,105483580,VNINDEX
2019-02-12,930.37,938.64,926.1,937.54,172197210,VNINDEX
2019-02-13,937.61,945.25,937.34,945.25,176159810,VNINDEX
2019-02-14,946.21,953.66,945.25,952.34,156655320,VNINDEX
2019-02-15,951.9,955.4,948.26,950.89,145322500,VNINDEX
2019-02-18,954.85,961.3,950.89,961.3,169171360,VNINDEX
2019-02-19,962.84,971.92,961.3,964.35,195093270,VNINDEX
2019-02-20,964.37,972.75,964.35,970.58,145267490,VNINDEX
2019-02-21,972.82,987.57,970.31,987.57,162918220,VNINDEX
2019-02-22,983.99,993.05,982.86,988.91,199234030,VNINDEX
2019-02-25,996.06,999.9,988.91,994.43,192681550,VNINDEX
2019-02-26,991.63,996.44,979.24,987.06,209790990,VNINDEX
2019-02-27,990.06,994.46,987.06,990.27,204616980,VNINDEX
2019-02-28,989.84,990.27,965.47,965.47,197428310,VNINDEX
2019-03-01,971.05,980.82,965.47,979.63,147716480,VNINDEX
2019-03-04,983.5,994.46,979.63,993.99,209754090,VNINDEX
2019-03-05,990.08,1000.25,987.92,992.45,243416220,VNINDEX
2019-03-06,993.01,994.49,985.51,994.49,189551540,VNINDEX
2019-03-07,995.65,1004.55,994.03,994.03,187770040,VNINDEX
2019-03-08,987.89,994.03,984.48,985.25,176347260,VNINDEX
2019-03-11,982.94,987.11,981.34,984.6,142651930,VNINDEX
2019-03-12,991.14,1001.32,984.6,1001.32,179893460,VNINDEX
2019-03-13,1003.75,1009.77,1001.32,1005.41,197620220,VNINDEX
2019-03-14,1006.37,1011.39,1002.09,1009.56,170460340,VNINDEX
2019-03-15,1008.44,1008.44,1001.1,1004.12,207003710,VNINDEX
2019-03-18,1004.12,1013.29,1004.12,1011.86,188364570,VNINDEX
2019-03-19,1013.75,1014.51,1004.22,1006.59,198984160,VNINDEX
2019-03-20,1002.86,1006.59,992.02,1002.3,180045630,VNINDEX
2019-03-21,1005.12,1006.37,981.78,981.78,182708030,VNINDEX
2019-03-22,984.9,990.07,981.3,988.71,151811080,VNINDEX
2019-03-25,976.53,988.71,964.76,970.07,177632670,VNINDEX
2019-03-26,970.07,978.99,966.9,969.79,139645020,VNINDEX
2019-03-27,976.67,979.32,969.79,975.91,112974060,VNINDEX
2019-03-28,973.44,983.18,972.6,982.98,122202110,VNINDEX
2019-03-29,985.35,988.24,980.76,980.76,131921800,VNINDEX
2019-04-01,980.76,988.53,980.76,988.53,137258330,VNINDEX
2019-04-02,994.87,996.41,985.48,985.81,139423310,VNINDEX
2019-04-03,984.74,985.81,980.3,984.46,128758900,VNINDEX
2019-04-04,987.47,989.08,982.94,986.91,131989370,VNINDEX
2019-04-05,986.91,990.38,986.39,989.26,129755950,VNINDEX
2019-04-08,989.26,997.56,989.26,997.56,146953600,VNINDEX
2019-04-09,999.89,1000.02,987.82,988.48,152345600,VNINDEX
2019-04-10,984.79,988.48,976.83,981.91,136497840,VNINDEX
2019-04-11,984.46,985.95,981.06,985.95,117588860,VNINDEX
2019-04-12,984.66,985.95,980.26,982.9,111898230,VNINDEX
2019-04-16,970.87,982.9,963.06,977.17,130941660,VNINDEX
2019-04-17,977.17,980.71,972.1,972.1,148469420,VNINDEX
2019-04-18,969.5,973.73,962.05,962.3,137181210,VNINDEX
2019-04-19,968.27,971.73,962.3,966.21,96080150,VNINDEX
2019-04-22,963.78,966.69,959.33,965.86,115805120,VNINDEX
2019-04-23,964.84,970.98,964.35,968.0,112653940,VNINDEX
2019-04-24,969.66,978.71,968.0,976.92,121107830,VNINDEX
2019-04-25,976.34,976.92,971.92,974.13,112382890,VNINDEX
2019-04-26,972.86,979.64,970.73,979.64,107350700,VNINDEX
2019-05-02,978.81,979.93,975.51,978.5,123917210,VNINDEX
2019-05-03,976.77,978.5,971.75,974.14,127740220,VNINDEX
2019-05-06,964.37,974.14,955.41,957.97,133510960,VNINDEX
2019-05-07,961.31,965.61,955.42,957.56,121330080,VNINDEX
2019-05-08,950.1,957.56,947.86,951.22,118717980,VNINDEX
2019-05-09,950.45,953.66,944.91,947.01,114863670,VNINDEX
2019-05-10,950.37,953.92,947.01,952.55,114647770,VNINDEX
2019-05-13,952.11,958.54,951.76,958.54,124693720,VNINDEX
2019-05-14,957.74,965.34,955.79,965.34,135189670,VNINDEX
2019-05-15,967.95,977.65,965.34,975.64,154156590,VNINDEX
2019-05-16,976.19,981.22,975.64,975.69,129973620,VNINDEX
2019-05-17,977.85,980.04,974.91,976.48,120457430,VNINDEX
2019-05-20,981.92,987.13,981.91,987.13,134337940,VNINDEX
2019-05-21,989.67,992.84,986.07,986.29,124573780,VNINDEX
2019-05-22,986.97,992.26,982.68,983.78,127215170,VNINDEX
2019-05-23,982.0,984.57,977.17,982.71,107963620,VNINDEX
2019-05-24,976.43,983.14,970.03,970.03,128053180,VNINDEX
2019-05-27,970.73,975.4,970.03,975.14,95899120,VNINDEX
2019-05-28,977.02,978.8,969.51,972.0,120728740,VNINDEX
2019-05-29,972.75,974.96,969.55,971.54,120297710,VNINDEX
2019-05-30,971.04,974.56,967.21,969.34,105520020,VNINDEX
2019-05-31,968.84,969.94,959.88,959.88,114110930,VNINDEX
2019-06-03,953.58,959.88,940.28,946.47,141641430,VNINDEX
2019-06-04,945.62,951.42,943.21,951.16,102807600,VNINDEX
2019-06-05,956.46,958.39,951.16,951.41,95438950,VNINDEX
2019-06-06,951.41,951.41,939.35,948.21,100777880,VNINDEX
2019-06-07,951.64,958.28,948.21,958.28,97844860,VNINDEX
2019-06-10,963.78,966.9,958.28,962.9,118770610,VNINDEX
2019-06-11,962.43,964.81,959.98,962.07,95697370,VNINDEX
2019-06-12,960.6,962.07,953.83,954.17,100019840,VNINDEX
2019-06-13,951.26,954.17,946.29,950.08,98544550,VNINDEX
2019-06-14,948.65,954.7,948.65,953.61,115323520,VNINDEX
2019-06-17,953.97,955.18,944.47,946.95,104932990,VNINDEX
2019-06-18,945.73,947.3,938.95,944.01,108309080,VNINDEX
2019-06-19,948.92,950.04,944.01,949.69,113819830,VNINDEX
2019-06-20,949.48,962.33,948.97,959.18,129261230,VNINDEX
2019-06-21,962.69,964.52,959.12,959.2,172955940,VNINDEX
2019-06-24,949.48,967.11,962.63,962.85,113476250,VNINDEX
2019-06-25,949.48,963.23,960.06,960.13,120760130,VNINDEX
2019-06-26,949.48,962.7,958.49,959.13,119422620,VNINDEX
2019-06-27,949.48,958.07,943.11,943.11,122886150,VNINDEX
2019-06-28,944.53,949.94,939.12,949.94,119513470,VNINDEX
2019-07-01,958.92,965.61,949.94,965.61,123426860,VNINDEX
2019-07-02,964.77,966.76,959.8,961.98,107519450,VNINDEX
2019-07-03,960.44,961.98,956.91,960.39,113731280,VNINDEX
2019-07-04,961.78,973.04,960.39,973.04,135119630,VNINDEX
2019-07-05,973.04,975.34,970.16,975.34,117184620,VNINDEX
2019-07-08,972.83,975.34,963.84,966.35,119061500,VNINDEX
2019-07-09,965.24,969.05,963.05,969.05,126456270,VNINDEX
2019-07-10,971.19,974.96,969.05,973.65,124519570,VNINDEX
2019-07-11,976.95,980.02,973.65,978.63,133659820,VNINDEX
2019-07-12,980.11,982.1,974.32,975.4,133003920,VNINDEX
2019-07-15,975.57,975.66,970.93,972.53,117696750,VNINDEX
2019-07-16,975.05,982.11,972.53,982.11,142076680,VNINDEX
2019-07-17,981.49,985.59,979.05,982.57,142317410,VNINDEX
2019-07-18,979.16,982.57,975.01,976.05,127216580,VNINDEX
2019-07-19,978.12,986.12,976.05,982.34,160649510,VNINDEX
2019-07-22,981.17,985.13,980.08,982.04,135292770,VNINDEX
2019-07-23,981.38,990.39,980.22,989.46,134713850,VNINDEX
2019-07-24,993.01,994.85,986.34,988.41,132814770,VNINDEX
2019-07-25,986.85,997.49,986.85,994.95,141192240,VNINDEX
2019-07-26,994.8,998.52,992.97,993.35,118055590,VNINDEX
2019-07-29,994.23,997.94,988.29,997.94,113384890,VNINDEX
2019-07-30,1001.46,1002.77,986.02,986.02,133259450,VNINDEX
2019-07-31,986.0,993.4,982.64,991.66,130600410,VNINDEX
2019-08-01,993.25,997.39,990.88,997.39,135015390,VNINDEX
2019-08-02,987.55,997.39,985.69,991.1,144127640,VNINDEX
2019-08-05,988.6,991.1,973.15,973.15,148292430,VNINDEX
2019-08-06,960.29,973.15,958.39,964.61,170231190,VNINDEX
2019-08-07,967.18,971.96,961.64,965.93,133866380,VNINDEX
2019-08-08,965.93,975.83,964.21,975.24,157756080,VNINDEX
2019-08-09,976.41,978.69,974.33,974.34,133550890,VNINDEX
2019-08-12,975.38,977.63,973.22,975.31,125710330,VNINDEX
2019-08-13,972.7,975.31,964.03,966.83,142686780,VNINDEX
2019-08-14,975.88,975.99,966.83,968.91,125458400,VNINDEX
2019-08-15,958.05,979.38,955.76,979.38,131135680,VNINDEX
2019-08-16,974.88,985.61,974.88,980.0,156459560,VNINDEX
2019-08-19,984.04,985.48,979.17,981.03,107980080,VNINDEX
2019-08-20,983.94,985.35,981.03,984.67,121108870,VNINDEX
2019-08-21,984.36,995.44,983.3,994.38,146223360,VNINDEX
2019-08-22,996.41,998.67,993.23,997.26,128389760,VNINDEX
2019-08-23,998.21,998.21,990.83,992.45,119796120,VNINDEX
2019-08-26,983.8,992.45,977.0,982.88,151649840,VNINDEX
2019-08-27,986.33,988.49,976.79,976.79,150855300,VNINDEX
2019-08-28,977.1,981.35,976.79,977.26,117235850,VNINDEX
2019-08-29,978.17,978.78,973.34,978.59,119663520,VNINDEX
2019-08-30,980.25,984.87,978.59,984.06,126012110,VNINDEX
2019-09-03,984.79,985.21,978.62,979.36,126148070,VNINDEX
2019-09-04,977.97,979.91,973.37,977.63,121831910,VNINDEX
2019-09-05,979.83,981.67,976.79,976.79,113824610,VNINDEX
2019-09-06,977.83,978.73,973.87,974.08,108569600,VNINDEX
2019-09-09,974.53,975.03,972.47,974.12,104287810,VNINDEX
2019-09-10,974.62,977.44,968.36,970.26,128339460,VNINDEX
2019-09-11,969.59,973.13,967.14,969.31,95091710,VNINDEX
2019-09-12,972.39,976.07,969.31,976.07,123174240,VNINDEX
2019-09-13,976.07,987.22,975.95,987.22,145895070,VNINDEX
2019-09-16,987.07,992.6,986.72,989.86,138035800,VNINDEX
2019-09-17,990.06,996.74,986.96,996.74,142601060,VNINDEX
2019-09-18,995.75,998.4,993.94,995.15,140571130,VNINDEX
2019-09-19,995.49,997.2,990.55,997.1,140440060,VNINDEX
2019-09-20,997.6,998.56,990.36,990.36,167884480,VNINDEX
2019-09-23,991.75,993.98,987.54,987.54,121610650,VNINDEX
2019-09-24,986.33,991.36,984.94,988.13,119577920,VNINDEX
2019-09-25,985.96,989.18,983.06,987.3,121420880,VNINDEX
2019-09-26,988.7,991.66,986.35,990.75,133043610,VNINDEX
2019-09-27,992.26,998.34,990.75,997.84,152087820,VNINDEX
2019-09-30,999.92,1004.17,996.51,996.56,157737220,VNINDEX
2019-10-01,997.87,999.72,996.2,999.59,141547280,VNINDEX
2019-10-02,999.18,1000.93,989.63,991.19,155632190,VNINDEX
2019-10-03,985.65,992.45,983.35,992.45,156298020,VNINDEX
2019-10-04,993.69,994.81,987.59,987.59,153634840,VNINDEX
2019-10-07,989.45,990.34,983.09,983.09,150412170,VNINDEX
2019-10-08,983.62,988.51,981.89,988.22,153446780,VNINDEX
2019-10-09,987.82,992.0,986.74,987.83,143783620,VNINDEX
2019-10-10,988.81,990.89,986.93,987.38,137745810,VNINDEX
2019-10-11,988.57,991.84,987.38,991.84,140671790,VNINDEX
2019-10-14,994.61,997.25,991.84,993.57,171969840,VNINDEX
2019-10-15,993.55,994.75,990.74,993.05,131330520,VNINDEX
2019-10-16,995.75,997.41,993.05,994.46,157875510,VNINDEX
2019-10-17,995.04,995.81,989.82,989.82,157134910,VNINDEX
2019-10-18,992.0,993.03,988.56,989.2,153487520,VNINDEX
2019-10-21,988.18,989.2,983.56,983.56,162867090,VNINDEX
2019-10-22,983.52,987.59,983.52,987.19,200609660,VNINDEX
2019-10-23,987.04,989.61,985.52,987.79,154015230,VNINDEX
2019-10-24,988.85,993.6,987.65,993.6,141378830,VNINDEX
2019-10-25,993.91,996.67,992.91,996.57,136700300,VNINDEX
2019-10-28,998.27,999.56,996.48,996.48,150002350,VNINDEX
2019-10-29,997.77,999.88,995.87,995.87,177823330,VNINDEX
2019-10-30,996.83,1003.4,994.86,1000.89,160171570,VNINDEX
2019-10-31,1000.89,1004.4,998.58,998.82,189105090,VNINDEX
2019-11-01,998.82,1015.88,998.82,1015.59,200048280,VNINDEX
2019-11-04,1019.0,1023.92,1015.59,1022.43,208479560,VNINDEX
2019-11-05,1022.77,1025.19,1021.63,1024.34,172233290,VNINDEX
2019-11-06,1023.43,1028.97,1023.42,1024.91,183325470,VNINDEX
2019-11-07,1023.49,1028.45,1022.61,1024.03,166863590,VNINDEX
2019-11-08,1026.98,1027.39,1021.11,1022.49,157942420,VNINDEX
2019-11-11,1023.32,1024.77,1016.35,1016.75,170775110,VNINDEX
2019-11-12,1016.97,1021.84,1015.97,1018.33,180969830,VNINDEX
2019-11-13,1019.07,1020.09,1010.8,1012.77,182266340,VNINDEX
2019-11-14,1013.85,1016.71,1010.6,1012.3,191447680,VNINDEX
2019-11-15,1012.93,1015.16,1005.1,1010.03,180804630,VNINDEX
2019-11-18,1010.03,1012.09,1002.63,1002.91,165225780,VNINDEX
2019-11-19,1002.89,1008.35,1001.35,1008.35,158028030,VNINDEX
2019-11-20,1009.21,1009.21,1000.56,1000.56,182924030,VNINDEX
2019-11-21,999.37,1000.56,987.89,987.89,171731790,VNINDEX
2019-11-22,992.73,993.7,971.03,977.78,196749440,VNINDEX
2019-11-25,977.85,979.6,971.24,976.35,148285630,VNINDEX
2019-11-26,976.35,981.96,976.35,976.79,148016090,VNINDEX
2019-11-27,978.98,982.76,976.79,978.17,157478720,VNINDEX
2019-11-28,977.66,979.17,967.68,970.39,154471660,VNINDEX
2019-11-29,971.1,972.89,968.03,970.75,138896550,VNINDEX
2019-12-02,971.42,972.91,958.3,959.31,180421680,VNINDEX
2019-12-03,957.4,960.82,950.96,953.43,176408390,VNINDEX
2019-12-04,952.51,965.9,950.13,965.9,162142410,VNINDEX
2019-12-05,969.0,969.53,962.16,963.27,159548260,VNINDEX
2019-12-06,962.38,965.41,960.99,963.56,139312750,VNINDEX
2019-12-09,963.91,967.57,962.59,966.06,183348640,VNINDEX
2019-12-10,965.92,966.58,955.14,960.3,170738810,VNINDEX
2019-12-11,960.59,961.78,954.56,961.78,158554160,VNINDEX
2019-12-12,963.39,968.39,961.78,968.17,154590800,VNINDEX
2019-12-13,969.43,971.84,965.93,966.18,172536910,VNINDEX
2019-12-16,966.0,966.18,960.39,961.47,202440060,VNINDEX
2019-12-17,962.49,962.79,954.03,954.03,239321700,VNINDEX
2019-12-18,951.52,954.18,949.86,951.13,183063780,VNINDEX
2019-12-19,950.61,955.85,946.74,952.26,178790140,VNINDEX
2019-12-20,953.55,957.52,952.26,956.41,183446480,VNINDEX
2019-12-23,959.55,960.71,956.41,959.43,190141650,VNINDEX
2019-12-24,959.43,959.43,953.29,958.88,173207590,VNINDEX
2019-12-25,958.18,962.83,957.5,960.92,195453740,VNINDEX
2019-12-26,960.67,962.11,957.43,958.59,160431180,VNINDEX
2019-12-27,957.7,963.51,954.19,963.51,126605420,VNINDEX
2019-12-30,962.89,967.52,962.47,965.03,147816130,VNINDEX
2019-12-31,965.71,965.71,958.23,960.99,144441990,VNINDEX
2020-01-02,960.26,966.67,959.67,966.67,131579530,VNINDEX
2020-01-03,968.72,970.88,965.14,965.14,149095370,VNINDEX
2020-01-06,962.79,963.2,955.59,955.79,141000200,VNINDEX
2020-01-07,955.79,959.46,953.19,958.88,130272030,VNINDEX
2020-01-08,954.13,955.84,945.28,948.98,179374340,VNINDEX
2020-01-09,960.01,960.73,952.16,960.15,132370320,VNINDEX
2020-01-10,961.17,969.71,961.17,968.54,163058830,VNINDEX
2020-01-13,966.89,968.63,964.79,965.84,117952020,VNINDEX
2020-01-14,966.26,968.85,965.76,967.0,127784380,VNINDEX
2020-01-15,967.69,967.69,964.84,967.56,112455450,VNINDEX
2020-01-16,967.2,974.7,967.17,974.31,146756870,VNINDEX
2020-01-17,976.28,980.02,973.79,978.96,117216880,VNINDEX
2020-01-20,978.23,979.85,975.93,978.63,102398830,VNINDEX
2020-01-21,978.82,986.37,978.82,986.37,128887950,VNINDEX
2020-01-22,986.52,991.46,983.92,991.46,128966880,VNINDEX
2020-01-30,975.15,977.72,954.0,959.58,181385230,VNINDEX
2020-01-31,959.58,960.96,936.62,936.62,210630210,VNINDEX
2020-02-03,916.6,930.37,891.85,928.14,246408370,VNINDEX
2020-02-04,929.42,934.91,919.33,929.09,178000400,VNINDEX
2020-02-05,934.75,936.33,921.89,925.91,163682070,VNINDEX
2020-02-06,926.66,938.54,925.21,938.54,206129040,VNINDEX
2020-02-07,938.61,943.48,935.94,940.75,165020480,VNINDEX
2020-02-10,934.38,935.87,926.61,930.73,129573270,VNINDEX
2020-02-11,930.73,936.04,930.73,934.67,159265510,VNINDEX
2020-02-12,940.72,943.11,937.34,937.68,187439280,VNINDEX
2020-02-13,937.19,939.1,934.47,938.24,153479610,VNINDEX
2020-02-14,939.28,940.65,936.47,937.45,172195600,VNINDEX
2020-02-17,938.52,938.52,931.66,934.77,149349950,VNINDEX
2020-02-18,934.47,934.98,926.01,927.93,164327840,VNINDEX
2020-02-19,926.41,931.66,925.86,928.76,161003900,VNINDEX
2020-02-20,933.69,938.13,930.41,938.13,183636850,VNINDEX
2020-02-21,938.13,940.53,932.32,933.09,179503790,VNINDEX
2020-02-24,917.49,917.49,903.34,903.34,255965410,VNINDEX
2020-02-25,893.95,909.67,893.95,909.67,186008510,VNINDEX
2020-02-26,901.51,903.27,894.25,895.97,131173700,VNINDEX
2020-02-27,892.15,899.34,889.14,898.44,135468580,VNINDEX
2020-02-28,885.47,887.07,872.46,882.19,184315860,VNINDEX
2020-03-02,878.43,886.45,877.31,884.43,173927240,VNINDEX
2020-03-03,895.39,896.39,890.06,890.61,176373200,VNINDEX
2020-03-04,887.85,889.85,882.83,889.37,195439390,VNINDEX
2020-03-05,892.71,898.43,891.2,893.31,209158850,VNINDEX
2020-03-06,888.96,891.44,882.71,891.44,175600680,VNINDEX
2020-03-09,875.8,875.8,834.67,835.49,273180820,VNINDEX
2020-03-10,813.83,843.28,806.63,837.5,242825240,VNINDEX
2020-03-11,843.52,844.94,794.54,811.35,278303370,VNINDEX
2020-03-12,778.06,778.06,762.12,769.25,311344630,VNINDEX
2020-03-13,735.6,764.69,723.42,761.78,289011560,VNINDEX
2020-03-16,758.28,758.59,737.58,747.86,222784370,VNINDEX
2020-03-17,724.07,750.03,721.84,745.78,202420360,VNINDEX
2020-03-18,747.4,752.65,742.12,747.66,205460100,VNINDEX
2020-03-19,732.35,733.43,714.02,725.94,308921920,VNINDEX
2020-03-20,728.55,729.35,709.73,709.73,197474500,VNINDEX
2020-03-23,694.77,694.77,664.23,666.59,223310850,VNINDEX
2020-03-24,666.59,666.59,652.27,659.21,212661260,VNINDEX
2020-03-25,669.76,690.25,667.58,690.25,209923920,VNINDEX
2020-03-26,689.0,700.76,680.1,694.21,171216480,VNINDEX
2020-03-27,692.54,703.22,682.52,696.06,212339560,VNINDEX
2020-03-30,663.91,665.56,657.36,662.26,194282800,VNINDEX
2020-03-31,669.74,678.64,649.1,662.53,227893260,VNINDEX
2020-04-01,658.8,684.96,657.41,680.23,203313080,VNINDEX
2020-04-03,687.92,701.8,687.92,701.8,197918250,VNINDEX
2020-04-06,716.22,736.75,715.39,736.75,304964360,VNINDEX
2020-04-07,744.97,749.13,730.28,746.69,276556810,VNINDEX
2020-04-08,740.03,748.36,730.12,748.02,203416250,VNINDEX
2020-04-09,751.08,765.87,751.08,760.33,271131720,VNINDEX
2020-04-10,759.08,764.36,751.59,757.94,295263430,VNINDEX
2020-04-13,762.99,774.62,762.53,765.79,200195470,VNINDEX
2020-04-14,769.01,769.53,753.85,767.41,229143390,VNINDEX
2020-04-15,768.05,779.52,768.01,777.22,255468260,VNINDEX
2020-04-16,773.11,781.06,770.91,780.7,217009350,VNINDEX
2020-04-17,786.96,790.95,783.74,789.6,268469130,VNINDEX
2020-04-20,796.17,797.49,786.73,794.97,304592700,VNINDEX
2020-04-21,794.97,794.97,761.96,766.84,368523950,VNINDEX
2020-04-22,752.8,774.94,749.97,768.92,223471930,VNINDEX
2020-04-23,774.23,785.6,768.92,773.91,189376840,VNINDEX
2020-04-24,777.28,778.3,767.31,776.66,226072090,VNINDEX
2020-04-27,774.63,785.74,770.77,770.77,256843490,VNINDEX
2020-04-28,773.31,776.13,763.66,767.21,197231630,VNINDEX
2020-04-29,768.59,772.62,768.19,769.11,210867100,VNINDEX
2020-05-04,766.14,769.73,761.64,762.47,253967720,VNINDEX
2020-05-05,763.22,767.03,760.04,764.16,168997250,VNINDEX
2020-05-06,767.3,782.59,765.37,782.59,209914330,VNINDEX
2020-05-07,785.08,796.54,785.08,796.54,214433830,VNINDEX
2020-05-08,800.32,825.72,800.2,813.73,340156270,VNINDEX
2020-05-11,818.26,828.33,812.48,828.33,268927930,VNINDEX
2020-05-12,827.29,835.95,819.66,835.32,290069940,VNINDEX
2020-05-13,835.32,839.59,815.13,834.21,338667310,VNINDEX
2020-05-14,830.97,836.19,826.17,832.4,273950180,VNINDEX
2020-05-15,835.42,838.47,824.59,827.03,258289700,VNINDEX
2020-05-18,827.49,837.61,823.08,837.01,224260950,VNINDEX
2020-05-19,852.14,854.25,844.15,845.92,293801450,VNINDEX
2020-05-20,845.99,852.91,842.21,852.91,235672860,VNINDEX
2020-05-21,854.93,862.73,854.04,862.73,301190730,VNINDEX
2020-05-22,859.29,860.65,852.08,852.74,265002610,VNINDEX
2020-05-25,852.9,860.45,849.12,859.04,259643410,VNINDEX
2020-05-26,861.47,869.65,860.22,869.13,306464080,VNINDEX
2020-05-27,869.13,875.35,857.48,857.48,354487370,VNINDEX
2020-05-28,858.97,866.17,856.48,861.39,261439230,VNINDEX
2020-05-29,861.59,866.95,859.26,864.47,281746500,VNINDEX
2020-06-01,868.97,878.67,868.97,878.67,418333970,VNINDEX
2020-06-02,879.23,882.73,874.53,874.8,442308030,VNINDEX
2020-06-03,876.73,881.17,874.01,881.17,320477690,VNINDEX
2020-06-04,885.13,888.32,883.22,883.9,394395400,VNINDEX
2020-06-05,883.4,886.59,878.5,886.22,451411820,VNINDEX
2020-06-08,888.7,905.65,888.7,899.92,495328980,VNINDEX
2020-06-09,902.26,904.89,898.87,899.43,441465130,VNINDEX
2020-06-10,898.78,902.69,890.3,900.0,504626710,VNINDEX
2020-06-11,900.48,903.7,867.37,867.37,654053870,VNINDEX
2020-06-12,841.85,863.52,841.44,863.52,572679010,VNINDEX
2020-06-15,867.52,868.16,832.47,832.47,459678640,VNINDEX
2020-06-16,848.86,858.7,844.67,856.13,353019210,VNINDEX
2020-06-17,861.05,861.05,852.27,854.44,303643220,VNINDEX
2020-06-18,850.92,858.03,847.49,855.27,229136470,VNINDEX
2020-06-19,857.77,868.56,857.77,868.56,367478040,VNINDEX
2020-06-22,871.56,872.94,867.37,871.28,324563290,VNINDEX
2020-06-23,871.7,873.2,864.02,868.2,394462580,VNINDEX
2020-06-24,868.2,873.13,857.58,859.71,334410870,VNINDEX
2020-06-25,851.09,856.23,849.65,854.59,278753260,VNINDEX
2020-06-26,857.29,857.43,850.66,851.98,252034180,VNINDEX
2020-06-29,846.26,846.53,826.0,829.36,328226980,VNINDEX
2020-06-30,836.72,840.31,821.92,825.11,304132700,VNINDEX
2020-07-01,827.67,844.26,826.38,843.49,247253260,VNINDEX
2020-07-02,845.66,845.66,838.48,842.38,187693160,VNINDEX
2020-07-03,845.26,848.16,843.25,847.61,169175010,VNINDEX
2020-07-06,851.47,861.85,850.04,861.16,187498750,VNINDEX
2020-07-07,865.46,870.63,863.42,863.42,278262510,VNINDEX
2020-07-08,861.75,865.58,859.98,864.5,179303820,VNINDEX
2020-07-09,867.66,878.36,867.45,876.46,254182330,VNINDEX
2020-07-10,873.7,878.53,867.59,871.21,247699010,VNINDEX
2020-07-13,874.85,876.83,866.99,868.72,198111450,VNINDEX
2020-07-14,865.01,868.11,860.28,868.11,198600790,VNINDEX
2020-07-15,872.8,876.69,869.91,869.91,218679640,VNINDEX
2020-07-16,871.81,876.83,869.25,876.83,215558200,VNINDEX
2020-07-17,873.48,875.07,871.89,872.02,234247910,VNINDEX
2020-07-20,870.66,871.64,861.4,861.4,250555310,VNINDEX
2020-07-21,863.94,864.7,856.94,861.69,210821910,VNINDEX
2020-07-22,862.8,864.0,854.97,855.08,202616770,VNINDEX
2020-07-23,854.92,857.22,851.97,856.75,214187240,VNINDEX
2020-07-24,854.23,854.57,816.65,829.16,426554030,VNINDEX
2020-07-27,794.14,808.74,780.64,785.17,365261320,VNINDEX
2020-07-28,786.72,814.4,786.67,813.36,303573030,VNINDEX
2020-07-29,795.03,800.39,779.82,790.84,301569650,VNINDEX
2020-07-30,796.22,802.97,794.88,801.13,157092430,VNINDEX
2020-07-31,787.78,803.55,786.98,798.39,213294400,VNINDEX
2020-08-03,796.86,814.84,796.47,814.65,234882030,VNINDEX
2020-08-04,822.86,827.57,820.2,827.57,243436640,VNINDEX
2020-08-05,827.54,839.52,820.74,837.8,254370680,VNINDEX
2020-08-06,838.01,844.16,833.56,840.04,222988820,VNINDEX
2020-08-07,840.65,844.33,836.84,841.46,221256020,VNINDEX
2020-08-10,845.11,849.52,843.2,843.2,268468910,VNINDEX
2020-08-11,847.61,847.61,840.35,843.08,220702180,VNINDEX
2020-08-12,844.19,848.54,842.88,846.92,229773600,VNINDEX
2020-08-13,849.96,855.19,849.86,855.05,227436170,VNINDEX
2020-08-14,854.29,860.32,848.38,850.74,274499020,VNINDEX
2020-08-17,848.08,852.05,841.62,850.15,208147190,VNINDEX
2020-08-18,850.15,851.06,845.0,846.43,178404950,VNINDEX
2020-08-19,847.19,853.15,846.22,851.21,208475560,VNINDEX
2020-08-20,851.21,856.99,847.44,848.21,226149990,VNINDEX
2020-08-21,849.99,856.45,849.69,854.78,256184180,VNINDEX
2020-08-24,860.35,868.68,860.35,868.68,335603410,VNINDEX
2020-08-25,870.92,877.57,870.92,874.12,330333470,VNINDEX
2020-08-26,873.62,876.97,871.78,873.47,312823030,VNINDEX
2020-08-27,872.38,875.71,871.93,874.71,272376220,VNINDEX
2020-08-28,881.54,885.86,877.7,878.98,317005440,VNINDEX
2020-08-31,882.13,888.44,879.26,881.65,323244390,VNINDEX
2020-09-01,882.15,892.51,880.79,891.73,274394650,VNINDEX
2020-09-03,898.25,904.32,896.26,903.97,311653630,VNINDEX
2020-09-04,896.02,903.11,893.86,901.54,303593880,VNINDEX
2020-09-07,903.85,905.8,888.25,888.25,370574490,VNINDEX
2020-09-08,891.61,894.58,884.88,890.14,256864330,VNINDEX
2020-09-09,883.68,892.4,881.57,889.32,272622260,VNINDEX
2020-09-10,895.29,896.78,888.82,888.82,276905000,VNINDEX
2020-09-11,888.82,890.98,884.67,888.97,262104080,VNINDEX
2020-09-14,891.89,895.31,891.89,894.57,310427650,VNINDEX
2020-09-15,898.52,898.74,894.66,896.26,332459520,VNINDEX
2020-09-16,897.43,897.58,894.63,897.47,255058370,VNINDEX
2020-09-17,897.47,899.41,890.93,894.04,360663950,VNINDEX
2020-09-18,896.08,902.11,895.82,900.95,292809860,VNINDEX
2020-09-21,904.5,909.78,904.5,907.94,337085180,VNINDEX
2020-09-22,905.9,909.69,902.47,906.19,355442560,VNINDEX
2020-09-23,908.97,913.52,908.97,912.5,309473980,VNINDEX
2020-09-24,910.53,914.51,907.32,908.58,343099440,VNINDEX
2020-09-25,910.78,911.3,905.56,908.27,313418660,VNINDEX
2020-09-28,911.2,913.6,910.04,912.5,365358700,VNINDEX
2020-09-29,916.63,917.49,903.98,903.98,438172690,VNINDEX
2020-09-30,904.34,907.0,900.44,905.21,294760200,VNINDEX
2020-10-01,910.13,914.09,909.13,914.09,317058100,VNINDEX
2020-10-02,914.09,916.67,897.72,909.91,483638030,VNINDEX
2020-10-05,913.77,915.55,910.96,914.68,407208880,VNINDEX
2020-10-06,918.11,918.93,912.77,915.67,456944920,VNINDEX
2020-10-07,913.62,923.57,912.69,919.72,480384680,VNINDEX
2020-10-08,922.08,922.08,913.89,918.84,426417410,VNINDEX
2020-10-09,919.48,924.0,917.7,924.0,327564900,VNINDEX
2020-10-12,930.78,933.13,923.28,925.83,395923540,VNINDEX
2020-10-13,926.76,930.96,923.78,929.86,307905690,VNINDEX
2020-10-14,931.89,940.18,931.89,940.18,366740820,VNINDEX
2020-10-15,945.28,945.93,938.7,942.76,418039070,VNINDEX
2020-10-16,944.03,946.23,935.98,943.3,376214380,VNINDEX
2020-10-19,945.01,946.29,941.92,943.69,337193640,VNINDEX
2020-10-20,941.0,944.54,937.32,944.42,365067740,VNINDEX
2020-10-21,947.16,948.2,939.0,939.03,353904170,VNINDEX
2020-10-22,938.06,949.9,933.78,949.9,298972610,VNINDEX
2020-10-23,953.45,961.26,953.14,961.26,370461040,VNINDEX
2020-10-26,967.52,970.15,950.8,950.8,379914380,VNINDEX
2020-10-27,950.8,954.72,946.28,946.47,387034170,VNINDEX
2020-10-28,942.82,946.91,921.05,921.05,407659250,VNINDEX
2020-10-29,918.56,925.84,914.33,919.08,336614810,VNINDEX
2020-10-30,925.41,926.32,911.2,925.47,280753410,VNINDEX
2020-11-02,926.09,933.68,924.14,933.68,260733400,VNINDEX
2020-11-03,936.73,937.57,932.18,935.41,281735400,VNINDEX
2020-11-04,935.41,943.56,933.86,939.76,310903070,VNINDEX
2020-11-05,940.32,945.51,937.75,937.75,254777110,VNINDEX
2020-11-06,939.73,941.2,934.63,938.29,232768190,VNINDEX
2020-11-09,942.15,951.99,942.15,951.99,352182900,VNINDEX
2020-11-10,962.68,963.47,951.9,951.9,398473090,VNINDEX
2020-11-11,954.46,956.65,947.61,952.22,334146980,VNINDEX
2020-11-12,953.97,959.28,953.62,959.28,301718780,VNINDEX
2020-11-13,959.56,966.29,959.13,966.29,398286010,VNINDEX
2020-11-16,970.11,972.98,950.5,950.79,449713430,VNINDEX
2020-11-17,955.52,968.9,953.22,968.9,352793810,VNINDEX
2020-11-18,969.48,974.3,966.32,973.53,419396590,VNINDEX
2020-11-19,975.32,983.26,974.33,983.26,442256890,VNINDEX
2020-11-20,984.71,990.0,980.72,990.0,443915920,VNINDEX
2020-11-23,991.87,995.9,985.38,994.19,418883570,VNINDEX
2020-11-24,996.55,997.99,984.92,995.76,474679040,VNINDEX
2020-11-25,1000.39,1002.31,996.8,999.94,412154600,VNINDEX
2020-11-26,999.24,1005.97,994.91,1005.97,385966160,VNINDEX
2020-11-27,1006.68,1010.22,1004.0,1010.22,357083210,VNINDEX
2020-11-30,1011.82,1012.5,1002.61,1003.08,418685700,VNINDEX
2020-12-01,988.71,1008.87,988.71,1008.87,506748910,VNINDEX
2020-12-02,1008.77,1015.86,1007.91,1014.32,452902730,VNINDEX
2020-12-03,1016.73,1020.35,1014.06,1019.8,470284130,VNINDEX
2020-12-04,1019.8,1025.17,1018.67,1021.49,499369940,VNINDEX
2020-12-07,1024.34,1030.41,1022.14,1029.98,443253830,VNINDEX
2020-12-08,1029.98,1032.58,1025.63,1029.26,473258150,VNINDEX
2020-12-09,1029.26,1039.55,1029.26,1039.13,528189450,VNINDEX
2020-12-10,1041.65,1044.1,1030.91,1030.91,521392980,VNINDEX
2020-12-11,1033.19,1045.96,1030.06,1045.96,388403650,VNINDEX
2020-12-14,1048.97,1064.09,1048.97,1064.09,473127510,VNINDEX
2020-12-15,1062.02,1067.45,1052.01,1055.27,581187020,VNINDEX
2020-12-16,1058.34,1066.99,1057.21,1066.99,531052590,VNINDEX
2020-12-17,1058.63,1062.62,1051.42,1051.77,599499660,VNINDEX
2020-12-18,1055.75,1068.56,1055.75,1067.46,529285330,VNINDEX
2020-12-21,1071.62,1081.6,1070.86,1081.08,628141660,VNINDEX
2020-12-22,1081.85,1084.23,1077.06,1083.45,662913420,VNINDEX
2020-12-23,1087.89,1094.09,1077.92,1078.9,713217250,VNINDEX
2020-12-24,1083.83,1084.76,1046.89,1067.52,659391590,VNINDEX
2020-12-25,1068.83,1084.42,1061.83,1084.42,565373760,VNINDEX
2020-12-28,1094.37,1096.11,1083.9,1091.33,635313770,VNINDEX
2020-12-29,1090.49,1102.79,1087.93,1099.49,586339480,VNINDEX
2020-12-30,1099.78,1108.83,1094.91,1097.54,588541630,VNINDEX
2020-12-31,1098.25,1105.33,1096.27,1103.87,473541170,VNINDEX
2021-01-04,1113.77,1126.43,1113.59,1120.47,670280100,VNINDEX
2021-01-05,1116.96,1134.45,1116.49,1132.55,673728400,VNINDEX
2021-01-06,1139.12,1152.85,1133.7,1143.21,688438500,VNINDEX
2021-01-07,1147.26,1156.49,1143.44,1156.49,685553900,VNINDEX
2021-01-08,1164.1,1176.33,1160.48,1167.69,726084300,VNINDEX
2021-01-11,1176.47,1186.45,1175.0,1184.89,737563100,VNINDEX
2021-01-12,1190.38,1192.28,1179.24,1192.28,643621500,VNINDEX
2021-01-13,1197.32,1200.82,1183.18,1186.05,710219700,VNINDEX
2021-01-14,1189.48,1190.5,1178.84,1187.4,709253600,VNINDEX
2021-01-15,1188.84,1197.74,1188.84,1194.2,715687900,VNINDEX
2021-01-18,1198.79,1200.85,1190.33,1191.94,677474100,VNINDEX
2021-01-19,1189.91,1189.91,1117.17,1131.0,888174700,VNINDEX
2021-01-20,1136.5,1142.48,1098.05,1134.68,769795300,VNINDEX
2021-01-21,1146.86,1164.21,1132.66,1164.21,639454800,VNINDEX
2021-01-22,1166.77,1175.72,1161.43,1166.78,691689100,VNINDEX
2021-01-25,1164.2,1172.18,1162.8,1166.05,639736600,VNINDEX
2021-01-26,1164.97,1164.97,1121.03,1136.12,719767100,VNINDEX
2021-01-27,1122.41,1132.99,1088.86,1097.17,719150000,VNINDEX
2021-01-28,1041.71,1052.16,1022.77,1023.94,669631000,VNINDEX
2021-01-29,998.33,1076.11,998.33,1056.61,714102800,VNINDEX
2021-02-01,1056.61,1074.52,1035.51,1035.51,565564800,VNINDEX
2021-02-02,1036.95,1075.53,1029.36,1075.53,529632600,VNINDEX
2021-02-03,1084.87,1113.24,1082.95,1111.29,609128600,VNINDEX
2021-02-04,1112.97,1117.88,1098.85,1112.19,449954100,VNINDEX
2021-02-05,1114.79,1126.91,1112.19,1126.91,438884200,VNINDEX
2021-02-08,1127.06,1127.06,1075.1,1083.18,613138900,VNINDEX
2021-02-09,1090.88,1114.93,1078.98,1114.93,462098700,VNINDEX
2021-02-17,1127.46,1155.78,1127.46,1155.78,484219600,VNINDEX
2021-02-18,1157.1,1174.38,1148.66,1174.38,562444200,VNINDEX
2021-02-19,1160.65,1178.18,1157.6,1173.5,522199200,VNINDEX
2021-02-22,1173.57,1182.67,1169.12,1175.04,544725500,VNINDEX
2021-02-23,1174.57,1184.32,1168.32,1177.64,547654100,VNINDEX
2021-02-24,1184.32,1185.58,1154.36,1162.01,547876300,VNINDEX
2021-02-25,1169.97,1169.97,1155.74,1165.43,470045900,VNINDEX
2021-02-26,1148.88,1169.28,1148.88,1168.47,508201200,VNINDEX
2021-03-01,1176.93,1186.82,1174.45,1186.17,575763900,VNINDEX
2021-03-02,1196.16,1196.16,1181.99,1186.61,513786800,VNINDEX
2021-03-03,1184.73,1189.18,1180.25,1186.95,565135800,VNINDEX
2021-03-04,1191.78,1191.9,1159.48,1168.52,614464500,VNINDEX
2021-03-05,1164.19,1169.56,1155.6,1168.69,539078500,VNINDEX
2021-03-08,1180.33,1181.25,1164.02,1168.27,610284000,VNINDEX
2021-03-09,1160.96,1166.42,1150.94,1161.97,577091500,VNINDEX
2021-03-10,1163.86,1170.59,1154.89,1170.08,548935700,VNINDEX
2021-03-11,1170.08,1183.73,1170.08,1181.73,569875500,VNINDEX
2021-03-12,1185.21,1186.52,1178.14,1181.56,572921600,VNINDEX
2021-03-15,1183.89,1186.06,1178.8,1184.56,618373300,VNINDEX
2021-03-16,1184.91,1184.91,1171.76,1179.9,609049000,VNINDEX
2021-03-17,1178.64,1186.09,1176.26,1186.09,629310900,VNINDEX
2021-03-18,1196.6,1200.94,1191.94,1200.94,555529500,VNINDEX
2021-03-19,1195.47,1199.67,1191.96,1194.05,583286900,VNINDEX
2021-03-22,1200.05,1200.21,1189.31,1194.43,608555500,VNINDEX
2021-03-23,1190.28,1191.47,1177.1,1183.45,626594800,VNINDEX
2021-03-24,1169.42,1174.2,1154.22,1161.81,633107300,VNINDEX
2021-03-25,1164.41,1170.76,1154.44,1163.1,592884200,VNINDEX
2021-03-26,1162.71,1165.76,1137.9,1162.21,612775600,VNINDEX
2021-03-29,1169.65,1175.77,1165.78,1175.68,576722900,VNINDEX
2021-03-30,1179.64,1187.29,1172.85,1186.36,682885100,VNINDEX
2021-03-31,1186.36,1196.45,1186.36,1191.44,652432200,VNINDEX
2021-04-01,1194.59,1217.26,1192.83,1216.1,617974300,VNINDEX
2021-04-02,1225.76,1228.29,1221.07,1224.45,590027100,VNINDEX
2021-04-05,1245.28,1245.28,1228.18,1236.05,614658300,VNINDEX
2021-04-06,1233.37,1244.63,1231.14,1239.96,636394100,VNINDEX
2021-04-07,1237.39,1242.38,1232.52,1242.38,658286800,VNINDEX
2021-04-08,1242.38,1246.4,1232.26,1234.89,617808800,VNINDEX
2021-04-09,1231.51,1234.98,1227.6,1231.66,638997900,VNINDEX
2021-04-12,1236.79,1252.45,1232.35,1252.45,830823700,VNINDEX
2021-04-13,1262.44,1268.02,1247.66,1248.33,950518900,VNINDEX
2021-04-14,1240.9,1255.87,1233.01,1255.87,788216400,VNINDEX
2021-04-15,1262.25,1265.87,1247.25,1247.25,741312300,VNINDEX
2021-04-16,1245.06,1254.61,1227.14,1238.71,920678200,VNINDEX
2021-04-19,1243.58,1260.58,1233.77,1260.58,741859400,VNINDEX
2021-04-20,1267.74,1286.32,1261.28,1268.28,746192400,VNINDEX
2021-04-22,1264.31,1271.98,1227.82,1227.82,699782600,VNINDEX
2021-04-23,1227.18,1248.53,1216.15,1248.53,652051800,VNINDEX
2021-04-26,1251.25,1251.25,1214.14,1215.77,661919500,VNINDEX
2021-04-27,1213.84,1220.96,1204.14,1219.75,522912500,VNINDEX
2021-04-28,1220.26,1230.91,1217.49,1229.55,566130400,VNINDEX
2021-04-29,1234.91,1239.39,1231.25,1239.39,591216700,VNINDEX
2021-05-04,1222.08,1242.8,1212.56,1242.2,687879600,VNINDEX
2021-05-05,1244.69,1265.93,1244.69,1256.43,656695400,VNINDEX
2021-05-06,1255.42,1261.49,1246.64,1250.57,643017200,VNINDEX
2021-05-07,1245.48,1250.5,1231.92,1241.81,718314800,VNINDEX
2021-05-10,1239.96,1259.58,1236.85,1259.58,701147100,VNINDEX
2021-05-11,1265.11,1272.55,1256.04,1256.04,678077300,VNINDEX
2021-05-12,1251.97,1269.09,1249.18,1269.09,636352400,VNINDEX
2021-05-13,1262.98,1273.49,1261.99,1261.99,654225600,VNINDEX
2021-05-14,1266.43,1271.45,1259.97,1266.36,648712400,VNINDEX
2021-05-17,1272.55,1277.83,1258.5,1258.7,674186900,VNINDEX
2021-05-18,1259.57,1262.22,1249.02,1252.68,635896900,VNINDEX
2021-05-19,1254.78,1262.71,1250.58,1262.49,625623500,VNINDEX
2021-05-20,1264.62,1278.22,1255.78,1278.22,683043500,VNINDEX
2021-05-21,1272.84,1289.03,1268.46,1283.93,626704900,VNINDEX
2021-05-24,1287.5,1299.83,1287.36,1297.98,641854700,VNINDEX
2021-05-25,1299.19,1308.58,1297.23,1308.58,617120500,VNINDEX
2021-05-26,1308.04,1317.3,1304.68,1316.7,660896200,VNINDEX
2021-05-27,1318.42,1319.67,1299.99,1303.57,666986400,VNINDEX
2021-05-28,1307.79,1323.09,1300.06,1320.46,704736300,VNINDEX
2021-05-31,1326.65,1328.05,1307.56,1328.05,686089600,VNINDEX
2021-06-01,1329.47,1346.34,1328.84,1337.78,585998900,VNINDEX
2021-06-02,1337.78,1344.98,1330.82,1340.78,743586200,VNINDEX
2021-06-03,1345.21,1366.0,1345.21,1364.28,842889800,VNINDEX
2021-06-04,1367.06,1374.05,1360.42,1374.05,874131500,VNINDEX
2021-06-07,1374.59,1375.74,1347.21,1358.78,828123200,VNINDEX
2021-06-08,1355.36,1364.48,1318.11,1319.88,859332400,VNINDEX
2021-06-09,1323.52,1339.14,1312.08,1332.9,752808200,VNINDEX
2021-06-10,1332.9,1336.71,1317.49,1323.58,667770700,VNINDEX
2021-06-11,1326.79,1352.47,1322.08,1351.74,696720700,VNINDEX
2021-06-14,1352.73,1368.53,1352.73,1361.72,706965800,VNINDEX
2021-06-15,1361.58,1372.72,1356.59,1367.36,696896400,VNINDEX
2021-06-16,1363.85,1370.14,1350.73,1356.52,733597200,VNINDEX
2021-06-17,1341.06,1364.55,1337.49,1359.92,705807300,VNINDEX
2021-06-18,1366.19,1377.77,1363.52,1377.77,743046800,VNINDEX
2021-06-21,1373.59,1381.74,1367.85,1372.63,724919500,VNINDEX
2021-06-22,1380.84,1385.98,1375.0,1379.97,686837800,VNINDEX
2021-06-23,1383.15,1388.33,1372.06,1376.87,636933200,VNINDEX
2021-06-24,1376.87,1384.71,1372.99,1379.72,531324500,VNINDEX
2021-06-25,1382.11,1390.12,1372.8,1390.12,511420300,VNINDEX
2021-06-28,1397.96,1406.02,1390.56,1405.81,645842300,VNINDEX
2021-06-29,1408.34,1416.34,1406.87,1410.04,599995500,VNINDEX
2021-06-30,1410.83,1419.61,1408.18,1408.55,523401100,VNINDEX
2021-07-01,1412.15,1417.27,1402.18,1417.08,689994700,VNINDEX
2021-07-02,1422.89,1424.28,1415.82,1420.27,640414600,VNINDEX
2021-07-05,1411.13,1421.52,1394.12,1411.13,765943500,VNINDEX
2021-07-06,1411.13,1418.99,1354.79,1354.79,765555500,VNINDEX
2021-07-07,1354.79,1388.55,1334.88,1388.55,725684700,VNINDEX
2021-07-08,1388.55,1388.55,1363.92,1374.68,521754500,VNINDEX
2021-07-09,1374.68,1374.68,1335.9,1347.14,707063900,VNINDEX
2021-07-12,1347.14,1347.14,1270.06,1296.3,900010700,VNINDEX
2021-07-13,1296.3,1307.73,1278.3,1297.54,493260200,VNINDEX
2021-07-14,1297.54,1305.37,1264.68,1279.91,541751600,VNINDEX
2021-07-15,1279.91,1299.18,1270.77,1293.92,413941000,VNINDEX
2021-07-16,1293.92,1304.37,1293.92,1299.31,410314600,VNINDEX
2021-07-19,1299.31,1299.31,1237.79,1243.51,665733700,VNINDEX
2021-07-20,1243.51,1273.29,1225.52,1273.29,532555600,VNINDEX
2021-07-21,1273.29,1284.33,1266.71,1270.79,391119000,VNINDEX
2021-07-22,1270.79,1294.16,1266.54,1293.67,486962100,VNINDEX
2021-07-23,1293.67,1295.63,1268.83,1268.83,544429400,VNINDEX
2021-07-26,1268.83,1277.33,1254.57,1272.71,454862700,VNINDEX
2021-07-27,1272.71,1288.35,1272.71,1276.93,513020600,VNINDEX
2021-07-28,1276.93,1281.17,1271.78,1277.07,355190400,VNINDEX
2021-07-29,1277.07,1293.6,1277.07,1293.6,438103100,VNINDEX
2021-07-30,1293.6,1311.97,1293.6,1310.05,609027100,VNINDEX
2021-08-02,1310.05,1322.35,1304.49,1314.22,578784400,VNINDEX
2021-08-03,1314.22,1332.44,1314.22,1332.44,607397800,VNINDEX
2021-08-04,1332.44,1340.76,1328.4,1334.74,614173100,VNINDEX
2021-08-05,1334.74,1346.62,1326.8,1345.55,575015000,VNINDEX
2021-08-06,1345.55,1351.85,1341.45,1341.45,666046400,VNINDEX
2021-08-09,1341.45,1361.12,1334.69,1359.86,624857600,VNINDEX
2021-08-10,1359.86,1370.35,1358.12,1362.43,666359800,VNINDEX
2021-08-11,1362.43,1374.03,1357.79,1357.79,761972900,VNINDEX
2021-08-12,1357.79,1365.01,1353.05,1353.05,710090200,VNINDEX
2021-08-13,1353.05,1357.41,1336.74,1357.05,713712000,VNINDEX
2021-08-16,1357.05,1372.33,1357.05,1370.96,793990600,VNINDEX
2021-08-17,1370.96,1379.7,1359.11,1363.09,727641800,VNINDEX
2021-08-18,1363.09,1370.5,1355.83,1360.94,636257800,VNINDEX
2021-08-19,1360.94,1374.85,1352.94,1374.85,647948200,VNINDEX
2021-08-20,1374.85,1374.85,1317.52,1329.43,1165664100,VNINDEX
2021-08-23,1329.43,1326.07,1298.86,1298.86,761345100,VNINDEX
2021-08-24,1298.86,1307.56,1289.16,1298.74,638238200,VNINDEX
2021-08-25,1298.74,1309.8,1291.7,1309.55,472111500,VNINDEX
2021-08-26,1309.55,1316.26,1295.77,1301.12,492665900,VNINDEX
2021-08-27,1301.12,1313.2,1285.16,1313.2,625254800,VNINDEX
2021-08-30,1313.2,1329.62,1313.2,1328.14,626412100,VNINDEX
2021-08-31,1328.14,1336.14,1325.69,1331.47,701548700,VNINDEX
2021-09-01,1331.47,1338.02,1328.13,1334.65,667074200,VNINDEX
2021-09-06,1334.65,1348.36,1334.65,1346.39,874672600,VNINDEX
2021-09-07,1346.39,1353.66,1340.32,1341.9,832845900,VNINDEX
2021-09-08,1341.9,1344.49,1328.35,1333.61,582036600,VNINDEX
2021-09-09,1333.61,1345.59,1332.67,1343.98,568663500,VNINDEX
2021-09-10,1343.98,1350.43,1343.98,1345.31,533105300,VNINDEX
2021-09-13,1345.31,1350.69,1340.5,1341.43,722319500,VNINDEX
2021-09-14,1341.43,1349.13,1336.84,1339.7,672819500,VNINDEX
2021-09-15,1339.7,1347.7,1334.97,1345.83,625538600,VNINDEX
2021-09-16,1345.83,1353.12,1341.23,1345.87,550023100,VNINDEX
2021-09-17,1345.87,1356.45,1345.87,1352.64,785574800,VNINDEX
2021-09-20,1352.64,1365.92,1349.18,1350.48,821369200,VNINDEX
2021-09-21,1350.48,1350.48,1324.82,1339.84,796167300,VNINDEX
2021-09-22,1339.84,1350.71,1336.63,1350.68,707468700,VNINDEX
2021-09-23,1350.68,1361.09,1350.43,1352.76,941137100,VNINDEX
2021-09-24,1352.76,1356.97,1348.07,1351.17,613583200,VNINDEX
2021-09-27,1351.17,1354.38,1324.99,1324.99,704752900,VNINDEX
2021-09-28,1324.99,1341.81,1316.41,1339.31,569826500,VNINDEX
2021-09-29,1339.31,1340.9,1328.17,1339.21,547814000,VNINDEX
2021-09-30,1339.21,1348.89,1339.21,1342.06,423750600,VNINDEX
2021-10-01,1342.06,1344.06,1332.97,1334.89,586980600,VNINDEX
2021-10-04,1334.89,1347.49,1333.53,1339.54,684922300,VNINDEX
2021-10-05,1339.54,1354.63,1339.54,1354.63,558376400,VNINDEX
2021-10-06,1354.63,1362.82,1354.63,1362.82,576985600,VNINDEX
2021-10-07,1362.82,1367.64,1360.57,1365.99,642146400,VNINDEX
2021-10-08,1365.99,1373.18,1365.93,1372.73,583226400,VNINDEX
2021-10-11,1372.73,1394.64,1372.73,1394.09,697518700,VNINDEX
2021-10-12,1394.09,1400.78,1389.43,1394.8,683357500,VNINDEX
2021-10-13,1394.8,1400.67,1389.61,1391.91,582912400,VNINDEX
2021-10-14,1391.91,1398.67,1388.89,1391.85,671090900,VNINDEX
2021-10-15,1391.85,1399.03,1388.0,1392.7,711550400,VNINDEX
2021-10-18,1392.7,1402.63,1390.88,1395.53,741454800,VNINDEX
2021-10-19,1395.53,1399.66,1388.95,1395.33,583394100,VNINDEX
2021-10-20,1395.33,1401.76,1376.15,1393.8,775436500,VNINDEX
2021-10-21,1393.8,1398.45,1384.77,1384.77,660491700,VNINDEX
2021-10-22,1384.77,1393.7,1384.77,1389.24,723134800,VNINDEX
2021-10-25,1389.24,1395.72,1385.4,1385.4,842037500,VNINDEX
2021-10-26,1385.4,1393.03,1377.56,1391.63,667788500,VNINDEX
2021-10-27,1391.63,1423.02,1391.63,1423.02,833096300,VNINDEX
2021-10-28,1423.02,1440.64,1420.42,1438.01,795476100,VNINDEX
2021-10-29,1438.01,1447.62,1432.19,1444.27,904699600,VNINDEX
2021-11-01,1444.27,1451.81,1435.57,1438.97,1052909000,VNINDEX
2021-11-02,1438.97,1452.46,1438.83,1452.46,942151100,VNINDEX
2021-11-03,1452.46,1463.63,1440.67,1444.3,1412338600,VNINDEX
2021-11-04,1444.3,1451.98,1435.84,1448.34,863608400,VNINDEX
2021-11-05,1448.34,1459.93,1444.51,1456.51,814437100,VNINDEX
2021-11-08,1456.51,1470.49,1456.51,1467.57,972340900,VNINDEX
2021-11-09,1467.57,1474.2,1457.57,1461.5,971430000,VNINDEX
2021-11-10,1461.5,1470.19,1457.98,1465.02,926684900,VNINDEX
2021-11-11,1465.02,1472.89,1449.18,1462.35,1172790500,VNINDEX
2021-11-12,1462.35,1474.98,1453.22,1473.37,881068600,VNINDEX
2021-11-15,1473.37,1481.96,1466.01,1476.57,1115831700,VNINDEX
2021-11-16,1476.57,1476.97,1459.08,1466.45,1126970500,VNINDEX
2021-11-17,1466.45,1477.04,1464.78,1475.85,801112100,VNINDEX
2021-11-18,1475.85,1482.68,1469.83,1469.83,1018526500,VNINDEX
2021-11-19,1469.83,1481.53,1434.69,1452.35,1454744900,VNINDEX
2021-11-22,1452.35,1466.46,1442.85,1447.25,1179261600,VNINDEX
2021-11-23,1447.25,1463.63,1438.41,1463.63,812872100,VNINDEX
2021-11-24,1463.63,1491.05,1463.63,1488.87,1030950500,VNINDEX
2021-11-25,1488.87,1505.36,1488.87,1500.81,912165600,VNINDEX
2021-11-26,1500.81,1511.68,1488.83,1493.03,967912000,VNINDEX
2021-11-29,1493.03,1493.03,1464.83,1484.84,936276500,VNINDEX
2021-11-30,1484.84,1503.09,1471.57,1478.44,1010078900,VNINDEX
2021-12-01,1478.44,1487.68,1471.3,1485.19,813267800,VNINDEX
2021-12-02,1485.19,1493.84,1482.05,1482.05,721589500,VNINDEX
2021-12-03,1482.05,1491.2,1443.32,1443.32,998875400,VNINDEX
2021-12-06,1443.32,1452.55,1400.87,1413.58,978214400,VNINDEX
2021-12-07,1413.58,1446.77,1413.58,1446.77,664287400,VNINDEX
2021-12-08,1446.77,1460.28,1446.77,1452.87,711759600,VNINDEX
2021-12-09,1452.87,1467.98,1446.88,1467.98,611970400,VNINDEX
2021-12-10,1467.98,1475.85,1461.78,1463.54,760375600,VNINDEX
2021-12-13,1463.54,1481.7,1463.54,1476.21,789945400,VNINDEX
2021-12-14,1476.21,1485.14,1469.21,1476.02,888205600,VNINDEX
2021-12-15,1476.02,1481.67,1468.21,1475.5,840610100,VNINDEX
2021-12-16,1475.5,1482.32,1468.95,1476.61,870245300,VNINDEX
2021-12-17,1476.61,1487.73,1476.61,1479.79,1035566100,VNINDEX
2021-12-20,1479.79,1483.85,1468.88,1477.33,886732500,VNINDEX
2021-12-21,1477.33,1486.03,1472.43,1478.74,838294200,VNINDEX
2021-12-22,1478.74,1489.24,1471.84,1477.67,998640700,VNINDEX
2021-12-23,1477.67,1481.21,1447.14,1456.96,1236789400,VNINDEX
2021-12-24,1456.96,1478.8,1456.32,1477.03,830953100,VNINDEX
2021-12-27,1477.03,1490.12,1469.91,1488.88,693941300,VNINDEX
2021-12-28,1488.88,1499.77,1483.97,1494.39,906771600,VNINDEX
2021-12-29,1494.39,1498.91,1485.82,1485.82,769725300,VNINDEX
2021-12-30,1490.96,1493.38,1484.82,1485.97,697130800,VNINDEX
2021-12-31,1485.97,1499.07,1485.97,1498.28,807120700,VNINDEX
2022-01-04,1508.55,1526.69,1507.19,1525.58,790467000,VNINDEX
2022-01-05,1525.58,1535.82,1522.5,1522.5,958500400,VNINDEX
2022-01-06,1522.5,1536.24,1518.18,1528.57,1049960600,VNINDEX
2022-01-07,1534.1,1534.52,1524.96,1528.48,925633800,VNINDEX
2022-01-10,1528.48,1536.45,1503.71,1503.71,1283743700,VNINDEX
2022-01-11,1503.71,1512.05,1488.4,1492.31,1194709000,VNINDEX
2022-01-12,1489.11,1510.51,1464.49,1510.51,1070503500,VNINDEX
2022-01-13,1510.51,1522.6,1495.13,1496.05,941991300,VNINDEX
2022-01-14,1496.05,1503.25,1476.68,1496.02,712911900,VNINDEX
2022-01-17,1496.02,1503.86,1452.84,1452.84,888508000,VNINDEX
2022-01-18,1439.29,1452.14,1424.65,1438.94,666313500,VNINDEX
2022-01-19,1438.68,1449.11,1434.46,1442.79,538507600,VNINDEX
2022-01-20,1438.99,1469.08,1432.58,1465.3,738010400,VNINDEX
2022-01-21,1465.3,1477.09,1463.06,1472.89,755353500,VNINDEX
2022-01-24,1472.89,1472.89,1432.18,1439.71,757646100,VNINDEX
2022-01-25,1439.71,1479.58,1424.36,1479.58,680083800,VNINDEX
2022-01-26,1479.58,1490.45,1478.41,1481.58,737216700,VNINDEX
2022-01-27,1481.58,1486.39,1464.06,1470.76,498256400,VNINDEX
2022-01-28,1470.76,1484.48,1465.22,1478.96,634887600,VNINDEX
2022-02-07,1498.8,1505.69,1493.89,1497.66,516533800,VNINDEX
2022-02-08,1496.26,1503.33,1491.78,1500.99,660158600,VNINDEX
2022-02-09,1501.67,1511.72,1499.53,1505.38,722161500,VNINDEX
2022-02-10,1510.66,1512.88,1495.7,1506.79,594347700,VNINDEX
2022-02-11,1502.83,1508.54,1499.06,1501.71,550204700,VNINDEX
2022-02-14,1486.73,1495.99,1471.96,1471.96,717396000,VNINDEX
2022-02-15,1473.92,1495.56,1470.06,1492.75,538527000,VNINDEX
2022-02-16,1499.07,1499.5,1486.68,1492.1,594459500,VNINDEX
2022-02-17,1492.1,1507.99,1492.1,1507.99,687250992,VNINDEX
2022-02-18,1494.3,1507.29,1492.38,1504.84,645883900,VNINDEX
2022-02-21,1504.96,1516.63,1500.97,1510.84,708058800,VNINDEX
2022-02-22,1499.18,1506.38,1484.81,1503.47,842552800,VNINDEX
2022-02-23,1509.12,1520.78,1507.37,1512.3,628763100,VNINDEX
2022-02-24,1508.73,1513.25,1473.76,1494.85,1085759500,VNINDEX
2022-02-25,1494.85,1512.05,1494.85,1498.89,915975659,VNINDEX
2022-02-28,1499.43,1502.36,1487.57,1490.13,661415000,VNINDEX
2022-03-01,1493.93,1501.73,1491.48,1498.78,766211100,VNINDEX
2022-03-02,1499.37,1500.41,1479.55,1485.52,870952300,VNINDEX
2022-03-03,1492.48,1505.0,1487.69,1505.0,858871000,VNINDEX
2022-03-04,1505.0,1509.19,1501.39,1505.33,1112602915,VNINDEX
2022-03-07,1500.65,1505.32,1493.87,1499.05,907794900,VNINDEX
2022-03-08,1487.37,1495.97,1473.71,1473.71,952541400,VNINDEX
2022-03-09,1478.43,1482.86,1462.8,1473.74,864004300,VNINDEX
2022-03-10,1485.11,1488.59,1479.08,1479.08,607737500,VNINDEX
2022-03-11,1479.08,1480.29,1458.88,1466.54,1159784462,VNINDEX
2022-03-14,1459.28,1461.06,1439.19,1446.25,787290900,VNINDEX
2022-03-15,1444.92,1453.07,1437.27,1452.74,618581000,VNINDEX
2022-03-16,1459.68,1462.98,1453.91,1459.33,527855900,VNINDEX
2022-03-17,1466.56,1467.74,1459.14,1461.34,666857100,VNINDEX
2022-03-18,1461.34,1474.86,1461.34,1469.1,935872693,VNINDEX
2022-03-21,1474.78,1494.95,1474.38,1494.95,694839300,VNINDEX
2022-03-22,1500.08,1507.71,1498.48,1503.78,873002500,VNINDEX
2022-03-23,1505.76,1513.9,1501.67,1502.34,763655100,VNINDEX
2022-03-24,1503.91,1505.39,1495.18,1498.26,732998300,VNINDEX
2022-03-25,1500.17,1503.29,1494.55,1498.5,947688031,VNINDEX
2022-03-28,1490.44,1496.79,1473.8,1483.18,958280800,VNINDEX
2022-03-29,1487.57,1498.45,1487.57,1497.76,661152000,VNINDEX
2022-03-30,1491.92,1503.89,1483.9,1490.51,854370000,VNINDEX
2022-03-31,1492.5,1498.41,1488.27,1492.15,603940100,VNINDEX
2022-04-01,1492.15,1516.87,1484.13,1516.44,1087307257,VNINDEX
2022-04-04,1528.87,1530.95,1522.82,1524.7,702062500,VNINDEX
2022-04-05,1521.4,1527.57,1519.28,1520.03,635012500,VNINDEX
2022-04-06,1510.69,1523.75,1507.62,1522.9,875381800,VNINDEX
2022-04-07,1524.12,1524.92,1502.35,1502.35,731702000,VNINDEX
2022-04-08,1504.31,1507.73,1482.0,1482.0,714336000,VNINDEX
2022-04-12,1487.94,1490.58,1455.25,1455.25,626421200,VNINDEX
2022-04-13,1459.48,1477.2,1448.52,1477.2,610048700,VNINDEX
2022-04-14,1483.08,1484.34,1471.75,1472.12,469987900,VNINDEX
2022-04-15,1470.32,1478.95,1456.39,1458.56,607674500,VNINDEX
2022-04-18,1455.04,1456.07,1425.07,1432.6,756738100,VNINDEX
2022-04-19,1435.82,1442.04,1406.45,1406.45,631671200,VNINDEX
2022-04-20,1401.63,1410.64,1384.72,1384.72,623503300,VNINDEX
2022-04-21,1369.8,1392.33,1356.58,1370.21,710757900,VNINDEX
2022-04-22,1378.28,1392.89,1352.43,1379.23,757404900,VNINDEX
2022-04-25,1377.75,1382.13,1298.38,1310.92,653206600,VNINDEX
2022-04-26,1285.4,1341.34,1261.4,1341.34,642893200,VNINDEX
2022-04-27,1331.73,1355.92,1314.81,1353.77,460096300,VNINDEX
2022-04-28,1353.48,1358.07,1344.1,1350.99,433237500,VNINDEX
2022-04-29,1347.08,1369.31,1343.24,1366.8,507963700,VNINDEX
2022-05-04,1366.11,1366.39,1348.68,1348.68,479468500,VNINDEX
2022-05-05,1361.62,1362.18,1331.41,1360.68,489256000,VNINDEX
2022-05-06,1333.55,1350.09,1328.13,1329.26,483028300,VNINDEX
2022-05-09,1313.49,1314.52,1265.54,1269.62,599089800,VNINDEX
2022-05-10,1240.93,1293.56,1232.57,1293.56,581394400,VNINDEX
2022-05-11,1295.39,1305.17,1277.91,1301.53,358173000,VNINDEX
2022-05-12,1290.4,1291.65,1238.05,1238.84,487651200,VNINDEX
2022-05-13,1235.03,1237.8,1180.6,1182.77,703049500,VNINDEX
2022-05-16,1208.05,1215.96,1170.59,1171.95,521921500,VNINDEX
2022-05-17,1164.32,1228.37,1156.54,1228.37,515009800,VNINDEX
2022-05-18,1240.06,1249.84,1222.92,1240.76,485410300,VNINDEX
2022-05-19,1211.31,1246.66,1211.07,1241.64,435034100,VNINDEX
2022-05-20,1240.72,1252.96,1232.33,1240.71,439345600,VNINDEX
2022-05-23,1246.56,1246.58,1207.99,1218.81,464634600,VNINDEX
2022-05-24,1218.87,1233.38,1203.28,1233.38,451441400,VNINDEX
2022-05-25,1238.52,1268.43,1234.17,1268.43,583626500,VNINDEX
2022-05-26,1273.8,1278.11,1261.55,1268.57,488313100,VNINDEX
2022-05-27,1270.56,1286.99,1269.29,1285.45,545455800,VNINDEX
2022-05-30,1290.11,1296.22,1281.27,1293.92,469531300,VNINDEX
2022-05-31,1288.63,1297.64,1280.44,1292.68,514291400,VNINDEX
2022-06-01,1289.56,1302.25,1286.01,1299.52,471780800,VNINDEX
2022-06-02,1300.58,1302.66,1283.32,1288.62,493377500,VNINDEX
2022-06-03,1284.62,1292.78,1276.37,1287.98,406823300,VNINDEX
2022-06-06,1290.04,1302.14,1281.95,1290.01,515257600,VNINDEX
2022-06-07,1285.07,1291.35,1260.92,1291.35,592865300,VNINDEX
2022-06-08,1297.56,1316.78,1294.27,1307.91,512060100,VNINDEX
2022-06-09,1310.35,1312.44,1300.85,1307.8,408896500,VNINDEX
2022-06-10,1298.78,1309.59,1284.08,1284.08,535867000,VNINDEX
2022-06-13,1251.08,1261.54,1226.01,1227.04,667133200,VNINDEX
2022-06-14,1213.44,1239.36,1211.13,1230.31,492264800,VNINDEX
2022-06-15,1231.23,1235.56,1195.19,1213.93,597693500,VNINDEX
2022-06-16,1227.24,1246.32,1223.0,1236.63,493452200,VNINDEX
2022-06-17,1210.5,1220.41,1191.92,1217.3,647122700,VNINDEX
2022-06-20,1218.37,1221.6,1180.4,1180.4,579954500,VNINDEX
2022-06-21,1172.98,1189.97,1162.94,1172.47,574256800,VNINDEX
2022-06-22,1180.11,1185.86,1162.98,1169.27,491739500,VNINDEX
2022-06-23,1162.06,1188.88,1162.06,1188.88,348627000,VNINDEX
2022-06-24,1190.82,1196.85,1185.48,1185.48,365631700,VNINDEX
2022-06-27,1189.12,1203.51,1187.38,1202.82,399448200,VNINDEX
2022-06-28,1202.41,1221.74,1198.99,1218.1,496605600,VNINDEX
2022-06-29,1208.22,1219.58,1207.38,1218.09,487488100,VNINDEX
2022-06-30,1218.22,1220.51,1197.6,1197.6,445081100,VNINDEX
2022-07-01,1193.04,1202.41,1170.95,1198.9,466693700,VNINDEX
2022-07-04,1206.47,1208.96,1192.63,1195.53,379316900,VNINDEX
2022-07-05,1198.42,1200.99,1181.29,1181.29,527858300,VNINDEX
2022-07-06,1167.25,1175.26,1147.63,1149.61,481767700,VNINDEX
2022-07-07,1148.97,1166.48,1142.8,1166.48,336105000,VNINDEX
2022-07-08,1174.53,1177.18,1164.23,1171.31,408239000,VNINDEX
2022-07-11,1161.3,1165.23,1144.55,1155.29,458175600,VNINDEX
2022-07-12,1154.31,1174.82,1153.55,1174.82,446374900,VNINDEX
2022-07-13,1173.46,1182.21,1170.92,1173.92,494032300,VNINDEX
2022-07-14,1170.7,1182.17,1170.04,1182.17,462987000,VNINDEX
2022-07-15,1183.15,1189.66,1178.12,1179.25,514039500,VNINDEX
2022-07-18,1184.74,1184.93,1174.7,1176.49,449643100,VNINDEX
2022-07-19,1176.1,1180.46,1168.99,1178.33,447446600,VNINDEX
2022-07-20,1188.12,1198.63,1185.82,1194.14,573367800,VNINDEX
2022-07-21,1195.03,1201.91,1194.97,1198.47,474055300,VNINDEX
2022-07-22,1199.16,1202.69,1194.76,1194.76,418875300,VNINDEX
2022-07-25,1191.43,1198.16,1184.32,1188.5,382922500,VNINDEX
2022-07-26,1189.2,1194.15,1184.44,1185.07,363909800,VNINDEX
2022-07-27,1180.83,1191.04,1178.58,1191.04,362473100,VNINDEX
2022-07-28,1201.77,1214.03,1198.68,1208.12,586753300,VNINDEX
2022-07-29,1214.32,1217.84,1206.33,1206.33,502192400,VNINDEX
2022-08-01,1209.05,1231.35,1209.04,1231.35,643232700,VNINDEX
2022-08-02,1230.31,1241.91,1224.11,1241.62,701766800,VNINDEX
2022-08-03,1233.84,1250.2,1232.41,1249.76,668682400,VNINDEX
2022-08-04,1252.49,1257.38,1247.38,1254.15,621344900,VNINDEX
2022-08-05,1250.25,1253.75,1245.05,1252.74,579008400,VNINDEX
2022-08-08,1252.36,1258.84,1252.04,1256.75,600108300,VNINDEX
2022-08-09,1260.36,1263.14,1252.84,1258.85,622183100,VNINDEX
2022-08-10,1255.69,1260.36,1253.89,1256.5,554958800,VNINDEX
2022-08-11,1267.37,1268.03,1245.85,1252.07,726941900,VNINDEX
2022-08-12,1250.66,1262.33,1248.65,1262.33,478668400,VNINDEX
2022-08-15,1268.56,1274.24,1267.14,1274.2,556111500,VNINDEX
2022-08-16,1274.08,1275.93,1271.11,1274.69,541168800,VNINDEX
2022-08-17,1276.78,1280.61,1271.97,1275.28,611549400,VNINDEX
2022-08-18,1273.45,1283.15,1268.64,1273.66,522028300,VNINDEX
2022-08-19,1272.23,1280.0,1263.45,1269.18,541159000,VNINDEX
2022-08-22,1264.64,1270.57,1255.83,1260.43,530100300,VNINDEX
2022-08-23,1253.45,1270.81,1253.45,1270.81,488438500,VNINDEX
2022-08-24,1275.57,1280.36,1272.33,1277.16,495010400,VNINDEX
2022-08-25,1280.39,1289.18,1280.28,1288.88,531338200,VNINDEX
2022-08-26,1291.29,1295.12,1280.05,1282.57,579737000,VNINDEX
2022-08-29,1263.43,1270.8,1249.17,1270.8,754982100,VNINDEX
2022-08-30,1274.97,1287.65,1274.0,1279.39,450860200,VNINDEX
2022-08-31,1276.49,1285.29,1274.99,1280.51,434307600,VNINDEX
2022-09-05,1280.26,1285.7,1275.35,1277.35,431994100,VNINDEX
2022-09-06,1279.58,1286.92,1277.4,1277.4,515252000,VNINDEX
2022-09-07,1274.6,1275.07,1243.17,1243.17,753758800,VNINDEX
2022-09-08,1251.06,1251.36,1234.6,1234.6,524895800,VNINDEX
2022-09-09,1241.26,1248.78,1228.54,1248.78,513432800,VNINDEX
2022-09-12,1255.0,1257.8,1248.97,1249.62,359054745,VNINDEX
2022-09-13,1251.1,1252.35,1243.87,1248.4,379401200,VNINDEX
2022-09-14,1229.76,1242.17,1228.51,1240.77,547541600,VNINDEX
2022-09-15,1247.34,1250.93,1243.45,1245.66,364378200,VNINDEX
2022-09-16,1243.38,1246.17,1230.37,1234.03,556878300,VNINDEX
2022-09-19,1231.45,1233.46,1202.07,1205.43,607678700,VNINDEX
2022-09-20,1212.08,1218.93,1199.71,1218.93,392624700,VNINDEX
2022-09-21,1213.47,1217.28,1204.68,1210.55,306355000,VNINDEX
2022-09-22,1200.34,1214.7,1196.64,1214.7,413670100,VNINDEX
2022-09-23,1212.61,1216.59,1201.45,1203.28,418744600,VNINDEX
2022-09-26,1186.41,1190.27,1159.12,1174.35,671202400,VNINDEX
2022-09-27,1177.51,1180.75,1166.44,1166.54,390888400,VNINDEX
2022-09-28,1158.53,1162.6,1142.79,1143.62,475130574,VNINDEX
2022-09-29,1157.09,1159.49,1126.07,1126.07,392743158,VNINDEX
2022-09-30,1115.2,1135.47,1099.44,1132.11,580988602,VNINDEX
2022-10-03,1124.46,1126.46,1079.86,1086.44,467842505,VNINDEX
2022-10-04,1095.73,1100.42,1069.74,1078.14,484847543,VNINDEX
2022-10-05,1092.08,1110.21,1092.08,1104.26,366497390,VNINDEX
2022-10-06,1105.31,1106.97,1072.57,1074.52,465644550,VNINDEX
2022-10-07,1061.93,1062.23,1022.38,1035.91,724043484,VNINDEX
2022-10-10,1019.67,1051.02,1012.94,1042.48,509726370,VNINDEX
2022-10-11,1036.39,1036.42,998.64,1006.2,532383498,VNINDEX
2022-10-12,1006.1,1039.44,1002.89,1034.81,503602751,VNINDEX
2022-10-13,1035.33,1050.99,1025.04,1050.99,362426909,VNINDEX
2022-10-14,1063.07,1068.12,1055.29,1061.85,466714307,VNINDEX
2022-10-17,1053.46,1054.05,1033.59,1051.58,391417511,VNINDEX
2022-10-18,1065.6,1071.74,1057.71,1063.66,435818990,VNINDEX
2022-10-19,1065.08,1065.99,1052.29,1060.07,315804513,VNINDEX
2022-10-20,1056.14,1065.28,1048.21,1058.45,330284750,VNINDEX
2022-10-21,1059.03,1059.03,1013.69,1019.82,593037630,VNINDEX
2022-10-24,1021.25,1023.51,977.41,986.15,502992511,VNINDEX
2022-10-25,980.47,1011.39,962.45,997.7,631312849,VNINDEX
2022-10-26,1000.71,1004.55,984.71,993.36,327124544,VNINDEX
2022-10-27,994.82,1028.01,990.48,1028.01,525571421,VNINDEX
2022-10-28,1036.27,1044.57,1026.53,1027.36,471075420,VNINDEX
2022-10-31,1028.24,1030.32,1005.0,1027.94,540146599,VNINDEX
2022-11-01,1034.77,1043.53,1027.39,1033.75,529853499,VNINDEX
2022-11-02,1033.51,1034.73,1018.64,1023.19,440707791,VNINDEX
2022-11-03,1011.41,1023.95,1010.65,1019.81,374895655,VNINDEX
2022-11-04,1008.23,1009.96,974.61,997.15,636169416,VNINDEX
2022-11-07,989.74,996.18,969.61,975.19,490290336,VNINDEX
2022-11-08,960.93,981.86,956.97,981.65,491662593,VNINDEX
2022-11-09,983.62,994.79,977.93,985.59,442045429,VNINDEX
2022-11-10,974.76,976.31,935.78,947.24,589632905,VNINDEX
2022-11-11,954.95,966.7,949.49,954.53,610519072,VNINDEX
2022-11-14,939.94,945.29,923.53,941.04,556442961,VNINDEX
2022-11-15,926.08,929.06,900.17,911.9,534263131,VNINDEX
2022-11-16,876.0,945.42,873.78,942.9,881883690,VNINDEX
2022-11-17,952.91,972.88,950.9,969.26,551181919,VNINDEX
2022-11-18,967.18,971.77,939.73,969.33,788755529,VNINDEX
2022-11-21,971.58,973.19,956.77,960.65,499288906,VNINDEX
2022-11-22,953.78,985.28,948.52,952.12,937062402,VNINDEX
2022-11-23,947.81,958.61,942.02,946.0,466946398,VNINDEX
2022-11-24,942.86,950.03,934.31,947.71,451208470,VNINDEX
2022-11-25,956.62,971.46,955.53,971.46,525761736,VNINDEX
2022-11-28,979.68,1006.22,979.48,1005.69,818144334,VNINDEX
2022-11-29,1008.85,1032.16,998.56,1032.16,1050658035,VNINDEX
2022-11-30,1037.44,1048.42,1021.54,1048.42,917539238,VNINDEX
2022-12-01,1057.97,1066.28,1035.62,1036.28,1187911811,VNINDEX
2022-12-02,1032.67,1080.01,1030.81,1080.01,971782887,VNINDEX
2022-12-05,1090.97,1099.45,1082.59,1093.67,1026762548,VNINDEX
2022-12-06,1088.9,1089.63,1048.69,1048.69,1303644184,VNINDEX
2022-12-07,1046.72,1059.79,1034.92,1041.02,767643808,VNINDEX
2022-12-08,1055.21,1078.09,1045.98,1050.53,836407763,VNINDEX
2022-12-09,1056.85,1061.21,1041.39,1051.81,694652833,VNINDEX
2022-12-12,1059.55,1065.16,1032.07,1032.07,777174987,VNINDEX
2022-12-13,1035.76,1047.45,1026.3,1047.45,706529660,VNINDEX
2022-12-14,1062.18,1062.18,1046.43,1050.43,636888454,VNINDEX
2022-12-15,1049.16,1062.61,1049.06,1055.32,632450383,VNINDEX
2022-12-16,1048.62,1064.79,1047.16,1052.48,758882687,VNINDEX
2022-12-19,1053.91,1065.59,1038.4,1038.4,815335805,VNINDEX
2022-12-20,1035.82,1038.74,1010.08,1023.13,909733007,VNINDEX
2022-12-21,1033.34,1033.84,1005.43,1018.88,670212562,VNINDEX
2022-12-22,1026.49,1033.18,1016.54,1022.61,507307086,VNINDEX
2022-12-23,1023.69,1027.34,1013.2,1020.34,394851537,VNINDEX
2022-12-26,1019.66,1021.89,985.21,985.21,534206745,VNINDEX
2022-12-27,986.07,1007.88,983.67,1004.57,484114138,VNINDEX
2022-12-28,1008.41,1020.52,998.97,1015.66,375445830,VNINDEX
2022-12-29,1016.06,1021.96,1009.29,1009.29,357699137,VNINDEX
2022-12-30,1017.45,1017.99,1007.09,1007.09,327331402,VNINDEX
2023-01-03,1011.39,1043.9,1011.38,1043.9,495370447,VNINDEX
2023-01-04,1048.31,1052.6,1041.56,1046.35,546100135,VNINDEX
2023-01-05,1048.17,1058.14,1046.64,1055.82,472906022,VNINDEX
2023-01-06,1055.51,1065.58,1047.26,1051.44,586381415,VNINDEX
2023-01-09,1058.28,1062.12,1050.95,1054.21,368655811,VNINDEX
2023-01-10,1054.84,1057.44,1045.75,1053.35,406057518,VNINDEX
2023-01-11,1058.25,1065.69,1054.53,1055.76,490275635,VNINDEX
2023-01-12,1058.51,1060.97,1050.27,1056.39,370321885,VNINDEX
2023-01-13,1060.71,1066.39,1055.23,1060.17,459494342,VNINDEX
2023-01-16,1062.27,1067.74,1057.87,1066.68,391079501,VNINDEX
2023-01-17,1071.37,1088.29,1069.86,1088.29,566247477,VNINDEX
2023-01-18,1092.5,1100.39,1089.56,1098.28,531786150,VNINDEX
2023-01-19,1095.53,1111.72,1094.46,1108.08,556193050,VNINDEX
2023-01-27,1114.15,1124.3,1111.41,1117.1,552307747,VNINDEX
2023-01-30,1117.66,1118.46,1102.57,1102.57,725060556,VNINDEX
2023-01-31,1100.4,1111.18,1088.25,1111.18,629524308,VNINDEX
2023-02-01,1114.68,1116.96,1075.97,1075.97,938658935,VNINDEX
2023-02-02,1079.69,1083.36,1070.81,1077.59,567704887,VNINDEX
2023-02-03,1078.8,1081.89,1070.46,1077.15,487967451,VNINDEX
2023-02-06,1072.53,1089.29,1067.24,1089.29,392295500,VNINDEX
2023-02-07,1088.07,1092.12,1065.18,1065.84,565279974,VNINDEX
2023-02-08,1067.58,1079.51,1063.5,1072.22,452708164,VNINDEX
2023-02-09,1070.07,1075.2,1064.03,1064.03,363991072,VNINDEX
2023-02-10,1066.16,1066.28,1054.08,1055.3,385841692,VNINDEX
2023-02-13,1050.99,1054.05,1031.7,1043.7,578047487,VNINDEX
2023-02-14,1045.14,1046.64,1032.76,1038.64,325253255,VNINDEX
2023-02-15,1037.17,1051.89,1034.39,1048.2,472046511,VNINDEX
2023-02-16,1051.16,1058.29,1047.45,1058.29,395624947,VNINDEX
2023-02-17,1058.99,1062.25,1053.26,1059.31,414090312,VNINDEX
2023-02-20,1059.74,1088.01,1059.56,1086.69,603720812,VNINDEX
2023-02-21,1089.74,1095.1,1081.8,1082.23,635036875,VNINDEX
2023-02-22,1073.62,1073.93,1054.28,1054.28,742873929,VNINDEX
2023-02-23,1053.95,1054.48,1030.58,1053.66,601815220,VNINDEX
2023-02-24,1051.58,1052.49,1034.66,1039.56,380927906,VNINDEX
2023-02-27,1029.55,1031.59,1017.55,1021.25,488187762,VNINDEX
2023-02-28,1027.74,1034.36,1018.72,1024.68,344385802,VNINDEX
2023-03-01,1023.29,1040.55,1013.37,1040.55,451887043,VNINDEX
2023-03-02,1039.0,1043.8,1033.07,1037.61,306963389,VNINDEX
2023-03-03,1038.1,1041.82,1022.78,1024.77,370374610,VNINDEX
2023-03-06,1032.68,1042.43,1026.73,1027.18,374784462,VNINDEX
2023-03-07,1033.96,1043.92,1033.32,1037.84,410803657,VNINDEX
2023-03-08,1028.77,1049.18,1027.8,1049.18,465169105,VNINDEX
2023-03-09,1050.61,1060.56,1049.45,1055.95,539118977,VNINDEX
2023-03-10,1050.53,1053.86,1046.31,1053.0,436309809,VNINDEX
2023-03-13,1046.95,1055.58,1045.46,1052.8,505863805,VNINDEX
2023-03-14,1049.3,1051.56,1034.72,1040.13,535172436,VNINDEX
2023-03-15,1052.06,1062.55,1049.26,1062.19,534049436,VNINDEX
2023-03-16,1056.15,1058.73,1043.65,1047.4,450886053,VNINDEX
2023-03-17,1053.37,1055.42,1043.54,1045.14,478768177,VNINDEX
2023-03-20,1041.91,1042.6,1022.71,1023.1,458008396,VNINDEX
2023-03-21,1028.83,1036.15,1017.05,1032.43,369349957,VNINDEX
2023-03-22,1035.84,1042.84,1033.73,1040.54,368600650,VNINDEX
2023-03-23,1035.33,1045.1,1030.93,1045.1,359367516,VNINDEX
2023-03-24,1047.1,1052.29,1044.02,1046.79,492024379,VNINDEX
2023-03-27,1047.78,1053.78,1041.99,1052.25,499268427,VNINDEX
2023-03-28,1055.57,1059.83,1051.75,1054.29,569426119,VNINDEX
2023-03-29,1055.18,1056.33,1048.26,1056.33,406337846,VNINDEX
2023-03-30,1061.32,1066.23,1058.89,1059.44,545987403,VNINDEX
2023-03-31,1060.0,1067.55,1059.85,1064.64,563211648,VNINDEX
2023-04-03,1074.69,1079.28,1071.62,1079.28,761882248,VNINDEX
2023-04-04,1081.36,1082.21,1075.1,1078.45,732795030,VNINDEX
2023-04-05,1079.06,1080.86,1074.1,1080.86,696512807,VNINDEX
2023-04-06,1083.27,1084.52,1070.91,1070.91,942408869,VNINDEX
2023-04-07,1071.09,1072.94,1063.7,1069.71,592943658,VNINDEX
2023-04-10,1073.86,1075.54,1063.45,1065.35,774551045,VNINDEX
2023-04-11,1063.64,1070.56,1056.9,1069.46,634178633,VNINDEX
2023-04-12,1071.61,1072.7,1066.43,1069.45,653032406,VNINDEX
2023-04-13,1070.96,1070.96,1062.26,1064.3,587279674,VNINDEX
2023-04-14,1067.21,1068.79,1052.89,1052.89,714026518,VNINDEX
2023-04-17,1052.99,1054.72,1049.11,1053.81,399822299,VNINDEX
2023-04-18,1055.85,1057.15,1050.89,1055.02,486767389,VNINDEX
2023-04-19,1057.88,1058.14,1047.47,1048.98,485131148,VNINDEX
2023-04-20,1050.02,1051.86,1045.85,1049.25,324438225,VNINDEX
2023-04-21,1050.1,1050.4,1041.26,1042.91,506699323,VNINDEX
2023-04-24,1045.28,1047.18,1038.36,1041.36,439489141,VNINDEX
2023-04-25,1045.87,1045.87,1032.49,1034.85,477297616,VNINDEX
2023-04-26,1034.02,1040.8,1029.19,1040.8,421775639,VNINDEX
2023-04-27,1041.39,1044.25,1037.62,1039.63,456952522,VNINDEX
2023-04-28,1043.17,1049.12,1042.04,1049.12,565502199,VNINDEX
2023-05-04,1046.05,1048.16,1038.18,1040.61,562692030,VNINDEX
2023-05-05,1040.12,1043.22,1036.69,1040.31,433301354,VNINDEX
2023-05-08,1043.44,1053.44,1043.44,1053.44,584061271,VNINDEX
2023-05-09,1055.42,1058.71,1052.68,1053.77,494560113,VNINDEX
2023-05-10,1055.62,1058.67,1053.34,1058.26,642043890,VNINDEX
2023-05-11,1060.75,1063.69,1056.72,1057.12,669387113,VNINDEX
2023-05-12,1057.7,1066.9,1053.97,1066.9,675214868,VNINDEX
2023-05-15,1074.82,1076.32,1065.71,1065.71,762161980,VNINDEX
2023-05-16,1068.51,1069.27,1063.65,1065.91,582357907,VNINDEX
2023-05-17,1066.27,1069.95,1060.44,1060.44,743431551,VNINDEX
2023-05-18,1063.66,1073.41,1060.94,1068.31,578415860,VNINDEX
2023-05-19,1070.13,1070.15,1058.56,1067.07,649620819,VNINDEX
2023-05-22,1067.32,1070.64,1065.88,1070.64,623716964,VNINDEX
2023-05-23,1073.12,1073.96,1062.15,1065.85,653341933,VNINDEX
2023-05-24,1069.13,1069.61,1060.6,1061.79,671873653,VNINDEX
2023-05-25,1062.03,1065.5,1057.91,1064.63,603883481,VNINDEX
2023-05-26,1067.24,1067.28,1063.76,1063.76,585687066,VNINDEX
2023-05-29,1067.34,1077.18,1067.27,1074.98,726721589,VNINDEX
2023-05-30,1078.82,1079.31,1071.01,1078.05,803342265,VNINDEX
2023-05-31,1078.39,1079.11,1071.38,1075.17,848883278,VNINDEX
2023-06-01,1076.27,1078.39,1071.61,1078.39,800986902,VNINDEX
2023-06-02,1084.19,1092.24,1083.36,1090.84,949003221,VNINDEX
2023-06-05,1100.2,1103.81,1096.76,1097.82,877700529,VNINDEX
2023-06-06,1099.99,1108.31,1098.28,1108.31,767663752,VNINDEX
2023-06-07,1111.67,1112.28,1104.26,1109.54,909508073,VNINDEX
2023-06-08,1111.86,1115.14,1101.32,1101.32,1191167261,VNINDEX
2023-06-09,1103.11,1107.53,1097.23,1107.53,826887389,VNINDEX
2023-06-12,1110.26,1116.02,1100.08,1116.02,712022071,VNINDEX
2023-06-13,1117.43,1122.46,1116.1,1122.46,857714144,VNINDEX
2023-06-14,1124.56,1129.49,1117.42,1117.42,829498595,VNINDEX
2023-06-15,1117.06,1120.13,1112.11,1116.97,663782466,VNINDEX
2023-06-16,1121.92,1128.92,1112.51,1115.22,1054947020,VNINDEX
2023-06-19,1115.68,1117.23,1104.73,1105.4,709208551,VNINDEX
2023-06-20,1105.75,1111.72,1102.58,1111.72,579184745,VNINDEX
2023-06-21,1112.73,1118.46,1110.65,1118.46,778113811,VNINDEX
2023-06-22,1126.21,1127.54,1122.27,1125.3,807623528,VNINDEX
2023-06-23,1126.4,1130.61,1122.62,1129.38,829820153,VNINDEX
2023-06-26,1130.08,1134.0,1119.95,1132.03,926624935,VNINDEX
2023-06-27,1134.55,1136.49,1128.82,1134.33,619564674,VNINDEX
2023-06-28,1137.18,1140.56,1131.86,1138.35,751202539,VNINDEX
2023-06-29,1139.42,1140.43,1125.39,1125.39,813877038,VNINDEX
2023-06-30,1124.3,1126.33,1120.01,1120.18,520965834,VNINDEX
2023-07-03,1125.55,1128.35,1121.17,1125.5,482330417,VNINDEX
2023-07-04,1127.11,1132.12,1123.49,1132.0,621589939,VNINDEX
2023-07-05,1136.64,1138.67,1133.45,1134.62,714171068,VNINDEX
2023-07-06,1133.7,1135.81,1122.35,1126.22,842931087,VNINDEX
2023-07-07,1124.98,1138.07,1122.94,1138.07,690911706,VNINDEX
2023-07-10,1142.61,1149.02,1140.03,1149.02,781792879,VNINDEX
2023-07-11,1151.13,1157.01,1149.69,1151.77,816539478,VNINDEX
2023-07-12,1154.37,1157.43,1149.28,1154.2,662915644,VNINDEX
2023-07-13,1159.88,1165.42,1158.15,1165.42,738388049,VNINDEX
2023-07-14,1169.2,1169.84,1156.28,1168.4,940146669,VNINDEX
2023-07-17,1171.75,1174.89,1168.77,1173.13,823237013,VNINDEX
2023-07-18,1173.23,1175.7,1170.04,1174.09,729194875,VNINDEX
2023-07-19,1177.5,1178.55,1172.98,1172.98,776854252,VNINDEX
2023-07-20,1171.83,1174.39,1166.62,1172.81,713194602,VNINDEX
2023-07-21,1173.21,1185.9,1172.07,1185.9,872012954,VNINDEX
2023-07-24,1190.74,1193.22,1183.39,1190.72,960584502,VNINDEX
2023-07-25,1194.45,1199.27,1193.34,1195.9,884463624,VNINDEX
2023-07-26,1195.5,1200.84,1195.44,1200.84,816580555,VNINDEX
2023-07-27,1201.69,1203.69,1191.08,1197.33,1044856216,VNINDEX
2023-07-28,1197.32,1207.67,1195.86,1207.67,1018968754,VNINDEX
2023-07-31,1219.66,1224.81,1212.81,1222.9,1076364086,VNINDEX
2023-08-01,1230.32,1234.5,1217.56,1217.56,1156851607,VNINDEX
2023-08-02,1217.17,1223.04,1213.18,1220.43,813384734,VNINDEX
2023-08-03,1219.73,1222.35,1209.06,1210.95,935942395,VNINDEX
2023-08-04,1216.27,1228.12,1214.17,1225.98,1051204937,VNINDEX
2023-08-07,1233.1,1241.42,1230.38,1241.42,1069565143,VNINDEX
2023-08-08,1244.35,1246.22,1239.01,1242.23,1055127603,VNINDEX
2023-08-09,1240.68,1241.96,1231.28,1233.99,963201423,VNINDEX
2023-08-10,1236.51,1238.19,1220.61,1220.61,932188428,VNINDEX
2023-08-11,1228.92,1232.21,1213.37,1232.21,938402362,VNINDEX
2023-08-14,1237.14,1239.61,1229.04,1236.84,993030302,VNINDEX
2023-08-15,1239.42,1239.42,1230.58,1234.05,811761959,VNINDEX
2023-08-16,1239.95,1243.48,1235.27,1243.26,816831815,VNINDEX
2023-08-17,1242.58,1243.98,1233.48,1233.48,1011505421,VNINDEX
2023-08-18,1227.02,1228.98,1177.74,1177.99,1583522435,VNINDEX
2023-08-21,1177.01,1188.16,1164.63,1179.76,961714839,VNINDEX
2023-08-22,1183.92,1184.43,1149.13,1180.49,933784657,VNINDEX
2023-08-23,1192.96,1193.79,1168.89,1172.56,620730150,VNINDEX
2023-08-24,1175.2,1189.99,1171.33,1189.39,737567928,VNINDEX
2023-08-25,1188.99,1192.59,1181.6,1183.37,774848913,VNINDEX
2023-08-28,1189.43,1202.02,1189.43,1201.72,713247349,VNINDEX
2023-08-29,1204.75,1208.78,1197.57,1204.43,848040448,VNINDEX
2023-08-30,1206.1,1213.52,1203.51,1213.16,799265566,VNINDEX
2023-08-31,1216.0,1224.84,1214.39,1224.05,852855777,VNINDEX
2023-09-05,1231.43,1236.21,1228.7,1234.98,926699196,VNINDEX
2023-09-06,1237.07,1245.5,1229.89,1245.5,1009683101,VNINDEX
2023-09-07,1248.91,1255.11,1240.82,1243.14,1034363991,VNINDEX
2023-09-08,1242.28,1248.1,1240.15,1241.48,920806719,VNINDEX
2023-09-11,1250.48,1251.37,1223.33,1223.63,1242292544,VNINDEX
2023-09-12,1227.16,1245.44,1220.85,1245.44,832491088,VNINDEX
2023-09-13,1248.94,1250.61,1232.84,1238.39,1126481442,VNINDEX
2023-09-14,1238.19,1244.21,1223.03,1223.81,1110222861,VNINDEX
2023-09-15,1228.87,1233.87,1220.27,1227.36,822519558,VNINDEX
2023-09-18,1225.6,1226.56,1203.88,1211.81,716585507,VNINDEX
2023-09-19,1215.96,1219.57,1199.85,1211.5,831441539,VNINDEX
2023-09-20,1212.7,1226.11,1209.46,1226.11,722191241,VNINDEX
2023-09-21,1226.79,1227.88,1211.65,1212.74,863512780,VNINDEX
2023-09-22,1197.49,1199.13,1174.57,1193.05,1236490782,VNINDEX
2023-09-25,1190.58,1195.62,1153.2,1153.2,936520475,VNINDEX
2023-09-26,1150.94,1163.52,1137.96,1137.96,897032340,VNINDEX
2023-09-27,1139.76,1153.85,1126.36,1153.85,719877728,VNINDEX
2023-09-28,1153.74,1155.39,1136.99,1152.43,603271137,VNINDEX
2023-09-29,1157.76,1163.88,1152.45,1154.15,490698501,VNINDEX
2023-10-02,1155.07,1161.48,1149.63,1155.25,432841811,VNINDEX
2023-10-03,1145.85,1146.59,1117.28,1118.1,879751841,VNINDEX
2023-10-04,1106.61,1133.79,1106.4,1128.67,609105878,VNINDEX
2023-10-05,1131.29,1133.12,1113.89,1113.89,512428619,VNINDEX
2023-10-06,1115.23,1129.13,1107.4,1128.54,539729169,VNINDEX
2023-10-09,1130.25,1137.36,1127.03,1137.36,512236036,VNINDEX
2023-10-10,1143.6,1150.34,1141.97,1143.69,593794892,VNINDEX
2023-10-11,1146.2,1150.81,1138.22,1150.81,466190895,VNINDEX
2023-10-12,1155.12,1156.73,1148.11,1151.61,573657380,VNINDEX
2023-10-13,1145.03,1155.1,1138.99,1154.73,550270198,VNINDEX
2023-10-16,1152.69,1157.46,1140.64,1141.42,579368110,VNINDEX
2023-10-17,1145.34,1147.89,1121.65,1121.65,526675209,VNINDEX
2023-10-18,1123.73,1125.27,1088.87,1103.4,869615115,VNINDEX
2023-10-19,1102.93,1103.65,1087.85,1087.85,565321311,VNINDEX
2023-10-20,1085.83,1108.16,1073.73,1108.03,551429250,VNINDEX
2023-10-23,1106.56,1106.8,1086.54,1093.53,454989854,VNINDEX
2023-10-24,1095.42,1107.3,1088.17,1105.9,402534037,VNINDEX
2023-10-25,1106.41,1111.39,1100.64,1101.66,439725814,VNINDEX
2023-10-26,1082.8,1083.22,1049.71,1055.45,1039942289,VNINDEX
2023-10-27,1059.41,1061.87,1037.46,1060.62,578821510,VNINDEX
2023-10-30,1054.03,1060.39,1042.4,1042.4,415365664,VNINDEX
2023-10-31,1045.6,1046.17,1025.03,1028.19,648004448,VNINDEX
2023-11-01,1029.0,1039.66,1020.01,1039.66,539972091,VNINDEX
2023-11-02,1048.62,1075.47,1045.14,1075.47,667009654,VNINDEX
2023-11-03,1081.35,1082.23,1071.11,1076.78,649923945,VNINDEX
2023-11-06,1082.21,1089.66,1081.01,1089.66,508936305,VNINDEX
2023-11-07,1086.68,1089.89,1079.42,1080.29,480141780,VNINDEX
2023-11-08,1079.14,1113.43,1075.8,1113.43,800215243,VNINDEX
2023-11-09,1116.42,1124.78,1112.13,1113.89,928460378,VNINDEX
2023-11-10,1105.75,1116.02,1101.23,1101.68,877008662,VNINDEX
2023-11-13,1103.66,1107.91,1093.19,1100.07,663473944,VNINDEX
2023-11-14,1109.08,1115.6,1101.67,1109.73,703358836,VNINDEX
2023-11-15,1124.56,1132.75,1118.74,1122.5,800661750,VNINDEX
2023-11-16,1119.98,1125.53,1114.97,1125.53,555157978,VNINDEX
2023-11-17,1128.14,1129.84,1096.16,1101.19,1066006039,VNINDEX
2023-11-20,1085.4,1111.26,1085.32,1103.66,688468182,VNINDEX
2023-11-21,1112.61,1112.77,1103.79,1110.46,552332579,VNINDEX
2023-11-22,1111.35,1115.47,1103.26,1113.82,755210854,VNINDEX
2023-11-23,1117.71,1118.54,1088.49,1088.49,899564966,VNINDEX
2023-11-24,1090.97,1095.61,1073.31,1095.61,821052812,VNINDEX
2023-11-27,1095.59,1096.84,1085.69,1088.06,462595978,VNINDEX
2023-11-28,1088.6,1095.43,1076.45,1095.43,548105206,VNINDEX
2023-11-29,1097.28,1105.28,1096.33,1102.8,514743500,VNINDEX
2023-11-30,1101.75,1107.45,1094.13,1094.13,606826839,VNINDEX
2023-12-01,1099.18,1102.2,1090.08,1102.16,518711253,VNINDEX
2023-12-04,1107.74,1123.96,1106.62,1120.49,984773992,VNINDEX
2023-12-05,1122.28,1124.11,1113.55,1115.97,707845758,VNINDEX
2023-12-06,1118.06,1126.43,1116.03,1126.43,738707669,VNINDEX
2023-12-07,1128.67,1129.83,1109.51,1121.49,1221764657,VNINDEX
2023-12-08,1122.09,1127.46,1119.43,1124.44,689966264,VNINDEX
2023-12-11,1127.92,1129.15,1120.32,1125.5,570094573,VNINDEX
2023-12-12,1127.55,1129.77,1123.35,1127.63,498413736,VNINDEX
2023-12-13,1129.94,1131.21,1112.08,1114.2,714276741,VNINDEX
2023-12-14,1119.62,1120.36,1107.86,1110.13,559832758,VNINDEX
2023-12-15,1109.51,1112.79,1102.3,1102.3,641927289,VNINDEX
2023-12-18,1103.43,1103.74,1091.45,1091.88,485967620,VNINDEX
2023-12-19,1091.26,1096.3,1082.29,1096.3,513256942,VNINDEX
2023-12-20,1098.1,1102.27,1093.38,1100.76,433798180,VNINDEX
2023-12-21,1096.22,1102.43,1094.47,1102.43,411137272,VNINDEX
2023-12-22,1103.08,1104.65,1099.32,1103.06,457342945,VNINDEX
2023-12-25,1104.27,1118.31,1104.27,1117.66,513367086,VNINDEX
2023-12-26,1120.11,1123.11,1117.93,1122.25,526323287,VNINDEX
2023-12-27,1123.28,1126.47,1121.99,1121.99,526146731,VNINDEX
2023-12-28,1122.77,1130.58,1120.5,1128.93,558386951,VNINDEX
2023-12-29,1131.75,1135.05,1129.93,1129.93,569745860,VNINDEX
2024-01-02,1136.39,1139.71,1128.69,1131.72,723494585,VNINDEX
2024-01-03,1130.53,1144.17,1128.32,1144.17,614573860,VNINDEX
2024-01-04,1145.49,1160.08,1144.32,1150.72,1071028753,VNINDEX
2024-01-05,1152.37,1155.84,1149.08,1154.68,699280159,VNINDEX
2024-01-08,1159.42,1162.56,1155.48,1160.19,753445865,VNINDEX
2024-01-09,1161.71,1162.83,1155.46,1158.59,740754627,VNINDEX
2024-01-10,1158.79,1166.1,1155.94,1161.54,865218394,VNINDEX
2024-01-11,1162.49,1169.1,1157.43,1162.22,721808488,VNINDEX
2024-01-12,1159.25,1161.91,1146.75,1154.7,972347634,VNINDEX
2024-01-15,1159.37,1163.75,1154.12,1154.12,513403043,VNINDEX
2024-01-16,1150.31,1163.12,1147.71,1163.12,520993518,VNINDEX
2024-01-17,1161.95,1168.46,1160.45,1162.53,637645718,VNINDEX
2024-01-18,1164.32,1169.73,1162.62,1169.06,523948655,VNINDEX
2024-01-19,1171.5,1181.5,1171.47,1181.5,578206561,VNINDEX
2024-01-22,1186.29,1186.96,1175.54,1182.86,695005662,VNINDEX
2024-01-23,1183.96,1184.74,1173.78,1177.5,546232894,VNINDEX
2024-01-24,1175.58,1180.3,1172.0,1172.97,585110178,VNINDEX
2024-01-25,1173.58,1173.83,1168.5,1170.37,432026831,VNINDEX
2024-01-26,1173.43,1176.76,1173.43,1175.67,450059721,VNINDEX
2024-01-29,1177.23,1180.46,1174.88,1175.69,499332696,VNINDEX
2024-01-30,1176.02,1179.92,1174.13,1179.65,522946236,VNINDEX
2024-01-31,1181.62,1182.53,1163.13,1164.31,955418532,VNINDEX
2024-02-01,1162.78,1174.5,1162.45,1173.02,531547216,VNINDEX
2024-02-02,1173.93,1178.27,1169.7,1172.55,734972309,VNINDEX
2024-02-05,1174.22,1188.45,1173.54,1186.06,722125440,VNINDEX
2024-02-06,1189.08,1190.92,1185.68,1188.48,526235527,VNINDEX
2024-02-07,1190.51,1199.52,1190.5,1198.53,614452225,VNINDEX
2024-02-15,1203.08,1207.56,1198.81,1202.5,784034166,VNINDEX
2024-02-16,1204.9,1210.25,1204.29,1209.7,732603874,VNINDEX
2024-02-19,1213.24,1225.48,1212.58,1224.97,898027299,VNINDEX
2024-02-20,1227.75,1230.47,1222.66,1230.06,772746057,VNINDEX
2024-02-21,1231.78,1234.22,1222.92,1230.04,808511856,VNINDEX
2024-02-22,1229.85,1232.09,1226.15,1227.31,740122330,VNINDEX
2024-02-23,1230.3,1240.81,1211.55,1212.0,1225443829,VNINDEX
2024-02-26,1212.93,1225.21,1210.52,1224.17,761367297,VNINDEX
2024-02-27,1228.93,1237.6,1226.49,1237.46,830495936,VNINDEX
2024-02-28,1241.77,1254.55,1236.32,1254.55,814346543,VNINDEX
2024-02-29,1259.59,1264.39,1247.7,1252.73,934494261,VNINDEX
2024-03-01,1256.72,1258.76,1247.87,1258.28,822115129,VNINDEX
2024-03-04,1264.07,1268.25,1256.54,1261.41,994011577,VNINDEX
2024-03-05,1262.89,1269.98,1257.81,1269.98,841821123,VNINDEX
2024-03-06,1269.8,1277.51,1256.3,1262.73,921251926,VNINDEX
2024-03-07,1263.23,1269.88,1260.24,1268.46,871614163,VNINDEX
2024-03-08,1272.62,1274.3,1247.35,1247.35,1209088843,VNINDEX
2024-03-11,1248.32,1254.01,1233.49,1235.49,851738710,VNINDEX
2024-03-12,1235.4,1248.33,1233.14,1245.0,737689011,VNINDEX
2024-03-13,1250.2,1270.51,1247.64,1270.51,826474776,VNINDEX
2024-03-14,1276.0,1276.41,1258.67,1264.26,963097533,VNINDEX
2024-03-15,1263.76,1271.63,1252.36,1263.78,956309030,VNINDEX
2024-03-18,1266.11,1269.9,1221.67,1243.56,1526779911,VNINDEX
2024-03-19,1246.54,1249.75,1238.92,1242.46,735805803,VNINDEX
2024-03-20,1243.79,1261.55,1235.46,1260.08,794727033,VNINDEX
2024-03-21,1269.96,1276.42,1264.2,1276.42,1081588505,VNINDEX
2024-03-22,1281.56,1291.27,1276.38,1281.8,1111112910,VNINDEX
2024-03-25,1278.86,1286.84,1264.51,1267.86,1101070678,VNINDEX
2024-03-26,1267.95,1282.5,1264.42,1282.21,813098800,VNINDEX
2024-03-27,1286.34,1286.72,1276.95,1283.09,754700880,VNINDEX
2024-03-28,1293.03,1293.9,1285.52,1290.18,823626900,VNINDEX
2024-03-29,1292.7,1292.75,1282.44,1284.09,735188003,VNINDEX
2024-04-01,1282.37,1286.8,1274.09,1281.52,840172566,VNINDEX
2024-04-02,1276.38,1287.04,1268.48,1287.04,956070829,VNINDEX
2024-04-03,1285.3,1288.99,1271.47,1271.47,947216586,VNINDEX
2024-04-04,1271.87,1277.62,1265.12,1268.25,859418901,VNINDEX
2024-04-05,1258.58,1265.14,1253.56,1255.11,973835575,VNINDEX
2024-04-08,1255.37,1258.4,1246.87,1250.35,733082694,VNINDEX
2024-04-09,1252.4,1262.82,1247.7,1262.82,596807326,VNINDEX
2024-04-10,1266.48,1268.72,1258.56,1258.56,586647926,VNINDEX
2024-04-11,1249.88,1262.03,1248.11,1258.2,592127537,VNINDEX
2024-04-12,1262.96,1278.39,1259.5,1276.6,650322212,VNINDEX
2024-04-15,1274.02,1281.81,1216.61,1216.61,1236066802,VNINDEX
2024-04-16,1218.64,1222.45,1191.73,1215.68,1143433408,VNINDEX
2024-04-17,1221.47,1221.47,1193.01,1193.01,708176858,VNINDEX
2024-04-19,1180.87,1190.96,1165.99,1174.85,951223870,VNINDEX
2024-04-22,1183.77,1193.88,1181.13,1190.22,569603122,VNINDEX
2024-04-23,1190.56,1192.8,1169.61,1177.4,616867057,VNINDEX
2024-04-24,1186.47,1207.61,1185.13,1205.61,628027496,VNINDEX
2024-04-25,1206.25,1208.41,1200.21,1204.97,438347889,VNINDEX
2024-04-26,1199.83,1216.6,1198.73,1209.52,513292300,VNINDEX
2024-05-02,1212.13,1216.36,1206.28,1216.36,467466790,VNINDEX
2024-05-03,1222.54,1225.75,1218.33,1221.03,524649967,VNINDEX
2024-05-06,1226.89,1241.58,1224.22,1241.58,625588584,VNINDEX
2024-05-07,1245.5,1250.63,1240.09,1248.63,550898676,VNINDEX
2024-05-08,1243.61,1251.62,1234.76,1250.46,770816040,VNINDEX
2024-05-09,1252.81,1256.8,1243.29,1248.64,591807969,VNINDEX
2024-05-10,1251.78,1252.5,1237.46,1244.7,556788658,VNINDEX
2024-05-13,1248.19,1249.2,1233.56,1240.18,593968870,VNINDEX
2024-05-14,1246.23,1252.52,1240.88,1243.28,476578584,VNINDEX
2024-05-15,1248.61,1257.92,1248.02,1254.39,704936160,VNINDEX
2024-05-16,1264.51,1271.66,1261.19,1268.78,754095204,VNINDEX
2024-05-17,1270.34,1274.27,1266.32,1273.11,788116698,VNINDEX
2024-05-20,1281.5,1285.19,1277.36,1277.58,900908384,VNINDEX
2024-05-21,1277.85,1281.29,1267.29,1277.14,790140189,VNINDEX
2024-05-22,1280.26,1283.06,1263.87,1266.91,933047509,VNINDEX
2024-05-23,1265.6,1281.03,1262.29,1281.03,788341559,VNINDEX
2024-05-24,1276.68,1285.07,1250.28,1261.93,1179638521,VNINDEX
2024-05-27,1263.46,1267.68,1257.27,1267.68,564137500,VNINDEX
2024-05-28,1272.23,1281.73,1269.37,1281.73,710243600,VNINDEX
2024-05-29,1284.74,1285.63,1271.6,1272.64,937265939,VNINDEX
2024-05-30,1264.45,1269.07,1251.8,1266.32,903973666,VNINDEX
2024-05-31,1268.37,1271.07,1261.43,1261.72,578120347,VNINDEX
2024-06-03,1271.65,1284.48,1271.65,1280.0,881259000,VNINDEX
2024-06-04,1285.51,1289.31,1281.98,1283.52,743646628,VNINDEX
2024-06-05,1287.12,1293.93,1284.35,1284.35,769448301,VNINDEX
2024-06-06,1288.79,1292.02,1278.4,1283.56,751958815,VNINDEX
2024-06-07,1289.05,1293.03,1283.13,1287.58,566497622,VNINDEX
2024-06-10,1292.67,1297.39,1287.44,1290.67,742266776,VNINDEX
2024-06-11,1295.03,1296.41,1279.47,1284.41,815619047,VNINDEX
2024-06-12,1285.01,1301.35,1281.71,1300.19,731047219,VNINDEX
2024-06-13,1305.69,1306.01,1297.6,1301.51,782445017,VNINDEX
2024-06-14,1303.37,1305.02,1279.91,1279.91,964967623,VNINDEX
2024-06-17,1282.08,1283.1,1272.54,1274.77,741570820,VNINDEX
2024-06-18,1279.39,1286.52,1278.38,1279.5,597659348,VNINDEX
2024-06-19,1283.0,1284.14,1270.66,1279.79,727821787,VNINDEX
2024-06-20,1281.82,1286.54,1273.54,1282.3,773355093,VNINDEX
2024-06-21,1285.07,1288.06,1279.44,1282.02,669695755,VNINDEX
2024-06-24,1281.19,1284.84,1252.66,1254.12,1040386525,VNINDEX
2024-06-25,1255.77,1260.07,1250.25,1256.56,520938884,VNINDEX
2024-06-26,1258.95,1262.67,1247.55,1261.24,555550983,VNINDEX
2024-06-27,1260.71,1262.49,1255.12,1259.09,446001676,VNINDEX
2024-06-28,1260.27,1262.61,1240.15,1245.32,635711241,VNINDEX
2024-07-01,1246.33,1254.56,1240.07,1254.56,403842640,VNINDEX
2024-07-02,1258.87,1270.47,1257.93,1269.79,441202337,VNINDEX
2024-07-03,1273.26,1278.14,1268.23,1276.85,469162184,VNINDEX
2024-07-04,1278.87,1283.13,1274.58,1279.89,452214031,VNINDEX
2024-07-05,1281.21,1284.98,1276.93,1283.04,562932141,VNINDEX
2024-07-08,1285.34,1287.14,1277.68,1283.56,620542471,VNINDEX
2024-07-09,1286.33,1294.15,1283.62,1293.71,715099055,VNINDEX
2024-07-10,1295.57,1297.96,1285.94,1285.94,634688932,VNINDEX
2024-07-11,1291.14,1293.32,1283.8,1283.8,595188348,VNINDEX
2024-07-12,1284.57,1288.67,1277.16,1280.75,505651034,VNINDEX
2024-07-15,1284.14,1286.37,1276.27,1279.82,440329239,VNINDEX
2024-07-16,1282.83,1291.47,1279.37,1281.18,598892375,VNINDEX
2024-07-17,1286.07,1290.76,1256.42,1268.66,1092895884,VNINDEX
2024-07-18,1270.95,1274.67,1256.21,1274.44,612004645,VNINDEX
2024-07-19,1275.28,1279.94,1260.68,1264.78,682708976,VNINDEX
2024-07-22,1261.42,1267.43,1245.02,1254.64,777593563,VNINDEX
2024-07-23,1256.72,1258.74,1231.81,1231.81,616528413,VNINDEX
2024-07-24,1225.5,1242.4,1218.65,1238.47,614914657,VNINDEX
2024-07-25,1232.92,1235.67,1226.2,1233.19,382805489,VNINDEX
2024-07-26,1235.21,1242.11,1234.05,1242.11,383860021,VNINDEX
2024-07-29,1247.71,1249.68,1243.08,1246.6,422568067,VNINDEX
2024-07-30,1247.23,1248.73,1236.97,1245.06,566133540,VNINDEX
2024-07-31,1247.45,1255.77,1246.3,1251.51,626496505,VNINDEX
2024-08-01,1254.59,1257.85,1222.51,1226.96,792496617,VNINDEX
2024-08-02,1215.67,1236.6,1209.77,1236.6,611459171,VNINDEX
2024-08-05,1219.05,1220.99,1184.53,1188.07,871578892,VNINDEX
2024-08-06,1197.52,1213.35,1186.74,1210.28,552603849,VNINDEX
2024-08-07,1216.96,1217.79,1205.11,1215.88,461425878,VNINDEX
2024-08-08,1211.83,1219.97,1202.58,1208.32,579962780,VNINDEX
2024-08-09,1215.3,1225.02,1212.4,1223.64,502888457,VNINDEX
2024-08-12,1225.95,1231.46,1221.16,1230.28,447955533,VNINDEX
2024-08-13,1229.81,1231.55,1223.01,1230.42,447926581,VNINDEX
2024-08-14,1233.7,1236.51,1228.93,1230.36,404202277,VNINDEX
2024-08-15,1230.58,1231.69,1222.28,1223.56,394681474,VNINDEX
2024-08-16,1228.27,1253.24,1227.94,1252.23,859565834,VNINDEX
2024-08-19,1259.36,1263.84,1256.45,1261.62,560120742,VNINDEX
2024-08-20,1263.65,1275.95,1263.65,1272.55,724078305,VNINDEX
2024-08-21,1272.34,1284.05,1268.91,1284.05,670203726,VNINDEX
2024-08-22,1287.34,1288.42,1280.42,1282.78,551649974,VNINDEX
2024-08-23,1283.22,1287.43,1276.43,1285.32,595105295,VNINDEX
2024-08-26,1289.65,1290.45,1278.72,1280.02,643948678,VNINDEX
2024-08-27,1279.55,1282.92,1274.7,1280.56,538503219,VNINDEX
2024-08-28,1283.41,1285.72,1276.9,1281.44,619986351,VNINDEX
2024-08-29,1281.05,1288.2,1280.24,1281.47,530557167,VNINDEX
2024-08-30,1283.61,1286.84,1282.58,1283.87,473075527,VNINDEX
2024-09-04,1271.39,1277.27,1268.43,1275.8,546685039,VNINDEX
2024-09-05,1276.35,1282.21,1266.05,1268.21,537013671,VNINDEX
2024-09-06,1268.22,1274.44,1262.94,1273.96,469737427,VNINDEX
2024-09-09,1269.83,1269.92,1262.97,1267.73,399316190,VNINDEX
2024-09-10,1269.83,1271.83,1252.22,1255.23,548188299,VNINDEX
2024-09-11,1254.25,1256.86,1244.79,1253.27,469969175,VNINDEX
2024-09-12,1258.42,1260.93,1255.87,1256.35,353322514,VNINDEX
2024-09-13,1253.48,1254.24,1248.78,1251.71,345075622,VNINDEX
2024-09-16,1251.0,1255.42,1239.26,1239.26,406084647,VNINDEX
2024-09-17,1240.0,1258.95,1238.69,1258.95,418063385,VNINDEX
2024-09-18,1261.23,1271.77,1257.93,1264.9,542560781,VNINDEX
2024-09-19,1268.08,1271.27,1264.82,1271.27,444118910,VNINDEX
2024-09-20,1277.73,1283.3,1272.04,1272.04,773588806,VNINDEX
2024-09-23,1275.15,1276.99,1267.87,1268.48,416937911,VNINDEX
2024-09-24,1268.25,1276.99,1266.68,1276.99,450952923,VNINDEX
2024-09-25,1282.48,1288.44,1280.47,1287.48,841960747,VNINDEX
2024-09-26,1290.03,1298.71,1289.15,1291.49,828772734,VNINDEX
2024-09-27,1295.03,1300.31,1287.21,1290.92,811528634,VNINDEX
2024-09-30,1290.17,1292.03,1283.92,1287.94,636582014,VNINDEX
2024-10-01,1290.68,1302.22,1290.68,1292.2,833023683,VNINDEX
2024-10-02,1289.65,1293.69,1285.14,1287.84,615948736,VNINDEX
2024-10-03,1288.45,1299.36,1276.51,1278.1,929324954,VNINDEX
2024-10-04,1278.9,1279.33,1270.6,1270.6,516838768,VNINDEX
2024-10-07,1275.59,1278.61,1264.65,1269.93,431746999,VNINDEX
2024-10-08,1271.98,1275.82,1266.94,1271.98,592176851,VNINDEX
2024-10-09,1273.96,1283.01,1273.04,1281.85,582540343,VNINDEX
2024-10-10,1289.61,1294.33,1284.97,1286.36,598891260,VNINDEX
2024-10-11,1287.66,1289.37,1283.56,1288.39,437625358,VNINDEX
2024-10-14,1296.54,1297.67,1286.13,1286.34,619276191,VNINDEX
2024-10-15,1287.81,1294.05,1279.81,1281.08,619610197,VNINDEX
2024-10-16,1279.86,1283.33,1276.4,1279.48,440452844,VNINDEX
2024-10-17,1282.65,1286.52,1271.82,1286.52,579305856,VNINDEX
2024-10-18,1291.16,1294.1,1285.46,1285.46,546249354,VNINDEX
2024-10-21,1284.17,1287.71,1279.77,1279.77,528557901,VNINDEX
2024-10-22,1280.21,1280.21,1265.44,1269.89,667541526,VNINDEX
2024-10-23,1270.58,1273.21,1263.26,1270.9,489929001,VNINDEX
2024-10-24,1271.17,1274.11,1257.41,1257.41,532020991,VNINDEX
2024-10-25,1260.94,1261.72,1251.75,1252.72,480454993,VNINDEX
2024-10-28,1252.76,1255.18,1250.94,1254.77,368249767,VNINDEX
2024-10-29,1258.03,1262.38,1257.43,1261.78,454099020,VNINDEX
2024-10-30,1263.57,1264.84,1255.07,1258.63,429794790,VNINDEX
2024-10-31,1260.23,1267.88,1255.55,1264.48,409737985,VNINDEX
2024-11-01,1262.39,1264.67,1254.33,1254.89,497670931,VNINDEX
2024-11-04,1255.92,1256.96,1242.36,1244.71,543721609,VNINDEX
2024-11-05,1244.85,1248.97,1243.55,1245.76,314945393,VNINDEX
2024-11-06,1251.22,1262.44,1250.57,1261.28,463915932,VNINDEX
2024-11-07,1266.61,1267.09,1259.75,1259.75,436110981,VNINDEX
2024-11-08,1262.84,1264.09,1250.77,1252.56,472794115,VNINDEX
2024-11-11,1253.81,1253.87,1241.29,1250.32,664742714,VNINDEX
2024-11-12,1251.79,1257.02,1242.91,1244.82,478703119,VNINDEX
2024-11-13,1242.94,1247.04,1234.62,1246.04,556101320,VNINDEX
2024-11-14,1243.85,1247.07,1231.69,1231.89,530216570,VNINDEX
2024-11-15,1229.36,1229.59,1217.03,1218.57,634822173,VNINDEX
2024-11-18,1218.3,1225.38,1204.6,1217.12,519684737,VNINDEX
2024-11-19,1220.68,1221.4,1205.15,1205.15,411580431,VNINDEX
2024-11-20,1203.71,1222.73,1197.99,1216.54,595053508,VNINDEX
2024-11-21,1217.3,1228.55,1214.06,1228.33,385541342,VNINDEX
2024-11-22,1228.95,1233.42,1226.33,1228.1,416151649,VNINDEX
2024-11-25,1229.39,1236.57,1229.02,1234.7,382227104,VNINDEX
2024-11-26,1235.63,1246.83,1235.22,1242.13,470846416,VNINDEX
2024-11-27,1241.36,1245.34,1239.23,1241.97,330000841,VNINDEX
2024-11-28,1246.37,1250.46,1240.91,1242.11,374803536,VNINDEX
2024-11-29,1242.51,1250.92,1241.0,1250.46,396117434,VNINDEX
2024-12-02,1255.73,1258.05,1247.74,1251.21,352806149,VNINDEX
2024-12-03,1251.43,1253.83,1244.91,1249.83,439728204,VNINDEX
2024-12-04,1247.34,1247.78,1239.82,1240.41,465502194,VNINDEX
2024-12-05,1241.81,1269.18,1238.49,1267.53,779993372,VNINDEX
2024-12-06,1270.96,1276.1,1268.58,1270.14,565715866,VNINDEX
2024-12-09,1271.46,1277.69,1268.69,1273.84,546454671,VNINDEX
2024-12-10,1274.29,1277.32,1270.32,1272.07,462691547,VNINDEX
2024-12-11,1273.23,1276.67,1264.15,1268.86,473457175,VNINDEX
2024-12-12,1270.86,1275.64,1265.99,1267.35,461485561,VNINDEX
2024-12-13,1264.98,1266.55,1260.48,1262.57,367939049,VNINDEX
2024-12-16,1264.03,1267.1,1258.65,1263.79,360341279,VNINDEX
2024-12-17,1264.91,1265.45,1260.6,1261.72,327584791,VNINDEX
2024-12-18,1262.57,1266.53,1261.49,1266.0,362329721,VNINDEX
2024-12-19,1256.9,1259.76,1249.39,1254.67,628846329,VNINDEX
2024-12-20,1255.6,1259.0,1253.9,1257.5,428104838,VNINDEX
2024-12-23,1262.45,1265.2,1261.62,1262.76,363896212,VNINDEX
2024-12-24,1263.03,1263.05,1253.78,1260.36,502564849,VNINDEX
2024-12-25,1262.03,1283.09,1261.87,1274.04,666962682,VNINDEX
2024-12-26,1275.68,1277.17,1271.99,1272.87,453389936,VNINDEX
2024-12-27,1275.56,1277.89,1272.23,1275.14,552111544,VNINDEX
2024-12-30,1273.75,1274.15,1268.77,1272.02,417365889,VNINDEX
2024-12-31,1272.25,1272.46,1266.78,1266.78,367846747,VNINDEX
2025-01-02,1268.96,1271.13,1263.25,1269.71,328258670,VNINDEX
2025-01-03,1268.74,1269.01,1254.59,1254.59,463010830,VNINDEX
2025-01-06,1254.79,1260.37,1244.87,1246.35,469222998,VNINDEX
2025-01-07,1249.19,1254.09,1243.06,1246.95,461894014,VNINDEX
2025-01-08,1246.16,1251.02,1239.67,1251.02,335193426,VNINDEX
2025-01-09,1250.56,1253.26,1242.9,1245.77,267483879,VNINDEX
2025-01-10,1245.68,1247.8,1230.48,1230.48,443618084,VNINDEX
2025-01-13,1226.66,1235.65,1220.87,1235.65,398593541,VNINDEX
2025-01-14,1234.77,1235.54,1226.7,1229.07,297547932,VNINDEX
2025-01-15,1233.29,1237.46,1231.13,1236.18,359903149,VNINDEX
2025-01-16,1241.74,1245.4,1235.56,1242.36,372990685,VNINDEX
2025-01-17,1242.38,1249.11,1239.63,1249.11,331281862,VNINDEX
2025-01-20,1250.03,1253.02,1247.5,1249.55,331206750,VNINDEX
2025-01-21,1252.75,1254.17,1243.08,1246.09,353722909,VNINDEX
2025-01-22,1248.26,1249.14,1242.53,1242.53,374183309,VNINDEX
2025-01-23,1245.59,1263.59,1244.77,1259.63,448550346,VNINDEX
2025-01-24,1259.26,1265.38,1258.46,1265.05,456657167,VNINDEX
2025-02-03,1259.09,1259.09,1249.78,1253.03,462591784,VNINDEX
2025-02-04,1256.91,1264.68,1255.44,1264.68,541783695,VNINDEX
2025-02-05,1268.43,1271.8,1266.18,1269.61,490473888,VNINDEX
2025-02-06,1273.58,1275.47,1268.28,1271.48,489762130,VNINDEX
2025-02-07,1271.98,1279.35,1269.12,1275.2,503342974,VNINDEX
2025-02-10,1272.27,1274.47,1263.26,1263.26,652223852,VNINDEX
2025-02-11,1265.44,1268.45,1263.11,1268.45,525259444,VNINDEX
2025-02-12,1270.83,1272.86,1266.59,1266.91,424173879,VNINDEX
2025-02-13,1267.25,1270.67,1263.85,1270.35,422929502,VNINDEX
2025-02-14,1277.52,1280.6,1274.0,1276.08,572553338,VNINDEX
2025-02-17,1277.12,1278.49,1272.72,1272.72,703389002,VNINDEX
2025-02-18,1274.05,1283.34,1272.19,1278.14,576613065,VNINDEX
2025-02-19,1280.6,1288.56,1278.92,1288.56,691882854,VNINDEX
2025-02-20,1292.94,1295.82,1290.84,1292.98,665568367,VNINDEX
2025-02-21,1293.63,1296.75,1290.98,1296.75,615945439,VNINDEX
2025-02-24,1298.39,1304.56,1294.69,1304.56,745383925,VNINDEX
2025-02-25,1306.86,1309.97,1298.54,1303.16,764641989,VNINDEX
2025-02-26,1305.16,1306.49,1301.2,1302.96,659793287,VNINDEX
2025-02-27,1307.31,1307.87,1296.43,1307.8,796881038,VNINDEX
2025-02-28,1307.14,1308.77,1300.66,1305.36,713323836,VNINDEX
2025-03-03,1306.97,1309.77,1304.3,1309.37,748242113,VNINDEX
2025-03-04,1306.82,1313.21,1298.28,1311.91,872086925,VNINDEX
2025-03-05,1312.84,1319.52,1304.71,1304.71,711384061,VNINDEX
2025-03-06,1308.02,1318.22,1307.91,1318.22,926189171,VNINDEX
2025-03-07,1320.08,1327.07,1318.71,1326.05,825175457,VNINDEX
2025-03-10,1331.6,1335.87,1326.51,1330.28,801944906,VNINDEX
2025-03-11,1319.17,1332.54,1315.92,1332.54,791992117,VNINDEX
2025-03-12,1337.63,1342.91,1331.75,1334.41,811987921,VNINDEX
2025-03-13,1335.66,1340.91,1324.87,1326.27,927789782,VNINDEX
2025-03-14,1325.84,1333.32,1324.3,1326.15,872541760,VNINDEX
2025-03-17,1330.62,1336.26,1329.05,1336.26,780751957,VNINDEX
2025-03-18,1340.16,1341.65,1330.97,1330.97,759403354,VNINDEX
2025-03-19,1330.4,1330.7,1320.85,1324.63,768370525,VNINDEX
2025-03-20,1326.8,1332.41,1316.11,1323.93,783924251,VNINDEX
2025-03-21,1324.0,1325.22,1320.67,1321.88,673776859,VNINDEX
2025-03-24,1322.9,1330.32,1316.73,1330.32,737479570,VNINDEX
2025-03-25,1335.29,1337.6,1329.81,1331.92,772470386,VNINDEX
2025-03-26,1333.33,1338.55,1323.69,1326.09,672071249,VNINDEX
2025-03-27,1325.98,1328.82,1323.01,1323.81,522142993,VNINDEX
2025-03-28,1324.42,1325.34,1315.72,1317.46,601970197,VNINDEX
2025-03-31,1313.51,1314.09,1304.1,1306.86,706353460,VNINDEX
2025-04-01,1313.03,1317.46,1308.06,1317.33,516351102,VNINDEX
2025-04-02,1321.53,1324.46,1317.68,1317.83,668744030,VNINDEX
2025-04-03,1272.87,1277.9,1229.41,1229.84,1594166624,VNINDEX
2025-04-04,1159.33,1210.67,1158.17,1210.67,1777882039,VNINDEX
2025-04-08,1173.14,1174.4,1130.98,1132.79,989102100,VNINDEX
2025-04-09,1073.61,1141.35,1073.61,1094.3,1464120095,VNINDEX
2025-04-10,1166.09,1168.4,1165.86,1168.34,215166632,VNINDEX
2025-04-11,1185.86,1222.46,1180.59,1222.46,1617665830,VNINDEX
2025-04-14,1235.01,1242.94,1226.06,1241.44,913684312,VNINDEX
2025-04-15,1232.64,1246.21,1221.75,1227.79,939049220,VNINDEX
2025-04-16,1225.29,1233.84,1205.93,1210.3,713035992,VNINDEX
2025-04-17,1201.63,1217.25,1197.5,1217.25,657997453,VNINDEX
2025-04-18,1228.37,1234.67,1219.12,1219.12,977508165,VNINDEX
2025-04-21,1220.38,1222.77,1201.63,1207.07,771247128,VNINDEX
2025-04-22,1201.38,1203.82,1136.98,1197.13,1551077089,VNINDEX
2025-04-23,1215.65,1216.28,1202.27,1211.0,732740068,VNINDEX
2025-04-24,1214.78,1224.66,1210.37,1223.35,700062627,VNINDEX
2025-04-25,1227.16,1230.72,1220.67,1229.23,747261510,VNINDEX
2025-04-28,1234.3,1234.3,1222.56,1226.8,542916481,VNINDEX
2025-04-29,1227.25,1229.1,1222.3,1226.3,523225174,VNINDEX
2025-05-05,1233.97,1241.51,1226.3,1240.05,562828082,VNINDEX
2025-05-06,1244.3,1251.02,1240.05,1241.95,723833572,VNINDEX
2025-05-07,1241.1,1250.79,1240.2,1250.37,696862360,VNINDEX
2025-05-08,1255.34,1271.44,1250.37,1269.8,780781448,VNINDEX
2025-05-09,1274.5,1279.61,1264.87,1267.3,696772993,VNINDEX
2025-05-12,1272.92,1283.86,1267.3,1283.26,833318839,VNINDEX
2025-05-13,1292.75,1293.7,1283.26,1293.43,884922281,VNINDEX
2025-05-14,1295.3,1310.57,1292.34,1309.73,917612165,VNINDEX
2025-05-15,1314.19,1316.16,1301.61,1313.2,1048494927,VNINDEX
2025-05-16,1314.25,1318.03,1299.55,1301.39,850785026,VNINDEX
2025-05-19,1293.61,1306.2,1291.66,1296.29,832210897,VNINDEX
2025-05-20,1298.62,1316.67,1296.29,1315.15,864044592,VNINDEX
2025-05-21,1329.83,1331.6,1313.13,1323.05,1000998104,VNINDEX
2025-05-22,1319.97,1331.93,1312.8,1313.84,1119988708,VNINDEX
2025-05-23,1313.93,1320.07,1308.62,1314.46,642508366,VNINDEX
2025-05-26,1317.08,1332.51,1288.86,1332.51,961305387,VNINDEX
2025-05-27,1338.09,1339.81,1329.6,1339.81,1055045239,VNINDEX
2025-05-28,1344.08,1348.05,1337.18,1341.87,899910498,VNINDEX
2025-05-29,1346.68,1348.31,1335.62,1341.86,895953649,VNINDEX
2025-05-30,1342.89,1345.78,1328.69,1332.6,911849296,VNINDEX
2025-06-02,1330.71,1336.33,1322.95,1336.3,860775405,VNINDEX
2025-06-03,1341.31,1350.89,1336.3,1347.25,1035220959,VNINDEX
2025-06-04,1350.52,1351.14,1341.53,1345.74,952672647,VNINDEX
2025-06-05,1346.33,1347.49,1336.11,1342.09,756976552,VNINDEX
2025-06-06,1339.13,1344.92,1325.45,1329.89,901235898,VNINDEX
2025-06-09,1329.66,1331.56,1309.05,1310.57,718708721,VNINDEX
2025-06-10,1307.74,1323.61,1299.94,1316.23,703372014,VNINDEX
2025-06-11,1322.07,1322.07,1306.25,1315.2,546076606,VNINDEX
2025-06-12,1321.25,1326.03,1308.63,1322.99,811549322,VNINDEX
2025-06-13,1313.08,1326.62,1304.12,1315.49,1164364579,VNINDEX
2025-06-16,1313.4,1338.66,1307.37,1338.11,779999910,VNINDEX
2025-06-17,1343.7,1353.01,1338.11,1347.69,763834636,VNINDEX
2025-06-18,1350.17,1353.99,1341.64,1346.83,768168609,VNINDEX
2025-06-19,1346.33,1353.96,1342.08,1352.04,651813682,VNINDEX
2025-06-20,1354.69,1356.78,1342.31,1349.35,779673486,VNINDEX
2025-06-23,1345.24,1358.26,1338.49,1358.18,735461142,VNINDEX
2025-06-24,1365.69,1371.24,1355.53,1366.77,883404856,VNINDEX
2025-06-25,1369.05,1371.57,1364.09,1366.75,734078816,VNINDEX
2025-06-26,1368.73,1372.74,1360.78,1365.67,599210662,VNINDEX
2025-06-27,1369.13,1373.28,1362.09,1371.44,678584222,VNINDEX
2025-06-30,1374.9,1377.3,1371.44,1376.07,637621732,VNINDEX
2025-07-01,1378.14,1382.16,1369.74,1377.84,725894731,VNINDEX
2025-07-02,1377.26,1384.72,1372.27,1384.59,850174592,VNINDEX
2025-07-03,1381.64,1392.39,1377.06,1381.96,1316396602,VNINDEX
2025-07-04,1385.19,1388.04,1379.4,1386.97,835995342,VNINDEX
2025-07-07,1393.34,1402.32,1386.97,1402.06,1231774285,VNINDEX
2025-07-08,1407.07,1415.65,1400.79,1415.46,1177502304,VNINDEX
2025-07-09,1421.12,1432.29,1415.46,1431.32,1433794349,VNINDEX
2025-07-10,1437.13,1446.16,1431.32,1445.64,1074311106,VNINDEX
2025-07-11,1451.12,1463.91,1445.64,1457.76,1235944706,VNINDEX
2025-07-14,1471.4,1473.93,1447.72,1470.42,1259872146,VNINDEX
2025-07-15,1473.8,1476.32,1460.16,1460.65,1336267013,VNINDEX
2025-07-16,1459.87,1475.47,1457.04,1475.47,1221312100,VNINDEX
2025-07-17,1481.85,1494.46,1475.47,1490.01,1408347353,VNINDEX
2025-07-18,1497.53,1501.2,1484.29,1497.28,1461671359,VNINDEX
2025-07-21,1508.6,1511.96,1481.37,1485.05,1390409164,VNINDEX
2025-07-22,1485.26,1509.54,1476.61,1509.54,1232141283,VNINDEX
2025-07-23,1519.58,1523.37,1507.14,1512.31,1440191422,VNINDEX
2025-07-24,1520.25,1525.32,1502.82,1521.02,1391387058,VNINDEX
2025-07-25,1521.56,1534.51,1519.79,1531.13,1406847721,VNINDEX
2025-07-28,1541.82,1558.12,1531.13,1557.42,1789006045,VNINDEX
2025-07-29,1562.6,1566.74,1490.24,1493.41,2644459187,VNINDEX
2025-07-30,1500.23,1512.15,1482.45,1507.63,1640423968,VNINDEX
2025-07-31,1521.96,1528.66,1488.3,1502.52,1652085886,VNINDEX
2025-08-01,1506.88,1509.22,1479.98,1495.21,1383202505,VNINDEX
2025-08-04,1493.37,1528.21,1491.11,1528.19,1229695208,VNINDEX
2025-08-05,1547.19,1584.98,1519.08,1547.15,2698901575,VNINDEX
2025-08-06,1558.56,1574.34,1547.15,1573.71,1329752984,VNINDEX
2025-08-07,1587.84,1588.38,1567.72,1581.81,1610898102,VNINDEX
2025-08-08,1589.58,1592.52,1565.45,1584.95,1820837623,VNINDEX
2025-08-11,1590.98,1601.79,1584.95,1596.86,1590494840,VNINDEX
2025-08-12,1603.5,1608.23,1591.18,1608.22,1646679881,VNINDEX
2025-08-13,1615.57,1616.99,1585.54,1611.6,1954057759,VNINDEX
2025-08-14,1623.18,1641.28,1619.76,1640.69,1818449345,VNINDEX
2025-08-15,1658.24,1665.97,1615.26,1630.0,2072101334,VNINDEX
2025-08-18,1638.37,1642.71,1625.61,1636.37,1606149815,VNINDEX
2025-08-19,1646.73,1665.48,1643.04,1654.2,1933110149,VNINDEX
2025-08-20,1662.11,1665.54,1614.6,1664.36,2411541300,VNINDEX
2025-08-21,1674.76,1693.68,1672.26,1688.0,1716580207,VNINDEX
2025-08-22,1680.42,1689.3,1629.49,1645.47,2293777647,VNINDEX
2025-08-25,1659.7,1660.49,1608.53,1614.03,1524727856,VNINDEX
2025-08-26,1611.61,1667.96,1603.73,1667.63,1439338154,VNINDEX
2025-08-27,1678.54,1696.6,1668.24,1672.78,1562452835,VNINDEX
2025-08-28,1679.33,1684.16,1659.68,1680.86,1190991833,VNINDEX
2025-08-29,1690.11,1694.42,1678.57,1682.21,1522606385,VNINDEX
2025-09-03,1682.11,1685.73,1670.39,1681.3,1305793226,VNINDEX
2025-09-04,1687.59,1696.29,1675.95,1696.29,1375273973,VNINDEX
2025-09-05,1705.13,1711.49,1665.45,1666.97,1696082766,VNINDEX
2025-09-08,1660.91,1667.36,1624.53,1624.53,1904992565,VNINDEX
2025-09-09,1629.58,1637.32,1613.01,1637.32,1129244291,VNINDEX
2025-09-10,1646.41,1646.49,1629.29,1643.26,1009393499,VNINDEX
2025-09-11,1638.75,1659.19,1605.76,1657.75,1271916658,VNINDEX
2025-09-12,1662.02,1670.62,1653.79,1667.26,1121358725,VNINDEX
2025-09-15,1672.59,1684.9,1668.09,1684.9,1242826634,VNINDEX
2025-09-16,1696.87,1696.87,1677.03,1680.9,1330973777,VNINDEX
2025-09-17,1678.09,1684.62,1666.27,1670.97,1071506811,VNINDEX
2025-09-18,1675.85,1679.63,1653.89,1665.18,915010851,VNINDEX
2025-09-19,1671.24,1671.77,1638.44,1658.62,927990635,VNINDEX
2025-09-22,1656.66,1659.13,1616.02,1634.45,1212478380,VNINDEX
2025-09-23,1635.12,1643.59,1626.65,1635.26,797233705,VNINDEX
2025-09-24,1635.36,1657.46,1619.09,1657.46,998074719,VNINDEX
2025-09-25,1661.08,1668.21,1654.47,1666.09,995617724,VNINDEX
2025-09-26,1666.68,1671.43,1657.94,1660.7,963931987,VNINDEX
2025-09-29,1659.24,1674.84,1655.03,1666.48,932831470,VNINDEX
2025-09-30,1667.86,1676.8,1645.97,1661.7,1144254133,VNINDEX
2025-10-01,1664.95,1671.07,1658.75,1665.05,721205372,VNINDEX
2025-10-02,1668.04,1679.73,1650.87,1652.71,781183333,VNINDEX
2025-10-03,1651.39,1654.6,1638.08,1645.82,860615053,VNINDEX
2025-10-06,1673.16,1695.5,1664.17,1695.5,1087044888,VNINDEX
2025-10-07,1703.9,1703.9,1678.66,1685.3,879953011,VNINDEX
2025-10-08,1701.06,1704.42,1680.87,1697.83,1067425184,VNINDEX
2025-10-09,1702.76,1717.65,1699.17,1716.47,1100211459,VNINDEX
2025-10-10,1725.27,1747.57,1721.76,1747.55,1072926114,VNINDEX
2025-10-13,1738.23,1766.77,1736.03,1765.12,1336021435,VNINDEX
2025-10-14,1782.97,1794.58,1755.64,1761.06,1561254359,VNINDEX
2025-10-15,1766.12,1773.73,1748.9,1757.95,1186599106,VNINDEX
2025-10-16,1764.51,1768.45,1753.5,1766.85,1181490730,VNINDEX
2025-10-17,1771.61,1771.61,1727.77,1731.19,1272671767,VNINDEX
2025-10-20,1723.59,1727.11,1636.43,1636.43,1706768838,VNINDEX
2025-10-21,1640.8,1677.11,1622.37,1663.43,1583235455,VNINDEX
2025-10-22,1678.82,1678.82,1628.37,1678.5,995959634,VNINDEX
2025-10-23,1680.73,1698.01,1669.78,1687.06,753331212,VNINDEX
2025-10-24,1684.88,1691.69,1660.32,1683.18,952237808,VNINDEX
2025-10-27,1696.45,1697.16,1652.54,1652.54,969578406,VNINDEX
2025-10-28,1647.86,1680.5,1621.52,1680.5,933803962,VNINDEX
2025-10-29,1685.9,1695.99,1675.68,1685.83,898809223,VNINDEX
2025-10-30,1688.83,1690.69,1661.92,1669.57,796977133,VNINDEX
2025-10-31,1669.61,1669.61,1636.62,1639.65,846392672,VNINDEX
2025-11-03,1644.56,1652.48,1617.0,1617.0,1012509465,VNINDEX
2025-11-04,1618.02,1658.93,1600.56,1651.98,1198941757,VNINDEX
2025-11-05,1647.46,1659.58,1640.51,1654.89,662264267,VNINDEX
2025-11-06,1656.67,1658.69,1638.12,1642.64,583918596,VNINDEX
2025-11-07,1636.24,1638.59,1595.34,1599.1,846874733,VNINDEX
2025-11-10,1598.02,1609.49,1580.54,1580.54,733963463,VNINDEX
2025-11-11,1585.32,1597.08,1578.42,1593.61,664598578,VNINDEX
2025-11-12,1599.63,1631.86,1596.43,1631.86,757596568,VNINDEX
2025-11-13,1632.64,1638.98,1626.14,1631.44,699139664,VNINDEX
2025-11-14,1627.45,1638.35,1623.03,1635.46,703912296,VNINDEX
2025-11-17,1640.47,1654.42,1640.47,1654.42,766684998,VNINDEX
2025-11-18,1657.43,1660.41,1647.64,1659.92,773781151,VNINDEX
2025-11-19,1659.25,1661.51,1643.04,1649.0,850211293,VNINDEX
2025-11-20,1651.93,1660.55,1647.79,1655.99,681094934,VNINDEX
2025-11-21,1646.36,1656.84,1635.1,1654.93,730536641,VNINDEX
2025-11-24,1656.03,1674.29,1656.01,1667.98,576494405,VNINDEX
2025-11-25,1670.08,1676.7,1657.77,1660.36,912568955,VNINDEX
2025-11-26,1667.31,1682.17,1663.99,1680.36,794445051,VNINDEX
2025-11-27,1686.03,1695.34,1681.08,1684.32,714132340,VNINDEX
2025-11-28,1683.77,1696.14,1679.12,1690.99,723199925,VNINDEX
2025-12-01,1698.98,1713.77,1697.38,1701.67,633506422,VNINDEX
2025-12-02,1704.84,1719.03,1690.36,1717.06,693931904,VNINDEX
2025-12-03,1725.9,1741.65,1714.9,1731.77,822614056,VNINDEX
2025-12-04,1735.41,1741.71,1725.23,1737.24,894123127,VNINDEX
2025-12-05,1755.72,1758.44,1738.3,1741.32,658094976,VNINDEX
2025-12-08,1757.42,1758.41,1746.03,1753.74,740943400,VNINDEX
2025-12-09,1772.03,1772.03,1724.66,1747.17,973849509,VNINDEX
2025-12-10,1748.82,1748.82,1713.64,1718.98,647038643,VNINDEX
2025-12-11,1710.28,1718.84,1690.82,1698.9,592555601,VNINDEX
2025-12-12,1702.72,1702.73,1638.48,1646.89,919272724,VNINDEX
2025-12-15,1645.87,1665.65,1636.82,1646.01,684864300,VNINDEX
2025-12-16,1647.42,1689.07,1629.37,1679.18,832044428,VNINDEX
2025-12-17,1680.18,1683.95,1668.19,1673.66,612255424,VNINDEX
2025-12-18,1675.54,1676.98,1665.21,1676.98,677428400,VNINDEX
2025-12-19,1678.72,1705.76,1677.67,1704.31,776738534,VNINDEX
2025-12-22,1717.42,1751.03,1712.48,1751.03,980004438,VNINDEX
2025-12-23,1765.0,1778.18,1763.52,1772.15,859542980,VNINDEX
2025-12-24,1782.71,1784.98,1753.65,1782.82,808080310,VNINDEX
2025-12-25,1779.19,1805.93,1742.85,1742.85,830259375,VNINDEX
2025-12-26,1706.39,1730.99,1687.14,1729.8,1081379964,VNINDEX
2025-12-29,1733.39,1754.84,1731.63,1754.84,681132121,VNINDEX
2025-12-30,1758.45,1766.9,1740.07,1766.9,639630103,VNINDEX
2025-12-31,1760.81,1787.75,1760.14,1784.49,704538818,VNINDEX
2026-01-05,1787.13,1797.4,1775.19,1788.4,870442791,VNINDEX
2026-01-06,1795.57,1817.06,1790.44,1816.27,956959249,VNINDEX
2026-01-07,1832.23,1861.58,1819.17,1861.58,1014370947,VNINDEX
2026-01-08,1880.81,1888.33,1850.11,1855.56,1262265120,VNINDEX
2026-01-09,1861.02,1880.16,1853.16,1867.9,1300275020,VNINDEX
2026-01-12,1880.38,1887.92,1868.89,1877.33,1380092734,VNINDEX
2026-01-13,1873.93,1910.69,1871.79,1902.93,1343676537,VNINDEX
2026-01-14,1910.32,1918.46,1870.87,1894.44,1423913258,VNINDEX
2026-01-15,1883.7,1884.19,1845.95,1864.8,1237786766,VNINDEX
2026-01-16,1875.14,1901.22,1874.6,1879.13,1021323506,VNINDEX
2026-01-19,1894.67,1898.24,1874.69,1896.59,1163188480,VNINDEX
2026-01-20,1904.58,1915.11,1884.6,1893.78,1078094824,VNINDEX
2026-01-21,1876.96,1894.22,1859.25,1885.44,1204631813,VNINDEX
2026-01-22,1895.08,1904.56,1874.81,1882.73,1058940345,VNINDEX
2026-01-23,1890.39,1898.83,1866.87,1870.79,888764058,VNINDEX
2026-01-26,1876.81,1879.45,1833.21,1843.72,1112553302,VNINDEX
2026-01-27,1843.94,1845.7,1821.79,1830.5,788848818,VNINDEX
2026-01-28,1837.67,1842.61,1793.13,1802.91,1046874107,VNINDEX
2026-01-29,1804.15,1814.98,1797.32,1814.98,723177476,VNINDEX
2026-01-30,1822.1,1831.97,1808.47,1829.04,877814543,VNINDEX
2026-02-02,1824.1,1827.91,1777.85,1806.5,973917373,VNINDEX
2026-02-03,1807.09,1827.22,1805.22,1813.4,985977888,VNINDEX
2026-02-04,1813.87,1813.87,1780.71,1791.43,1053888972,VNINDEX
2026-02-05,1789.14,1800.1,1782.18,1782.56,739892290,VNINDEX
2026-02-06,1768.77,1782.34,1754.39,1755.49,1133423406,VNINDEX
2026-02-09,1769.76,1771.73,1749.87,1754.82,726411658,VNINDEX
2026-02-10,1755.83,1776.24,1741.37,1754.03,920697778,VNINDEX
2026-02-11,1768.18,1799.92,1763.96,1796.85,1146844032,VNINDEX
2026-02-12,1809.01,1816.11,1804.6,1814.09,501048660,VNINDEX
2026-02-13,1818.07,1824.09,1792.91,1824.09,608586792,VNINDEX
2026-02-23,1833.9,1863.13,1833.9,1860.14,756872733,VNINDEX
2026-02-24,1862.18,1867.62,1849.6,1867.62,1002135553,VNINDEX
2026-02-25,1869.49,1876.01,1857.16,1860.91,1156532827,VNINDEX
2026-02-26,1861.32,1882.17,1859.04,1879.64,891033680,VNINDEX
2026-02-27,1883.12,1899.44,1863.36,1880.33,927701241,VNINDEX
2026-03-02,1876.01,1885.18,1844.25,1846.1,1548149985,VNINDEX
2026-03-03,1854.28,1854.28,1808.55,1813.14,1303657670,VNINDEX
2026-03-04,1803.54,1833.33,1766.86,1818.27,1574263001,VNINDEX
2026-03-05,1837.34,1849.01,1806.53,1808.51,1126642399,VNINDEX
2026-03-06,1801.08,1807.31,1767.84,1767.84,1030298190,VNINDEX
2026-03-09,1757.73,1757.73,1650.75,1652.79,1380753348,VNINDEX
2026-03-10,1664.52,1716.62,1651.29,1676.73,1537511997,VNINDEX
2026-03-11,1675.87,1729.67,1675.17,1728.34,997255862,VNINDEX
2026-03-12,1716.62,1725.52,1701.59,1709.61,956735297,VNINDEX
2026-03-13,1697.72,1716.75,1688.67,1696.24,1023068442,VNINDEX
2026-03-16,1701.06,1707.0,1680.7,1693.21,873491825,VNINDEX
2026-03-17,1709.38,1732.31,1708.83,1710.29,887474546,VNINDEX
2026-03-18,1718.3,1742.87,1693.36,1713.83,840316740,VNINDEX
2026-03-19,1700.77,1709.47,1677.09,1699.13,881126066,VNINDEX
2026-03-20,1698.62,1698.62,1628.62,1647.81,961235269,VNINDEX
2026-03-23,1630.11,1636.27,1586.44,1591.17,1103087120,VNINDEX
2026-03-24,1626.34,1630.63,1602.92,1614.77,771713376,VNINDEX
2026-03-25,1634.15,1658.77,1629.73,1658.19,892224038,VNINDEX
2026-03-26,1661.53,1661.6,1634.55,1644.63,806689659,VNINDEX
2026-03-27,1643.89,1673.31,1640.31,1672.8,940097294,VNINDEX
2026-03-30,1646.08,1671.6,1637.58,1662.54,824732178,VNINDEX
2026-03-31,1669.57,1677.83,1663.05,1674.49,929691249,VNINDEX
2026-04-01,1713.92,1715.21,1700.18,1702.93,943330209,VNINDEX
2026-04-02,1706.15,1706.15,1684.47,1694.82,888151216,VNINDEX
2026-04-03,1700.14,1713.95,1679.79,1684.04,772311754,VNINDEX
2026-04-06,1682.09,1693.03,1669.31,1674.99,667956408,VNINDEX
2026-04-07,1677.99,1690.31,1665.36,1677.54,612450752,VNINDEX
2026-04-08,1706.59,1756.55,1706.59,1756.55,1256696748,VNINDEX
2026-04-09,1750.88,1754.77,1736.3,1736.68,1063878313,VNINDEX
2026-04-10,1750.86,1762.84,1747.08,1750.0,961774684,VNINDEX
2026-04-13,1738.57,1765.67,1733.18,1758.96,880376868,VNINDEX
2026-04-14,1775.41,1784.43,1765.52,1775.65,889353867,VNINDEX
2026-04-15,1787.37,1801.89,1786.65,1800.65,948695415,VNINDEX
2026-04-16,1806.2,1824.03,1799.18,1819.83,1000724970,VNINDEX
2026-04-17,1832.33,1846.19,1814.47,1817.17,742281201,VNINDEX
2026-04-20,1819.03,1838.74,1802.42,1837.11,690090096,VNINDEX
2026-04-21,1851.84,1866.1,1833.48,1833.48,866640210,VNINDEX
2026-04-22,1834.53,1861.34,1819.21,1857.3,708137323,VNINDEX
2026-04-23,1868.31,1888.99,1855.09,1870.36,1030969130,VNINDEX
2026-04-24,1873.23,1881.93,1843.63,1853.29,673852010,VNINDEX
2026-04-28,1850.07,1887.69,1848.98,1875.84,629723569,VNINDEX
2026-04-29,1878.96,1881.18,1840.58,1854.1,722302348,VNINDEX
2026-05-04,1870.66,1876.8,1840.43,1854.06,692675996,VNINDEX
2026-05-05,1853.08,1875.97,1849.32,1874.85,773453598,VNINDEX
2026-05-06,1881.22,1892.0,1868.92,1891.2,875178670,VNINDEX
2026-05-07,1897.44,1924.95,1896.45,1909.01,961003323,VNINDEX
2026-05-08,1911.15,1921.81,1897.06,1915.37,944197112,VNINDEX
2026-05-11,1918.93,1927.06,1892.1,1895.5,960671699,VNINDEX
2026-05-12,1893.2,1906.64,1871.44,1901.1,733300648,VNINDEX
2026-05-13,1908.77,1908.77,1865.12,1898.37,972787205,VNINDEX
2026-05-14,1896.72,1927.7,1883.98,1925.46,675088585,VNINDEX
2026-05-15,1928.61,1930.58,1909.69,1921.6,744584792,VNINDEX
2026-05-18,1916.56,1932.62,1908.78,1927.94,820722199,VNINDEX
2026-05-19,1933.01,1933.11,1902.87,1912.93,1007594006,VNINDEX
2026-05-20,1907.1,1919.39,1859.22,1913.23,1197618071,VNINDEX
2026-05-21,1920.44,1923.21,1886.62,1896.89,677251003,VNINDEX
2026-05-22,1896.74,1896.74,1856.08,1877.13,854173859,VNINDEX
2026-05-25,1876.37,1891.26,1876.37,1886.03,702575224,VNINDEX
2026-05-26,1889.15,1889.15,1876.32,1884.18,729758151,VNINDEX
2026-05-27,1889.87,1889.87,1861.85,1874.43,830501943,VNINDEX
2026-05-28,1869.7,1882.66,1857.25,1863.67,686200721,VNINDEX
2026-05-29,1864.42,1873.17,1854.34,1863.49,688077025,VNINDEX
2026-06-01,1867.44,1871.09,1840.4,1844.54,506972140,VNINDEX
2026-06-02,1845.32,1858.76,1822.32,1826.47,727018675,VNINDEX
2026-06-03,1824.18,1831.65,1798.05,1819.01,722920164,VNINDEX
2026-06-04,1822.08,1831.55,1812.65,1831.55,601316050,VNINDEX
2026-06-05,1833.07,1846.71,1830.37,1838.9,502964274,VNINDEX
2026-06-08,1822.1,1822.95,1789.31,1790.53,714568751,VNINDEX
2026-06-09,1799.21,1800.8,1780.71,1793.05,527110166,VNINDEX
2026-06-10,1793.45,1805.03,1789.48,1803.71,625012446,VNINDEX
2026-06-11,1793.15,1801.99,1788.64,1798.61,410733903,VNINDEX
2026-06-12,1813.07,1813.57,1788.56,1791.65,640199320,VNINDEX
2026-06-15,1804.24,1810.41,1775.72,1799.31,792064448,VNINDEX
2026-06-16,1808.56,1811.59,1799.86,1807.94,672837809,VNINDEX
2026-06-17,1797.41,1808.57,1787.89,1806.2,821620763,VNINDEX
2026-06-18,1822.37,1836.4,1819.62,1830.47,633590659,VNINDEX
2026-06-19,1837.38,1838.52,1798.56,1824.53,608253674,VNINDEX
2026-06-22,1827.53,1859.78,1822.58,1857.91,517581557,VNINDEX
2026-06-23,1871.92,1886.6,1863.4,1869.04,945417301,VNINDEX
2026-06-24,1873.19,1894.75,1861.72,1878.02,633056398,VNINDEX
2026-06-25,1878.71,1880.16,1854.08,1863.07,490618259,VNINDEX
2026-06-26,1857.24,1873.91,1854.94,1871.91,533612987,VNINDEX
2026-06-29,1868.64,1869.52,1852.2,1854.97,599912666,VNINDEX
2026-06-30,1855.67,1863.14,1844.66,1860.01,692765051,VNINDEX
2026-07-01,1859.96,1871.68,1859.68,1867.21,615059624,VNINDEX
2026-07-02,1869.87,1873.87,1863.75,1866.35,565120875,VNINDEX
2026-07-03,1867.17,1872.98,1857.28,1862.08,610754645,VNINDEX
2026-07-06,1873.24,1873.58,1829.05,1843.5,798795216,VNINDEX
2026-07-07,1840.69,1848.25,1825.79,1848.25,555740727,VNINDEX
2026-07-08,1847.42,1855.74,1842.19,1853.7,665008700,VNINDEX
2026-07-09,1843.01,1850.56,1838.26,1840.7,587308279,VNINDEX
2026-07-10,1840.33,1845.86,1827.5,1828.34,592728766,VNINDEX
2026-07-13,1829.5,1829.5,1781.45,1800.54,849625055,VNINDEX
2026-07-14,1793.23,1806.63,1774.22,1806.63,564797508,VNINDEX
2026-07-15,1805.93,1805.93,1776.83,1782.12,607367371,VNINDEX
2026-07-16,1772.52,1804.3,1757.42,1804.24,788701791,VNINDEX
2026-07-17,1801.89,1803.14,1780.3,1787.45,436669396,VNINDEX
2026-07-20,1782.93,1783.83,1736.43,1743.51,862568937,VNINDEX
2026-07-21,1733.44,1750.3,1722.55,1730.56,789069211,VNINDEX
2026-07-22,1729.33,1736.91,1666.43,1668.53,915046404,VNINDEX
2026-07-23,1664.5,1703.48,1658.35,1699.38,864451379,VNINDEX
2026-07-24,1683.23,1696.78,1674.64,1686.11,589610571,VNINDEX
2026-07-27,1694.78,1700.69,1667.66,1669.01,635422543,VNINDEX
2026-07-28,1653.51,1684.54,1651.2,1680.62,805989839,VNINDEX
2026-07-29,1682.72,1704.68,1675.19,1704.68,560537690,VNINDEX
2026-07-30,1703.94,1744.8,1701.14,1744.66,857446407,VNINDEX
2026-07-31,1764.45,1764.45,1708.61,1735.78,762488640,VNINDEX
2026-08-03,1745.06,1767.58,1737.26,1762.84,770849127,VNINDEX
2026-08-04,1764.98,1777.23,1759.64,1777.23,686936880,VNINDEX
2026-08-05,1784.94,1790.87,1769.44,1776.46,759304437,VNINDEX
2026-08-06,1784.65,1784.65,1762.34,1764.78,579915937,VNINDEX
2026-08-07,1761.23,1774.61,1756.07,1768.06,660590646,VNINDEX
2026-08-10,1775.79,1785.38,1759.06,1776.77,732713082,VNINDEX
2026-08-11,1781.08,1789.35,1766.4,1773.41,640887832,VNINDEX
2026-08-12,1776.63,1794.01,1770.63,1793.18,573008948,VNINDEX
2026-08-13,1793.81,1798.79,1762.96,1765.63,750529815,VNINDEX
2026-08-14,1763.6,1763.6,1717.64,1729.08,737513274,VNINDEX
2026-08-17,1727.81,1735.2,1715.91,1727.46,522025005,VNINDEX
2026-08-18,1727.62,1750.86,1724.33,1732.02,550472662,VNINDEX
2026-08-19,1732.02,1734.39,1719.16,1726.69,582684342,VNINDEX
2026-08-20,1735.56,1742.38,1729.48,1734.24,464412231,VNINDEX
2026-08-21,1733.52,1768.31,1725.4,1768.12,783548119,VNINDEX
2026-08-24,1787.54,1795.38,1778.4,1788.78,880154054,VNINDEX
2026-08-25,1792.19,1812.18,1785.22,1791.41,839735691,VNINDEX
2026-08-26,1789.43,1821.32,1787.8,1821.32,731185942,VNINDEX
2026-08-27,1821.82,1838.25,1815.42,1831.56,610848504,VNINDEX
2026-08-28,1833.27,1838.2,1819.16,1832.12,643935725,VNINDEX
2026-09-03,1821.82,1829.84,1802.11,1827.72,633349761,VNINDEX
2026-09-04,1829.66,1862.63,1829.66,1853.08,618685672,VNINDEX
2026-09-07,1857.32,1874.48,1821.64,1821.64,643819662,VNINDEX
2026-09-08,1820.75,1831.31,1814.5,1830.44,559481540,VNINDEX
2026-09-09,1836.98,1848.17,1822.63,1827.12,566830089,VNINDEX
2026-09-10,1825.79,1834.96,1812.98,1829.23,484570078,VNINDEX
2026-09-11,1820.11,1822.44,1795.21,1795.21,697692122,VNINDEX
2026-09-14,1792.67,1799.1,1776.85,1788.23,823996368,VNINDEX
2026-09-15,1795.12,1812.07,1794.76,1811.15,642481052,VNINDEX
2026-09-16,1812.96,1816.26,1805.2,1810.11,592811094,VNINDEX
2026-09-17,1802.79,1830.35,1801.42,1822.77,720906040,VNINDEX
2026-09-18,1835.32,1841.2,1815.66,1815.66,881177232,VNINDEX
2026-09-21,1829.03,1829.03,1786.37,1799.67,656135072,VNINDEX
2026-09-22,1798.9,1816.93,1787.62,1816.93,539309659,VNINDEX
2026-09-23,1818.06,1822.67,1801.65,1801.65,669616162,VNINDEX
2026-09-24,1801.07,1801.07,1772.24,1775.09,654700369,VNINDEX
2026-09-25,1773.36,1796.29,1771.57,1785.11,624262395,VNINDEX
2026-09-28,1786.73,1788.0,1763.62,1780.68,676734527,VNINDEX
2022-06-20,1200.28,1205.64,1162.12,1164.33,440780139,VN100
2022-06-21,1164.33,1172.84,1146.33,1155.46,46278396,VN100
2022-06-22,1155.46,1171.76,1153.99,1161.32,379972360,VN100
2022-06-23,1161.32,1181.06,1155.29,1181.06,287745109,VN100
2022-06-24,1181.06,1188.88,1178.27,1178.27,15931986,VN100
2022-06-27,1178.27,1197.34,1178.27,1197.34,45670298,VN100
2022-06-28,1197.34,1215.5,1191.87,1214.12,38710007,VN100
2022-06-29,1214.12,1216.96,1201.87,1214.42,358996915,VN100
2022-06-30,1214.42,1217.36,1189.5,1189.5,334669518,VN100
2022-07-01,1189.5,1197.9,1163.83,1194.16,328058608,VN100
2022-07-04,1198.73,1204.95,1188.34,1192.85,292176159,VN100
2022-07-05,1192.85,1197.74,1180.14,1181.62,99793410,VN100
2022-07-06,1181.62,1181.62,1151.69,1151.69,365936696,VN100
2022-07-07,1151.69,1167.22,1147.04,1167.22,262404470,VN100
2022-07-08,1167.22,1178.58,1167.22,1174.34,319746100,VN100
2022-07-11,1174.34,1174.34,1146.24,1155.08,355301357,VN100
2022-07-12,1155.08,1171.95,1152.4,1171.95,329682746,VN100
2022-07-13,1171.95,1178.66,1167.54,1169.68,325051685,VN100
2022-07-14,1169.68,1177.39,1164.36,1176.26,337933802,VN100
2022-07-15,1176.26,1184.65,1173.3,1174.82,404358767,VN100
2022-07-18,1174.82,1181.09,1169.42,1171.29,331919344,VN100
2022-07-19,1171.29,1172.46,1161.39,1170.45,321779040,VN100
2022-07-20,1170.45,1190.45,1170.45,1185.85,379491565,VN100
2022-07-21,1185.85,1197.53,1185.85,1192.74,335850988,VN100
2022-07-22,1192.74,1199.31,1187.53,1187.53,301605758,VN100
2022-07-25,1187.53,1188.54,1177.08,1180.43,274390251,VN100
2022-07-26,1180.43,1184.87,1174.67,1175.15,282245105,VN100
2022-07-27,1175.15,1179.45,1168.67,1179.45,288341399,VN100
2022-07-28,1179.45,1201.57,1179.45,1196.16,440775875,VN100
2022-07-29,1196.16,1202.07,1191.79,1191.79,394334755,VN100
2022-08-01,1191.79,1216.7,1191.79,1216.7,497116690,VN100
2022-08-02,1216.7,1224.79,1211.35,1224.3,493622640,VN100
2022-08-03,1224.3,1231.63,1215.25,1230.97,541493419,VN100
2022-08-04,1230.97,1240.28,1229.61,1234.97,475476380,VN100
2022-08-05,1234.97,1234.97,1226.16,1233.39,427893250,VN100
2022-08-08,1233.39,1241.09,1232.24,1238.1,425668272,VN100
2022-08-09,1238.1,1246.17,1236.26,1242.37,463339107,VN100
2022-08-10,1242.37,1244.4,1238.11,1239.31,432454922,VN100
2022-08-11,1239.31,1251.59,1226.38,1231.47,529949440,VN100
2022-08-12,1231.47,1241.68,1227.12,1241.68,364038680,VN100
2022-08-15,1247.33,1255.91,1247.33,1255.46,449520173,VN100
2022-08-16,1255.46,1258.97,1253.03,1257.15,429131373,VN100
2022-08-17,1257.15,1264.2,1255.79,1259.04,471479637,VN100
2022-08-18,1259.04,1266.85,1252.48,1256.97,399316917,VN100
2022-08-19,1256.97,1260.67,1245.97,1251.55,397970425,VN100
2022-08-22,1251.55,1253.08,1238.08,1244.03,371501265,VN100
2022-08-23,1244.03,1253.82,1234.81,1253.82,369654177,VN100
2022-08-24,1253.82,1262.31,1253.82,1258.71,402304112,VN100
2022-08-25,1258.71,1272.24,1258.71,1272.19,413410564,VN100
2022-08-26,1272.19,1278.58,1264.37,1266.72,449030704,VN100
2022-08-29,1266.72,1266.72,1231.64,1253.51,580507324,VN100
2022-08-30,1253.51,1265.71,1251.75,1254.53,363416466,VN100
2022-08-31,1254.53,1261.93,1249.39,1258.36,327727181,VN100
2022-09-05,1258.36,1262.7,1253.31,1256.38,368007450,VN100
2022-09-06,1256.38,1265.01,1256.38,1257.32,397225232,VN100
2022-09-07,1257.32,1257.32,1223.85,1223.85,597372081,VN100
2022-09-08,1223.85,1232.63,1217.15,1217.15,385100100,VN100
2022-09-09,1217.15,1230.24,1209.0,1230.24,418579281,VN100
2022-09-12,1230.24,1238.33,1228.83,1228.83,280127046,VN100
2022-09-13,1228.83,1232.21,1223.6,1228.07,345970606,VN100
2022-09-14,1228.07,1228.07,1208.4,1222.37,434575468,VN100
2022-09-15,1222.37,1230.88,1222.37,1224.43,297851938,VN100
2022-09-16,1224.43,1224.85,1206.7,1210.14,430861274,VN100
2022-09-19,1210.14,1211.05,1179.52,1182.99,482248380,VN100
2022-09-20,1182.99,1196.7,1176.84,1196.7,321577795,VN100
2022-09-21,1196.7,1196.7,1181.25,1185.93,268397727,VN100
2022-09-22,1185.93,1190.39,1171.3,1190.39,316310097,VN100
2022-09-23,1190.39,1192.39,1176.01,1177.67,307590296,VN100
2022-09-26,1177.67,1177.67,1131.76,1145.19,518874517,VN100
2022-09-27,1145.19,1152.18,1139.25,1140.16,309525132,VN100
2022-09-28,1140.16,1140.16,1119.19,1120.32,332605200,VN100
2022-09-29,1120.32,1136.4,1105.85,1105.85,327886116,VN100
2022-09-30,1105.85,1114.38,1080.28,1109.45,505532543,VN100
2022-10-03,1109.45,1109.45,1054.32,1058.77,379736740,VN100
2022-10-04,1058.77,1074.96,1043.86,1049.46,402817437,VN100
2022-10-05,1049.46,1082.57,1049.46,1074.28,308373934,VN100
2022-10-06,1074.28,1077.68,1036.87,1039.57,368420276,VN100
2022-10-07,1039.57,1039.57,986.79,999.39,636986345,VN100
2022-10-10,999.39,1012.42,973.93,1002.68,528841028,VN100
2022-10-11,1002.68,1002.68,953.74,965.37,491751824,VN100
2022-10-12,965.37,1001.62,961.81,998.27,431736558,VN100
2022-10-13,998.27,1011.97,987.72,1011.97,323862347,VN100
2022-10-14,1011.97,1032.97,1011.97,1024.4,489352419,VN100
2022-10-17,1024.4,1024.4,996.45,1016.72,343034302,VN100
2022-10-18,1016.72,1035.55,1016.72,1025.94,364085508,VN100
2022-10-19,1025.94,1028.97,1013.8,1021.57,277136500,VN100
2022-10-20,1021.57,1024.69,1009.02,1017.68,287361402,VN100
2022-10-21,1017.68,1019.1,967.24,975.11,540328100,VN100
2022-10-24,975.11,977.43,928.48,939.43,476184480,VN100
2022-10-25,939.43,968.7,913.78,953.92,555812413,VN100
2022-10-26,953.92,961.52,939.96,950.93,329701951,VN100
2022-10-27,950.93,990.02,946.93,990.02,477300283,VN100
2022-10-28,990.02,1006.28,986.71,989.18,495884601,VN100
2022-10-31,989.18,991.27,960.6,985.36,479880665,VN100
2022-11-01,985.36,1004.41,985.36,993.49,468362914,VN100
2022-11-02,993.49,995.23,978.82,981.76,422943500,VN100
2022-11-03,981.76,985.51,967.73,980.58,314474984,VN100
2022-11-04,980.58,980.58,933.22,954.06,560812400,VN100
2022-11-07,954.06,954.46,923.26,925.89,473887931,VN100
2022-11-08,925.89,932.81,904.23,932.11,501528685,VN100
2022-11-09,932.11,944.13,921.44,929.42,442040893,VN100
2022-11-10,929.42,929.42,877.19,886.76,527587030,VN100
2022-11-11,886.76,906.79,886.76,891.84,531639457,VN100
2022-11-14,891.84,891.84,857.71,874.88,485993600,VN100
2022-11-15,874.88,874.88,832.13,842.48,509482191,VN100
2022-11-16,842.48,875.45,803.8,875.14,773086298,VN100
2022-11-17,875.14,905.25,875.14,901.73,550632710,VN100
2022-11-18,901.73,909.54,875.04,904.47,731474690,VN100
2022-11-21,904.47,907.94,890.96,895.23,431770471,VN100
2022-11-22,895.23,918.22,883.66,889.41,809616630,VN100
2022-11-23,889.41,895.48,878.04,882.33,372688177,VN100
2022-11-24,882.33,885.64,868.45,884.13,385470604,VN100
2022-11-25,884.13,909.27,884.13,909.27,466006464,VN100
2022-11-28,909.27,945.09,909.27,944.64,740932163,VN100
2022-11-29,944.64,968.32,936.9,968.32,875829856,VN100
2022-11-30,974.22,988.24,961.36,988.24,890400902,VN100
2022-12-01,999.69,1012.05,981.05,983.13,970657101,VN100
2022-12-02,978.81,1027.49,976.54,1027.49,821426860,VN100
2022-12-05,1030.96,1052.76,1030.96,1045.23,947575885,VN100
2022-12-06,1042.66,1044.28,998.44,998.44,1059060700,VN100
2022-12-07,998.44,1006.46,980.51,989.35,621445483,VN100
2022-12-08,1001.93,1031.18,999.79,1008.16,673673129,VN100
2022-12-09,1013.9,1019.71,998.9,1011.92,599365473,VN100
2022-12-12,1017.44,1022.61,989.81,989.81,688366467,VN100
2022-12-13,991.99,1008.45,981.44,1008.45,586704135,VN100
2022-12-14,1008.97,1023.04,1006.65,1009.89,588659556,VN100
2022-12-15,1007.99,1024.21,1007.81,1019.55,553248700,VN100
2022-12-16,1019.55,1028.99,1009.45,1018.01,676855125,VN100
2022-12-19,1017.91,1033.49,1004.38,1004.38,704565250,VN100
2022-12-20,1001.9,1004.43,969.35,984.79,776977669,VN100
2022-12-21,994.14,994.64,963.62,983.76,641952667,VN100
2022-12-22,985.02,996.09,979.43,988.7,570715548,VN100
2022-12-23,987.49,989.26,973.9,984.09,407278332,VN100
2022-12-26,984.09,984.09,940.64,940.64,456256877,VN100
2022-12-27,940.64,965.16,937.38,962.45,434096149,VN100
2022-12-28,965.2,977.25,954.3,971.26,464408392,VN100
2022-12-29,971.2,977.11,965.4,965.4,346734313,VN100
2022-12-30,971.63,972.64,963.81,966.09,290315681,VN100
2023-01-03,969.98,1001.87,969.74,1001.87,389764690,VN100
2023-01-04,1005.88,1012.1,1000.67,1004.09,422057100,VN100
2023-01-05,1006.76,1017.35,1003.99,1013.72,384566300,VN100
2023-01-06,1012.79,1025.94,1005.29,1008.96,526447870,VN100
2023-01-09,1016.32,1019.75,1007.55,1010.69,343441575,VN100
2023-01-10,1010.69,1014.72,1001.02,1010.36,402687750,VN100
2023-01-11,1015.76,1024.66,1013.16,1013.71,394439904,VN100
2023-01-12,1017.33,1019.72,1008.01,1013.73,381296429,VN100
2023-01-13,1019.24,1024.0,1011.47,1016.87,534470195,VN100
2023-01-16,1016.87,1022.57,1013.84,1021.42,374839588,VN100
2023-01-17,1023.39,1046.19,1023.39,1046.19,497323766,VN100
2023-01-18,1050.03,1058.36,1047.2,1056.96,411015340,VN100
2023-01-19,1056.96,1065.7,1051.71,1063.59,460866836,VN100
2023-01-27,1070.53,1081.67,1068.6,1072.82,438358700,VN100
2023-01-30,1074.38,1074.68,1059.49,1059.49,549986000,VN100
2023-01-31,1058.06,1069.79,1046.5,1069.79,537473500,VN100
2023-02-01,1072.83,1075.5,1033.58,1033.58,767158552,VN100
2023-02-02,1037.99,1041.42,1025.15,1033.93,443924130,VN100
2023-02-03,1033.93,1037.2,1022.98,1026.48,412186615,VN100
2023-02-06,1026.47,1035.14,1017.02,1035.14,395672658,VN100
2023-02-07,1036.15,1038.58,1011.69,1012.11,493685874,VN100
2023-02-08,1015.45,1023.82,1004.71,1015.19,416714600,VN100
2023-02-09,1013.32,1018.57,1006.33,1006.33,330440864,VN100
2023-02-10,1006.86,1009.27,994.96,995.02,336863716,VN100
2023-02-13,990.27,991.77,968.83,980.97,464952670,VN100
2023-02-14,980.97,985.41,974.5,978.9,289571377,VN100
2023-02-15,977.48,992.67,974.12,987.42,409387800,VN100
2023-02-16,987.42,999.38,985.85,999.38,346525745,VN100
2023-02-17,999.38,1003.79,993.66,999.5,319689599,VN100
2023-02-20,999.25,1030.5,999.25,1030.5,486437043,VN100
2023-02-21,1033.84,1039.53,1024.73,1024.73,464191956,VN100
2023-02-22,1022.33,1022.33,995.9,995.9,537724400,VN100
2023-02-23,994.97,995.61,972.17,995.59,465258140,VN100
2023-02-24,994.35,994.36,974.03,976.6,256206680,VN100
2023-02-27,974.85,974.85,953.14,955.64,389280025,VN100
2023-02-28,955.64,969.48,954.01,959.07,276603747,VN100
2023-03-01,957.75,977.28,947.54,977.28,370121905,VN100
2023-03-02,977.27,981.88,970.78,973.84,259984073,VN100
2023-03-03,974.78,978.66,958.32,959.1,326617428,VN100
2023-03-06,968.97,977.99,961.71,962.16,294843151,VN100
2023-03-07,971.46,980.51,969.54,973.26,352093448,VN100
2023-03-08,964.65,986.6,963.89,986.6,357895172,VN100
2023-03-09,988.48,1000.28,988.02,994.97,448541089,VN100
2023-03-10,989.92,993.38,984.34,991.28,367895317,VN100
2023-03-13,991.28,995.55,984.69,991.19,470566105,VN100
2023-03-14,989.52,991.17,973.47,977.65,464060900,VN100
2023-03-15,981.43,1003.66,981.43,1003.61,457633477,VN100
2023-03-16,996.86,998.53,982.78,988.39,406888202,VN100
2023-03-17,995.13,996.6,985.8,989.57,468824278,VN100
2023-03-20,989.57,989.57,966.64,968.22,432830844,VN100
2023-03-21,974.25,978.23,960.82,978.03,379387069,VN100
2023-03-22,978.39,986.29,978.39,983.59,350229026,VN100
2023-03-23,979.31,988.34,975.64,988.34,335805531,VN100
2023-03-24,991.11,997.13,989.3,992.92,437271840,VN100
2023-03-27,994.17,1000.49,989.55,998.42,411201870,VN100
2023-03-28,1002.85,1005.89,997.76,999.71,456122745,VN100
2023-03-29,1000.8,1001.73,994.43,1001.73,347040100,VN100
2023-03-30,1001.73,1011.45,1001.73,1005.02,485973954,VN100
2023-03-31,1005.44,1014.51,1005.44,1011.42,492782078,VN100
2023-04-03,1018.58,1027.88,1018.58,1027.88,612592940,VN100
2023-04-04,1029.26,1031.62,1024.84,1030.67,559454955,VN100
2023-04-05,1030.53,1033.42,1025.73,1033.42,549398164,VN100
2023-04-06,1035.55,1037.62,1021.66,1021.66,679845447,VN100
2023-04-07,1022.2,1023.82,1015.21,1022.47,450218402,VN100
2023-04-10,1027.06,1032.09,1018.93,1022.17,611311538,VN100
2023-04-11,1020.56,1027.01,1012.89,1027.01,499426330,VN100
2023-04-12,1029.36,1031.34,1025.04,1027.61,536438784,VN100
2023-04-13,1028.83,1029.44,1019.91,1022.47,492913689,VN100
2023-04-14,1026.24,1027.86,1010.47,1010.47,592139095,VN100
2023-04-17,1010.22,1012.6,1006.6,1012.16,316989070,VN100
2023-04-18,1013.76,1015.51,1008.17,1012.66,394237416,VN100
2023-04-19,1015.87,1016.01,1003.74,1004.25,427109075,VN100
2023-04-20,1005.32,1006.68,999.39,1002.69,261203329,VN100
2023-04-21,1002.69,1005.4,994.84,996.18,406034965,VN100
2023-04-24,996.18,1002.6,991.62,994.81,380056934,VN100
2023-04-25,995.34,1000.34,985.6,986.37,363928863,VN100
2023-04-26,985.87,994.02,979.51,994.02,443390922,VN100
2023-04-27,995.83,999.42,991.35,993.27,368417080,VN100
2023-04-28,997.79,1003.66,997.11,1003.66,426352513,VN100
2023-05-04,1000.23,1002.8,993.7,995.02,445147168,VN100
2023-05-05,995.02,997.79,990.61,993.9,399384953,VN100
2023-05-08,997.37,1003.84,997.32,1003.84,453197864,VN100
2023-05-09,1003.95,1007.96,1003.05,1004.65,388241368,VN100
2023-05-10,1006.84,1011.61,1004.82,1011.28,460640511,VN100
2023-05-11,1014.65,1017.15,1010.3,1011.64,485595918,VN100
2023-05-12,1011.64,1020.84,1008.5,1020.84,473751402,VN100
2023-05-15,1021.96,1031.53,1021.0,1021.0,546229610,VN100
2023-05-16,1023.12,1023.85,1017.42,1020.31,466955270,VN100
2023-05-17,1020.26,1023.37,1012.11,1012.11,534823859,VN100
2023-05-18,1012.11,1023.97,1012.11,1018.25,458186072,VN100
2023-05-19,1020.74,1020.74,1010.15,1018.64,505683717,VN100
2023-05-22,1020.69,1025.45,1019.29,1025.45,510373166,VN100
2023-05-23,1026.09,1028.8,1017.52,1021.35,522276549,VN100
2023-05-24,1025.55,1025.56,1014.79,1015.34,573312491,VN100
2023-05-25,1015.34,1017.14,1010.89,1015.2,468785609,VN100
2023-05-26,1017.36,1018.11,1014.97,1016.03,434712561,VN100
2023-05-29,1019.44,1027.47,1019.43,1026.59,546274574,VN100
2023-05-30,1026.59,1031.62,1024.31,1029.93,630697352,VN100
2023-05-31,1030.78,1032.02,1023.58,1026.67,625141941,VN100
2023-06-01,1026.29,1031.53,1022.43,1031.53,536852300,VN100
2023-06-02,1038.61,1049.85,1038.29,1048.15,739075332,VN100
2023-06-05,1058.27,1059.59,1050.2,1051.53,689481926,VN100
2023-06-06,1052.17,1062.83,1050.34,1062.83,610171316,VN100
2023-06-07,1064.83,1067.65,1060.93,1067.08,709152288,VN100
2023-06-08,1069.07,1071.54,1051.85,1051.85,906471883,VN100
2023-06-09,1054.71,1061.58,1048.31,1061.58,638568655,VN100
2023-06-12,1065.42,1069.37,1053.27,1069.37,550844658,VN100
2023-06-13,1071.45,1073.44,1068.49,1073.06,644217336,VN100
2023-06-14,1073.06,1080.87,1067.65,1067.65,648407423,VN100
2023-06-15,1067.13,1069.74,1061.68,1066.33,495091204,VN100
2023-06-16,1066.45,1083.12,1064.18,1066.79,859287977,VN100
2023-06-19,1068.27,1069.63,1058.86,1059.87,541742330,VN100
2023-06-20,1059.87,1067.63,1057.83,1067.63,515969069,VN100
2023-06-21,1067.91,1076.35,1066.34,1076.35,633462149,VN100
2023-06-22,1083.1,1087.01,1080.9,1083.41,681124051,VN100
2023-06-23,1085.4,1091.88,1083.03,1090.58,649736330,VN100
2023-06-26,1090.58,1095.84,1079.14,1093.3,756533308,VN100
2023-06-27,1096.38,1097.15,1089.81,1095.13,508475758,VN100
2023-06-28,1096.42,1101.43,1092.91,1099.6,666830397,VN100
2023-06-29,1100.48,1101.07,1082.94,1082.94,631808405,VN100
2023-06-30,1083.11,1085.32,1079.28,1082.38,439144266,VN100
2023-07-03,1086.62,1089.05,1080.65,1083.86,395028741,VN100
2023-07-04,1084.64,1091.18,1081.62,1091.18,510395821,VN100
2023-07-05,1095.01,1097.84,1092.46,1092.55,588380308,VN100
2023-07-06,1092.71,1094.11,1079.27,1084.46,691616103,VN100
2023-07-07,1082.97,1094.8,1079.45,1094.8,600805571,VN100
2023-07-10,1100.35,1107.2,1098.46,1107.2,644142252,VN100
2023-07-11,1108.01,1116.12,1107.76,1110.47,648558350,VN100
2023-07-12,1112.03,1114.29,1105.97,1110.03,582548802,VN100
2023-07-13,1115.79,1121.98,1115.25,1121.98,579757848,VN100
2023-07-14,1121.98,1127.73,1113.28,1126.56,767435289,VN100
2023-07-17,1131.04,1133.99,1127.97,1131.75,644847283,VN100
2023-07-18,1131.76,1134.42,1127.33,1134.22,602249556,VN100
2023-07-19,1134.22,1138.59,1131.63,1131.63,642839874,VN100
2023-07-20,1131.63,1135.42,1127.26,1135.42,578138380,VN100
2023-07-21,1136.5,1152.83,1135.93,1152.83,762219216,VN100
2023-07-24,1158.86,1161.32,1151.04,1160.4,713464432,VN100
2023-07-25,1162.53,1167.87,1160.35,1163.96,721859685,VN100
2023-07-26,1164.0,1167.79,1160.78,1167.79,654362782,VN100
2023-07-27,1168.37,1172.44,1158.74,1168.08,818091747,VN100
2023-07-28,1168.82,1180.49,1167.22,1180.49,791725539,VN100
2023-07-31,1180.49,1194.82,1180.49,1193.98,819539989,VN100
2023-08-01,1200.8,1201.8,1185.37,1185.37,891042223,VN100
2023-08-02,1184.26,1191.59,1180.29,1188.93,664214264,VN100
2023-08-03,1188.15,1192.54,1178.61,1181.03,740574675,VN100
2023-08-04,1182.18,1201.1,1182.18,1199.74,791366289,VN100
2023-08-07,1199.73,1216.11,1199.73,1216.11,867307628,VN100
2023-08-08,1217.86,1219.83,1210.19,1213.06,754949309,VN100
2023-08-09,1211.29,1213.34,1202.26,1205.98,668782195,VN100
2023-08-10,1207.89,1209.27,1191.59,1192.62,588594255,VN100
2023-08-11,1200.01,1205.46,1185.55,1205.46,652317803,VN100
2023-08-14,1210.39,1215.01,1202.93,1212.71,758727053,VN100
2023-08-15,1212.71,1214.91,1206.29,1210.17,564999639,VN100
2023-08-16,1209.87,1222.23,1208.49,1222.23,626538487,VN100
2023-08-17,1223.41,1225.75,1213.71,1213.71,755238370,VN100
2023-08-18,1206.2,1209.17,1151.55,1153.99,1170325025,VN100
2023-08-21,1153.58,1164.93,1140.78,1155.11,729204539,VN100
2023-08-22,1157.46,1161.51,1122.45,1161.32,730512493,VN100
2023-08-23,1173.73,1174.15,1148.22,1152.13,543535887,VN100
2023-08-24,1152.13,1173.59,1150.47,1173.59,583399571,VN100
2023-08-25,1173.42,1177.89,1166.68,1170.3,647745410,VN100
2023-08-28,1177.02,1191.11,1176.04,1191.11,633155606,VN100
2023-08-29,1194.68,1198.04,1186.45,1194.25,700094096,VN100
2023-08-30,1195.55,1207.64,1194.25,1206.8,607178849,VN100
2023-08-31,1207.91,1218.92,1207.91,1218.92,661862881,VN100
2023-09-05,1226.35,1231.86,1222.0,1228.33,756081544,VN100
2023-09-06,1230.63,1243.04,1222.01,1243.04,783262303,VN100
2023-09-07,1245.56,1253.31,1237.66,1240.42,752482633,VN100
2023-09-08,1238.34,1246.23,1237.23,1239.04,738830763,VN100
2023-09-11,1242.45,1249.5,1217.83,1218.98,946390495,VN100
2023-09-12,1218.96,1244.99,1214.59,1244.99,679377702,VN100
2023-09-13,1249.17,1251.99,1231.47,1237.9,862907472,VN100
2023-09-14,1237.95,1244.64,1221.04,1222.44,794834624,VN100
2023-09-15,1224.56,1234.03,1219.36,1225.85,661787102,VN100
2023-09-18,1225.85,1225.85,1203.51,1211.63,625758556,VN100
2023-09-19,1213.48,1218.39,1199.26,1214.45,727104230,VN100
2023-09-20,1216.37,1231.11,1213.04,1229.75,574576200,VN100
2023-09-21,1229.39,1230.54,1212.55,1213.37,690806935,VN100
2023-09-22,1203.08,1203.08,1168.98,1185.27,1035714395,VN100
2023-09-25,1185.27,1187.28,1139.29,1139.29,786156152,VN100
2023-09-26,1139.29,1155.07,1128.89,1128.89,746941296,VN100
2023-09-27,1131.26,1149.75,1114.6,1149.75,590728674,VN100
2023-09-28,1149.28,1149.64,1127.85,1146.35,498123927,VN100
2023-09-29,1146.35,1159.09,1146.35,1148.47,407250798,VN100
2023-10-02,1149.46,1157.64,1143.81,1150.72,361785113,VN100
2023-10-03,1140.54,1141.63,1108.94,1110.71,708217180,VN100
2023-10-04,1106.39,1131.36,1097.31,1122.61,511186637,VN100
2023-10-05,1126.76,1128.86,1108.21,1108.21,437399575,VN100
2023-10-06,1109.33,1126.61,1103.52,1125.53,458579829,VN100
2023-10-09,1125.67,1138.15,1123.38,1138.15,445854516,VN100
2023-10-10,1141.87,1151.38,1141.87,1144.55,480027275,VN100
2023-10-11,1146.5,1154.28,1139.17,1154.28,384643212,VN100
2023-10-12,1155.06,1161.17,1150.01,1153.59,448515560,VN100
2023-10-13,1145.31,1158.07,1139.97,1156.82,438480817,VN100
2023-10-16,1156.41,1158.69,1140.79,1141.96,485155009,VN100
2023-10-17,1146.61,1149.5,1120.14,1120.14,442282567,VN100
2023-10-18,1123.9,1125.41,1085.45,1103.68,750739172,VN100
2023-10-19,1104.49,1104.69,1084.32,1084.32,465501556,VN100
2023-10-20,1084.21,1107.92,1073.45,1107.36,471206989,VN100
2023-10-23,1106.41,1106.61,1085.29,1091.82,419453851,VN100
2023-10-24,1094.08,1107.2,1087.15,1104.25,367523619,VN100
2023-10-25,1105.27,1113.07,1099.69,1099.69,378236203,VN100
2023-10-26,1079.1,1080.76,1041.67,1050.41,852760912,VN100
2023-10-27,1057.36,1060.63,1036.47,1058.25,497550004,VN100
2023-10-30,1053.55,1056.91,1033.36,1033.36,367407762,VN100
2023-10-31,1035.52,1038.65,1016.13,1019.22,555344729,VN100
2023-11-01,1019.45,1035.34,1014.05,1035.34,487895909,VN100
2023-11-02,1035.71,1074.28,1035.71,1074.28,529875602,VN100
2023-11-03,1075.86,1082.77,1068.94,1074.84,563535638,VN100
2023-11-06,1074.84,1091.04,1074.84,1091.04,514560588,VN100
2023-11-07,1087.42,1092.24,1079.53,1080.73,465521277,VN100
2023-11-08,1080.37,1120.88,1076.82,1120.88,662958559,VN100
2023-11-09,1123.81,1132.3,1117.65,1118.4,733373021,VN100
2023-11-10,1109.0,1124.41,1106.81,1107.2,759575183,VN100
2023-11-13,1107.73,1115.7,1098.21,1107.78,565811905,VN100
2023-11-14,1114.86,1127.93,1111.91,1120.67,609302021,VN100
2023-11-15,1133.03,1144.42,1127.22,1130.57,681616270,VN100
2023-11-16,1127.43,1134.15,1122.89,1134.15,486152287,VN100
2023-11-17,1136.95,1139.64,1102.47,1108.54,859416603,VN100
2023-11-20,1095.97,1119.37,1090.0,1109.84,609508700,VN100
2023-11-21,1110.64,1120.78,1110.64,1117.64,509713628,VN100
2023-11-22,1117.64,1123.75,1110.43,1122.13,677229898,VN100
2023-11-23,1124.7,1127.5,1090.69,1090.69,730843496,VN100
2023-11-24,1094.49,1098.11,1074.32,1098.11,684999173,VN100
2023-11-27,1098.11,1099.53,1085.81,1086.25,433500037,VN100
2023-11-28,1086.46,1095.62,1073.78,1095.28,505982467,VN100
2023-11-29,1095.28,1106.34,1095.28,1102.84,425366653,VN100
2023-11-30,1102.31,1108.73,1093.86,1093.86,494688323,VN100
2023-12-01,1093.86,1103.04,1088.71,1102.58,422225893,VN100
2023-12-04,1102.58,1128.62,1102.58,1123.52,830014642,VN100
2023-12-05,1123.52,1126.91,1115.01,1117.72,547359897,VN100
2023-12-06,1117.72,1128.93,1117.45,1128.93,611528409,VN100
2023-12-07,1129.85,1134.4,1110.33,1126.45,947226818,VN100
2023-12-08,1126.62,1133.49,1122.71,1128.85,607522023,VN100
2023-12-11,1128.85,1133.24,1123.54,1129.68,505558056,VN100
2023-12-12,1132.14,1133.9,1127.68,1132.71,466832734,VN100
2023-12-13,1135.91,1137.37,1116.42,1117.49,595098550,VN100
2023-12-14,1122.55,1124.39,1110.77,1112.3,477518124,VN100
2023-12-15,1112.79,1116.86,1105.54,1106.36,520461593,VN100
2023-12-18,1106.36,1108.7,1094.2,1095.83,501650551,VN100
2023-12-19,1095.87,1102.81,1086.96,1102.81,434326792,VN100
2023-12-20,1103.12,1108.73,1100.1,1108.02,423597555,VN100
2023-12-21,1108.02,1109.71,1101.77,1109.69,373778708,VN100
2023-12-22,1109.6,1112.78,1106.47,1109.59,413366043,VN100
2023-12-25,1112.14,1125.73,1111.92,1124.15,474862380,VN100
2023-12-26,1125.04,1130.0,1123.76,1128.29,474514954,VN100
2023-12-27,1130.29,1133.62,1128.61,1128.61,582899768,VN100
2023-12-28,1129.37,1139.5,1127.34,1138.09,526670627,VN100
2023-12-29,1140.13,1144.2,1139.16,1141.65,508312681,VN100
2024-01-02,1147.93,1150.44,1138.4,1140.25,616106283,VN100
2024-01-03,1140.07,1152.77,1136.27,1152.77,465718586,VN100
2024-01-04,1153.86,1172.17,1153.23,1161.03,864708401,VN100
2024-01-05,1161.6,1166.47,1157.47,1164.81,563062139,VN100
2024-01-08,1168.21,1173.79,1164.56,1167.79,643272613,VN100
2024-01-09,1168.45,1169.88,1161.26,1164.86,637825258,VN100
2024-01-10,1165.19,1171.55,1159.98,1164.42,737554520,VN100
2024-01-11,1164.42,1175.04,1161.97,1167.26,636579096,VN100
2024-01-12,1164.25,1168.5,1151.94,1163.43,811848101,VN100
2024-01-15,1168.08,1172.31,1158.72,1158.72,451274393,VN100
2024-01-16,1155.87,1169.95,1153.06,1169.95,445167727,VN100
2024-01-17,1170.12,1177.61,1167.68,1168.28,571471357,VN100
2024-01-18,1170.54,1176.69,1168.81,1175.49,428801901,VN100
2024-01-19,1179.05,1185.56,1178.68,1183.75,479319800,VN100
2024-01-22,1187.68,1190.55,1179.82,1187.37,634019732,VN100
2024-01-23,1189.8,1190.98,1180.37,1182.85,491622664,VN100
2024-01-24,1182.85,1187.12,1177.97,1178.74,517371176,VN100
2024-01-25,1180.19,1180.19,1174.24,1177.84,367517401,VN100
2024-01-26,1180.44,1184.65,1180.44,1182.99,412579193,VN100
2024-01-29,1182.99,1186.32,1179.73,1180.69,475611401,VN100
2024-01-30,1180.86,1186.03,1180.27,1185.64,427806337,VN100
2024-01-31,1188.02,1189.15,1168.87,1170.92,842917264,VN100
2024-02-01,1170.08,1180.48,1169.82,1178.45,460511120,VN100
2024-02-02,1179.49,1184.67,1177.88,1179.49,644798711,VN100
2024-02-05,1181.54,1199.55,1181.31,1196.9,648138302,VN100
2024-02-06,1199.06,1202.82,1197.61,1199.68,436090500,VN100
2024-02-07,1202.08,1212.66,1201.87,1211.21,500636318,VN100
2024-02-15,1212.74,1224.67,1212.74,1217.39,666122609,VN100
2024-02-16,1221.39,1223.42,1217.41,1222.64,587673331,VN100
2024-02-19,1225.99,1234.18,1222.0,1234.18,786660083,VN100
2024-02-20,1236.52,1238.17,1230.37,1235.71,680814292,VN100
2024-02-21,1236.09,1242.09,1229.09,1237.03,742768501,VN100
2024-02-22,1237.19,1238.55,1232.24,1234.58,561615246,VN100
2024-02-23,1235.83,1247.21,1215.23,1215.23,1042510612,VN100
2024-02-26,1216.09,1228.89,1212.6,1228.15,641421650,VN100
2024-02-27,1234.21,1242.56,1231.95,1242.56,696184316,VN100
2024-02-28,1247.31,1255.79,1242.0,1255.79,709942269,VN100
2024-02-29,1259.38,1266.27,1250.02,1258.09,815690105,VN100
2024-03-01,1260.12,1265.66,1255.36,1264.44,696440321,VN100
2024-03-04,1264.44,1273.96,1263.33,1267.79,859902632,VN100
2024-03-05,1267.79,1278.67,1264.41,1278.67,699030730,VN100
2024-03-06,1278.77,1284.31,1260.96,1267.89,723821771,VN100
2024-03-07,1268.15,1278.45,1264.37,1275.78,725959252,VN100
2024-03-08,1277.05,1281.43,1251.76,1251.76,1003142300,VN100
2024-03-11,1251.93,1257.72,1235.45,1238.55,714131369,VN100
2024-03-12,1237.47,1248.68,1235.34,1245.36,597383727,VN100
2024-03-13,1245.36,1276.48,1245.36,1276.48,704455558,VN100
2024-03-14,1277.0,1282.2,1261.61,1267.6,769043524,VN100
2024-03-15,1266.22,1272.72,1253.09,1264.79,801427616,VN100
2024-03-18,1265.05,1268.66,1219.48,1243.39,1243330409,VN100
2024-03-19,1243.74,1249.14,1237.16,1242.02,705830208,VN100
2024-03-20,1243.86,1267.1,1235.28,1265.41,691100837,VN100
2024-03-21,1274.71,1285.42,1270.26,1285.42,943963203,VN100
2024-03-22,1285.42,1298.07,1281.29,1289.21,1091805408,VN100
2024-03-25,1289.03,1294.53,1270.63,1274.66,827547701,VN100
2024-03-26,1274.66,1291.54,1269.62,1291.41,687966613,VN100
2024-03-27,1293.73,1296.63,1285.51,1294.21,641054597,VN100
2024-03-28,1300.03,1308.63,1299.77,1305.91,738701627,VN100
2024-03-29,1307.69,1308.11,1297.61,1300.31,648850503,VN100
2024-04-01,1296.82,1302.43,1287.98,1296.11,644899335,VN100
2024-04-02,1288.63,1299.88,1279.3,1299.88,810517748,VN100
2024-04-03,1296.96,1301.14,1282.07,1282.23,781243760,VN100
2024-04-04,1282.48,1286.3,1273.15,1275.12,677664585,VN100
2024-04-05,1264.98,1273.0,1258.71,1262.07,694632457,VN100
2024-04-08,1262.02,1264.25,1252.18,1256.58,591382495,VN100
2024-04-09,1258.15,1272.1,1254.25,1272.1,484075174,VN100
2024-04-10,1276.75,1280.14,1268.39,1268.39,494958127,VN100
2024-04-11,1266.41,1272.24,1257.98,1267.7,464951256,VN100
2024-04-12,1268.48,1289.45,1268.48,1289.45,736072512,VN100
2024-04-15,1288.74,1292.78,1226.38,1226.38,1070529802,VN100
2024-04-16,1225.57,1230.81,1201.93,1227.5,1009130067,VN100
2024-04-17,1227.74,1233.28,1205.52,1205.61,617543636,VN100
2024-04-19,1200.62,1203.76,1176.17,1185.51,763527275,VN100
2024-04-22,1196.49,1208.76,1193.17,1202.92,511828012,VN100
2024-04-23,1204.1,1208.09,1186.19,1194.03,600929108,VN100
2024-04-24,1194.03,1231.37,1194.03,1228.94,569622490,VN100
2024-04-25,1230.77,1231.77,1220.91,1228.52,410264513,VN100
2024-04-26,1221.07,1239.35,1219.25,1234.22,437397290,VN100
2024-05-02,1237.46,1241.27,1231.34,1240.61,407715749,VN100
2024-05-03,1243.26,1252.17,1242.45,1247.16,476772872,VN100
2024-05-06,1254.21,1267.86,1249.13,1267.86,660451441,VN100
2024-05-07,1272.71,1277.78,1265.65,1276.92,509689362,VN100
2024-05-08,1270.62,1278.35,1262.59,1278.35,698617735,VN100
2024-05-09,1281.95,1284.9,1269.56,1274.49,555700448,VN100
2024-05-10,1278.46,1278.94,1263.03,1272.61,476651122,VN100
2024-05-13,1272.61,1276.86,1261.38,1268.3,488844580,VN100
2024-05-14,1275.78,1281.4,1269.78,1272.48,431940580,VN100
2024-05-15,1272.48,1290.05,1272.48,1285.73,609644519,VN100
2024-05-16,1296.96,1306.43,1293.03,1303.92,670836097,VN100
2024-05-17,1305.96,1310.87,1301.68,1310.87,707542986,VN100
2024-05-20,1320.23,1323.78,1313.54,1313.54,895251687,VN100
2024-05-21,1312.99,1315.4,1300.35,1312.13,700603378,VN100
2024-05-22,1313.4,1316.74,1295.64,1299.49,840607436,VN100
2024-05-23,1298.38,1312.8,1290.85,1312.8,672741702,VN100
2024-05-24,1312.24,1316.33,1275.72,1288.74,1009049509,VN100
2024-05-27,1291.03,1293.28,1281.12,1292.17,553135371,VN100
2024-05-28,1298.89,1309.27,1295.55,1309.27,631557751,VN100
2024-05-29,1309.27,1313.12,1297.42,1298.75,756482778,VN100
2024-05-30,1293.24,1295.93,1276.79,1294.72,711726712,VN100
2024-05-31,1296.75,1300.01,1290.99,1292.9,534007329,VN100
2024-06-03,1302.98,1316.65,1302.49,1313.74,749082758,VN100
2024-06-04,1320.57,1322.36,1313.54,1315.51,695555729,VN100
2024-06-05,1316.5,1325.67,1312.87,1312.87,677675427,VN100
2024-06-06,1317.55,1321.25,1307.84,1313.94,631335972,VN100
2024-06-07,1315.1,1325.36,1313.53,1319.2,460932242,VN100
2024-06-10,1324.97,1329.04,1318.19,1322.69,580062740,VN100
2024-06-11,1327.41,1329.25,1311.55,1318.06,681087928,VN100
2024-06-12,1318.87,1339.02,1316.11,1339.02,674124978,VN100
2024-06-13,1339.43,1345.85,1336.85,1341.97,691793816,VN100
2024-06-14,1344.7,1346.5,1321.73,1321.73,818522934,VN100
2024-06-17,1323.2,1324.43,1311.44,1316.14,665588585,VN100
2024-06-18,1321.12,1326.5,1316.92,1318.0,601090957,VN100
2024-06-19,1318.0,1325.09,1308.58,1320.28,777914299,VN100
2024-06-20,1322.46,1328.81,1314.97,1325.15,688366679,VN100
2024-06-21,1327.59,1329.15,1320.93,1324.91,602003390,VN100
2024-06-24,1323.35,1326.52,1290.08,1293.56,913603279,VN100
2024-06-25,1294.04,1298.24,1288.03,1295.68,633587284,VN100
2024-06-26,1297.32,1300.52,1282.75,1298.43,688664149,VN100
2024-06-27,1298.43,1298.43,1288.58,1296.31,426997414,VN100
2024-06-28,1296.92,1297.73,1275.8,1283.25,622510447,VN100
2024-07-01,1282.9,1289.78,1275.79,1289.78,338914086,VN100
2024-07-02,1293.87,1306.79,1291.84,1303.85,390529838,VN100
2024-07-03,1303.96,1315.37,1303.96,1312.67,408610088,VN100
2024-07-04,1316.09,1319.94,1310.39,1318.22,384253422,VN100
2024-07-05,1318.22,1323.65,1314.76,1323.39,417893199,VN100
2024-07-08,1326.06,1327.17,1317.56,1323.54,547255541,VN100
2024-07-09,1324.07,1331.68,1319.48,1331.68,587723067,VN100
2024-07-10,1332.93,1334.65,1321.46,1321.46,526376386,VN100
2024-07-11,1326.09,1329.82,1318.61,1318.61,511683708,VN100
2024-07-12,1317.56,1323.81,1309.69,1313.96,427165835,VN100
2024-07-15,1314.12,1319.42,1306.4,1310.82,403869673,VN100
2024-07-16,1311.24,1321.93,1309.8,1313.44,470956800,VN100
2024-07-17,1318.94,1327.0,1290.67,1306.32,884309336,VN100
2024-07-18,1307.09,1310.27,1290.95,1310.27,537624025,VN100
2024-07-19,1310.27,1317.11,1298.53,1303.92,625397031,VN100
2024-07-22,1303.92,1305.86,1283.34,1295.61,658348273,VN100
2024-07-23,1298.02,1301.95,1271.7,1273.34,531952325,VN100
2024-07-24,1268.07,1282.78,1255.95,1279.08,527465613,VN100
2024-07-25,1270.49,1274.62,1263.79,1271.39,346649995,VN100
2024-07-26,1273.23,1280.12,1269.89,1280.12,328458719,VN100
2024-07-29,1285.36,1289.93,1282.22,1284.12,327061909,VN100
2024-07-30,1284.12,1285.49,1273.46,1282.2,410417590,VN100
2024-07-31,1284.23,1292.36,1282.17,1288.99,524612064,VN100
2024-08-01,1288.99,1293.32,1253.52,1259.57,634449626,VN100
2024-08-02,1255.53,1269.83,1240.59,1269.83,504661671,VN100
2024-08-05,1269.83,1269.83,1211.96,1216.52,787208888,VN100
2024-08-06,1228.49,1243.5,1216.03,1240.81,500621602,VN100
2024-08-07,1240.81,1246.54,1232.79,1243.16,480794401,VN100
2024-08-08,1237.11,1246.46,1227.83,1233.75,591167545,VN100
2024-08-09,1233.75,1255.51,1233.75,1254.85,437049918,VN100
2024-08-12,1254.85,1263.88,1251.39,1263.44,408177801,VN100
2024-08-13,1262.31,1265.02,1253.92,1260.49,396347219,VN100
2024-08-14,1260.49,1266.04,1257.38,1259.57,376596137,VN100
2024-08-15,1259.21,1261.23,1250.52,1254.39,373769862,VN100
2024-08-16,1256.51,1287.32,1256.51,1287.32,736068935,VN100
2024-08-19,1293.8,1299.63,1291.76,1297.19,524565883,VN100
2024-08-20,1297.19,1309.82,1297.19,1306.01,606669977,VN100
2024-08-21,1304.47,1316.71,1301.0,1316.71,646580031,VN100
2024-08-22,1316.71,1320.13,1313.55,1316.99,494966212,VN100
2024-08-23,1316.99,1321.13,1308.24,1318.92,556396219,VN100
2024-08-26,1321.44,1325.08,1312.56,1314.46,598206995,VN100
2024-08-27,1314.46,1318.73,1309.37,1315.47,507118026,VN100
2024-08-28,1318.96,1320.39,1311.3,1316.71,567584394,VN100
2024-08-29,1316.67,1323.59,1315.84,1317.19,486465871,VN100
2024-08-30,1318.8,1322.89,1318.21,1321.49,436638624,VN100
2024-09-04,1310.4,1312.42,1302.8,1309.65,494618907,VN100
2024-09-05,1310.59,1314.47,1296.35,1300.33,510485261,VN100
2024-09-06,1299.78,1305.41,1293.9,1305.19,502935532,VN100
2024-09-09,1305.19,1305.19,1293.76,1298.41,372435489,VN100
2024-09-10,1301.11,1303.16,1282.47,1285.92,532625162,VN100
2024-09-11,1283.97,1288.88,1276.24,1284.29,448334740,VN100
2024-09-12,1284.29,1292.49,1284.29,1286.78,329912431,VN100
2024-09-13,1287.49,1288.27,1282.8,1285.49,369183450,VN100
2024-09-16,1284.5,1290.2,1272.45,1272.45,468517318,VN100
2024-09-17,1273.53,1293.78,1272.51,1293.78,485549766,VN100
2024-09-18,1293.78,1306.41,1292.94,1300.16,633515038,VN100
2024-09-19,1304.38,1307.65,1300.97,1307.15,474645899,VN100
2024-09-20,1307.15,1322.87,1307.15,1313.3,723307921,VN100
2024-09-23,1316.19,1319.27,1307.59,1308.65,423329302,VN100
2024-09-24,1308.65,1318.53,1306.52,1318.53,687841682,VN100
2024-09-25,1325.44,1331.9,1322.57,1331.9,787611133,VN100
2024-09-26,1334.67,1345.63,1332.6,1338.15,780404194,VN100
2024-09-27,1342.68,1347.7,1334.0,1339.45,764096056,VN100
2024-09-30,1339.44,1342.15,1333.4,1340.04,592303984,VN100
2024-10-01,1340.04,1355.61,1340.04,1344.98,748123818,VN100
2024-10-02,1340.38,1346.58,1336.31,1338.8,607255607,VN100
2024-10-03,1340.35,1352.94,1327.28,1328.69,832919012,VN100
2024-10-04,1329.56,1330.49,1320.26,1320.26,474782716,VN100
2024-10-07,1326.88,1330.2,1314.62,1321.63,388669123,VN100
2024-10-08,1323.72,1331.19,1319.07,1325.88,530381718,VN100
2024-10-09,1328.1,1338.28,1327.01,1337.92,528409772,VN100
2024-10-10,1341.31,1354.1,1341.31,1342.91,566325650,VN100
2024-10-11,1344.39,1346.63,1338.62,1344.63,381023060,VN100
2024-10-14,1345.48,1353.93,1338.13,1338.56,642722541,VN100
2024-10-15,1340.1,1346.08,1330.55,1332.47,567917162,VN100
2024-10-16,1331.57,1334.8,1325.88,1328.95,405816246,VN100
2024-10-17,1328.95,1339.42,1320.69,1339.42,537056044,VN100
2024-10-18,1344.4,1347.43,1337.33,1338.25,537485477,VN100
2024-10-21,1336.9,1341.71,1333.41,1333.41,467288983,VN100
2024-10-22,1333.09,1335.67,1319.82,1324.86,622087537,VN100
2024-10-23,1325.54,1329.05,1317.67,1327.65,457688468,VN100
2024-10-24,1327.9,1330.92,1310.55,1310.55,541514026,VN100
2024-10-25,1310.55,1314.99,1304.46,1306.53,444070945,VN100
2024-10-28,1306.53,1309.63,1304.92,1309.56,376875539,VN100
2024-10-29,1309.95,1317.55,1309.95,1317.2,731954631,VN100
2024-10-30,1317.2,1320.46,1309.7,1315.62,404457680,VN100
2024-10-31,1315.62,1321.57,1310.73,1319.6,483546997,VN100
2024-11-01,1319.6,1319.6,1305.91,1306.72,457156056,VN100
2024-11-04,1306.97,1308.59,1292.04,1294.46,565569544,VN100
2024-11-05,1294.46,1299.96,1294.46,1295.76,338921895,VN100
2024-11-06,1296.36,1313.4,1296.36,1312.88,437610456,VN100
2024-11-07,1312.88,1319.84,1310.41,1311.22,378344222,VN100
2024-11-08,1315.39,1315.49,1299.39,1303.59,434873745,VN100
2024-11-11,1303.64,1304.25,1287.9,1298.4,627996380,VN100
2024-11-12,1300.7,1304.39,1288.29,1291.84,474093416,VN100
2024-11-13,1289.23,1294.73,1279.69,1293.69,520716766,VN100
2024-11-14,1293.69,1293.77,1275.41,1275.8,536103445,VN100
2024-11-15,1272.17,1272.61,1257.83,1260.23,598967164,VN100
2024-11-18,1259.94,1267.31,1244.04,1259.53,512572405,VN100
2024-11-19,1259.59,1261.85,1245.32,1245.32,391752489,VN100
2024-11-20,1244.66,1265.53,1235.84,1259.16,601964529,VN100
2024-11-21,1259.16,1272.84,1255.43,1272.84,366026298,VN100
2024-11-22,1273.06,1276.88,1269.48,1270.87,408464966,VN100
2024-11-25,1271.42,1277.81,1270.58,1277.14,378611214,VN100
2024-11-26,1277.14,1289.73,1277.14,1284.87,421996884,VN100
2024-11-27,1284.87,1288.69,1282.61,1286.67,315490421,VN100
2024-11-28,1291.59,1295.97,1284.18,1287.02,343753111,VN100
2024-11-29,1286.95,1297.28,1285.21,1296.08,377388987,VN100
2024-12-02,1296.08,1304.04,1291.31,1295.86,378511858,VN100
2024-12-03,1295.51,1300.4,1290.5,1296.98,516907401,VN100
2024-12-04,1294.21,1294.43,1284.73,1285.33,435585359,VN100
2024-12-05,1287.03,1322.4,1282.0,1322.4,709573700,VN100
2024-12-06,1322.34,1327.96,1321.32,1323.54,543652080,VN100
2024-12-09,1324.43,1329.86,1318.93,1324.48,561270300,VN100
2024-12-10,1324.49,1328.29,1320.61,1324.0,467106596,VN100
2024-12-11,1324.1,1330.25,1317.54,1323.33,472872420,VN100
2024-12-12,1323.67,1329.45,1319.99,1322.05,415012920,VN100
2024-12-13,1320.49,1320.99,1314.73,1316.87,360428348,VN100
2024-12-16,1317.41,1321.76,1311.73,1318.26,407101151,VN100
2024-12-17,1318.26,1319.76,1312.75,1314.91,355306511,VN100
2024-12-18,1314.91,1320.03,1313.98,1319.06,372677682,VN100
2024-12-19,1318.48,1318.48,1298.74,1305.12,563613366,VN100
2024-12-20,1305.12,1308.47,1304.16,1306.81,394812764,VN100
2024-12-23,1306.81,1315.08,1306.81,1312.75,353660844,VN100
2024-12-24,1312.97,1313.05,1303.31,1312.18,451946615,VN100
2024-12-25,1312.36,1335.42,1312.36,1329.18,586805926,VN100
2024-12-26,1330.82,1332.29,1325.31,1326.91,396707761,VN100
2024-12-27,1327.14,1333.93,1327.14,1332.13,496635434,VN100
2024-12-30,1332.13,1332.48,1324.85,1332.48,367027212,VN100
2024-12-31,1331.71,1331.9,1326.14,1329.75,334270245,VN100
2025-01-02,1329.75,1331.69,1320.53,1328.51,305511226,VN100
2025-01-03,1327.21,1327.21,1306.77,1306.77,415758195,VN100
2025-01-06,1306.77,1311.28,1294.93,1296.3,391670592,VN100
2025-01-07,1299.15,1304.44,1291.0,1295.92,393756830,VN100
2025-01-08,1295.92,1299.72,1288.33,1299.72,309028105,VN100
2025-01-09,1299.72,1302.26,1291.24,1294.05,239578085,VN100
2025-01-10,1294.05,1295.47,1275.7,1275.7,371868968,VN100
2025-01-13,1275.7,1282.59,1266.14,1282.59,391814897,VN100
2025-01-14,1282.59,1282.81,1271.05,1273.9,267886958,VN100
2025-01-15,1279.08,1285.14,1276.66,1283.24,347671699,VN100
2025-01-16,1288.88,1295.01,1281.95,1289.87,384696749,VN100
2025-01-17,1289.87,1299.59,1286.51,1299.59,305834425,VN100
2025-01-20,1300.36,1304.31,1298.57,1301.43,320979079,VN100
2025-01-21,1301.43,1306.69,1294.98,1299.52,353325093,VN100
2025-01-22,1299.52,1304.75,1297.08,1297.08,382465694,VN100
2025-01-23,1297.3,1325.73,1297.3,1321.22,418016177,VN100
2025-01-24,1321.39,1328.44,1320.08,1328.12,376435002,VN100
2025-02-03,1328.12,1328.12,1304.74,1309.0,393373414,VN100
2025-02-04,1313.6,1322.36,1311.87,1322.03,476720982,VN100
2025-02-05,1322.03,1329.42,1322.03,1326.89,426765640,VN100
2025-02-06,1326.89,1334.71,1326.48,1330.11,394303716,VN100
2025-02-07,1330.84,1336.39,1326.93,1332.45,451230296,VN100
2025-02-10,1328.18,1331.38,1318.21,1319.52,601444428,VN100
2025-02-11,1319.52,1327.53,1318.43,1327.53,465905023,VN100
2025-02-12,1327.53,1333.28,1325.85,1326.0,360590387,VN100
2025-02-13,1326.0,1328.39,1320.72,1328.18,353018917,VN100
2025-02-14,1329.53,1338.53,1329.53,1331.93,486900556,VN100
2025-02-17,1332.85,1334.91,1327.99,1328.53,649330142,VN100
2025-02-18,1328.53,1340.31,1328.06,1332.45,494366199,VN100
2025-02-19,1333.61,1344.03,1332.3,1343.21,571907051,VN100
2025-02-20,1343.21,1349.44,1343.21,1346.76,544876821,VN100
2025-02-21,1346.76,1349.98,1343.51,1348.68,525799551,VN100
2025-02-24,1350.69,1357.98,1346.67,1357.98,678569946,VN100
2025-02-25,1360.26,1363.09,1350.59,1355.1,650666346,VN100
2025-02-26,1356.67,1359.27,1354.07,1356.04,565738409,VN100
2025-02-27,1358.31,1360.4,1346.72,1360.4,677287091,VN100
2025-02-28,1360.4,1360.4,1349.66,1355.34,611755946,VN100
2025-03-03,1355.2,1362.09,1354.24,1360.08,700720917,VN100
2025-03-04,1356.6,1366.32,1347.13,1364.61,795010693,VN100
2025-03-05,1365.96,1374.24,1357.07,1357.07,769110789,VN100
2025-03-06,1361.56,1374.06,1361.24,1374.06,851312521,VN100
2025-03-07,1376.63,1382.27,1374.23,1380.67,720536132,VN100
2025-03-10,1385.59,1389.66,1376.11,1379.71,793904657,VN100
2025-03-11,1367.06,1382.28,1363.89,1382.28,711425490,VN100
2025-03-12,1385.85,1387.8,1375.1,1379.53,736557512,VN100
2025-03-13,1381.06,1386.08,1369.76,1371.38,818878091,VN100
2025-03-14,1370.8,1377.24,1366.69,1368.45,779404170,VN100
2025-03-17,1374.25,1379.65,1372.82,1378.63,762066901,VN100
2025-03-18,1382.62,1384.7,1373.22,1373.22,713495319,VN100
2025-03-19,1371.04,1371.98,1359.42,1363.26,753548559,VN100
2025-03-20,1368.11,1372.56,1355.65,1363.47,710615104,VN100
2025-03-21,1363.37,1365.36,1360.81,1362.13,637436724,VN100
2025-03-24,1363.08,1371.19,1355.3,1371.19,721968920,VN100
2025-03-25,1371.72,1378.22,1367.37,1369.77,782765069,VN100
2025-03-26,1371.02,1376.69,1359.0,1361.44,646716061,VN100
2025-03-27,1360.73,1364.06,1358.79,1360.77,517475360,VN100
2025-03-28,1361.33,1362.49,1349.7,1353.66,559108766,VN100
2025-03-31,1347.76,1350.05,1340.26,1344.57,673729395,VN100
2025-04-01,1349.54,1355.08,1343.09,1355.08,468854569,VN100
2025-04-02,1359.35,1362.57,1355.28,1355.47,685695579,VN100
2025-04-03,1315.81,1315.81,1263.55,1263.67,1389926132,VN100
2025-04-04,1245.17,1248.93,1188.86,1248.93,1608882514,VN100
2025-04-08,1248.93,1248.93,1164.98,1167.88,906301880,VN100
2025-04-09,1150.46,1177.85,1102.84,1131.7,1324643548,VN100
2025-04-10,1131.7,1209.22,1131.7,1209.13,232739053,VN100
2025-04-11,1227.72,1266.42,1220.44,1266.42,1394418301,VN100
2025-04-14,1277.18,1287.48,1269.33,1285.22,825459094,VN100
2025-04-15,1285.22,1287.12,1258.75,1268.15,835053634,VN100
2025-04-16,1268.15,1274.84,1245.28,1249.89,634570333,VN100
2025-04-17,1249.89,1259.58,1239.26,1259.58,610612465,VN100
2025-04-18,1270.43,1283.83,1267.27,1267.27,863646216,VN100
2025-04-21,1267.0,1270.95,1249.42,1255.9,687875702,VN100
2025-04-22,1248.58,1253.28,1180.19,1246.42,1405234431,VN100
2025-04-23,1257.18,1267.45,1253.0,1262.33,675832308,VN100
2025-04-24,1266.06,1273.24,1258.13,1271.82,596659463,VN100
2025-04-25,1272.5,1277.72,1264.05,1275.79,689165881,VN100
2025-04-28,1276.97,1281.09,1268.48,1274.65,512196634,VN100
2025-04-29,1274.65,1277.13,1271.44,1273.69,501242995,VN100
2025-05-05,1273.69,1285.97,1272.45,1285.9,490761636,VN100
2025-05-06,1291.88,1296.66,1285.11,1285.29,614090131,VN100
2025-05-07,1284.47,1291.45,1283.71,1290.06,594371078,VN100
2025-05-08,1290.06,1312.62,1290.06,1310.79,638052107,VN100
2025-05-09,1310.79,1318.91,1309.18,1312.94,592252203,VN100
2025-05-12,1312.94,1332.81,1312.94,1331.89,767881453,VN100
2025-05-13,1331.89,1343.22,1331.89,1343.22,779798467,VN100
2025-05-14,1343.22,1361.15,1343.22,1360.95,880152604,VN100
2025-05-15,1360.95,1368.71,1351.46,1367.22,970017557,VN100
2025-05-16,1367.22,1367.53,1349.97,1349.97,707133684,VN100
2025-05-19,1349.97,1351.01,1335.45,1339.57,737819292,VN100
2025-05-20,1339.57,1361.8,1339.57,1361.07,766139443,VN100
2025-05-21,1361.07,1379.12,1360.26,1369.31,857864612,VN100
2025-05-22,1369.31,1377.37,1357.9,1359.26,961071947,VN100
2025-05-23,1359.26,1364.37,1352.73,1359.03,582589252,VN100
2025-05-26,1359.03,1375.11,1331.2,1375.06,811413937,VN100
2025-05-27,1375.06,1383.88,1373.99,1383.41,906954159,VN100
2025-05-28,1383.41,1389.27,1376.68,1381.79,747676064,VN100
2025-05-29,1381.79,1389.41,1377.13,1382.77,725160397,VN100
2025-05-30,1382.77,1385.72,1370.24,1371.73,774080425,VN100
2025-06-02,1371.73,1377.43,1363.75,1377.43,734989441,VN100
2025-06-03,1377.43,1395.41,1377.43,1390.82,902118469,VN100
2025-06-04,1390.82,1395.68,1386.71,1389.54,794506639,VN100
2025-06-05,1390.23,1392.21,1379.43,1385.01,618451201,VN100
2025-06-06,1385.01,1385.01,1370.94,1370.94,792908921,VN100
2025-06-09,1370.94,1371.89,1353.41,1353.41,614368905,VN100
2025-06-10,1353.41,1369.5,1352.88,1360.99,603682192,VN100
2025-06-11,1360.99,1366.86,1355.87,1361.77,449679689,VN100
2025-06-12,1361.77,1377.42,1361.77,1374.41,703736853,VN100
2025-06-13,1374.41,1374.41,1350.14,1363.26,963995748,VN100
2025-06-16,1363.26,1386.89,1359.07,1386.72,643413894,VN100
2025-06-17,1386.72,1400.21,1385.94,1394.52,689579881,VN100
2025-06-18,1394.52,1401.82,1388.34,1393.43,641433934,VN100
2025-06-19,1393.43,1400.52,1387.71,1398.9,627604463,VN100
2025-06-20,1398.9,1407.42,1396.2,1399.2,671895574,VN100
2025-06-23,1399.2,1402.65,1384.4,1402.65,654045038,VN100
2025-06-24,1402.65,1419.36,1402.65,1413.88,823060959,VN100
2025-06-25,1413.88,1421.54,1412.88,1414.64,715727232,VN100
2025-06-26,1414.64,1420.11,1408.47,1414.54,643355212,VN100
2025-06-27,1414.54,1422.64,1413.04,1420.73,594393525,VN100
2025-06-30,1420.73,1429.87,1420.73,1427.53,557214525,VN100
2025-07-01,1427.53,1433.03,1419.73,1426.78,665434193,VN100
2025-07-02,1426.78,1438.15,1426.22,1438.15,783104333,VN100
2025-07-03,1438.15,1450.65,1433.84,1438.9,1161454567,VN100
2025-07-04,1438.9,1448.4,1438.9,1448.26,691830100,VN100
2025-07-07,1448.26,1468.18,1448.26,1467.99,1090245497,VN100
2025-07-08,1467.99,1482.65,1467.99,1482.65,947260179,VN100
2025-07-09,1482.65,1497.78,1482.65,1494.2,1220798924,VN100
2025-07-10,1494.2,1507.71,1494.2,1507.6,894739966,VN100
2025-07-11,1507.6,1528.15,1507.6,1522.24,1026851392,VN100
2025-07-14,1522.24,1536.89,1509.0,1535.66,1030617875,VN100
2025-07-15,1535.66,1546.73,1527.96,1527.96,1141392229,VN100
2025-07-16,1527.96,1544.32,1523.34,1544.04,1047879379,VN100
2025-07-17,1544.04,1560.88,1544.04,1555.96,1115094702,VN100
2025-07-18,1555.96,1571.26,1550.43,1568.47,1102431753,VN100
2025-07-21,1568.47,1585.3,1560.27,1561.64,1161314946,VN100
2025-07-22,1561.64,1587.4,1549.33,1587.4,1028781409,VN100
2025-07-23,1587.4,1605.95,1586.5,1593.19,1214167503,VN100
2025-07-24,1593.19,1610.25,1586.85,1605.47,1141104419,VN100
2025-07-25,1605.47,1625.7,1605.47,1622.44,1145834098,VN100
2025-07-28,1622.44,1658.85,1622.44,1658.66,1381038831,VN100
2025-07-29,1658.66,1668.35,1578.81,1578.81,2243789479,VN100
2025-07-30,1578.81,1603.73,1568.56,1599.05,1370698761,VN100
2025-07-31,1599.05,1615.24,1577.43,1597.8,1367536900,VN100
2025-08-01,1597.8,1605.28,1575.99,1593.67,1147194692,VN100
2025-08-04,1593.67,1630.53,1584.91,1630.53,1070572077,VN100
2025-08-05,1630.53,1699.33,1618.39,1656.32,2312251879,VN100
2025-08-06,1656.32,1689.03,1656.32,1689.03,1104946459,VN100
2025-08-07,1689.03,1707.17,1682.71,1701.46,1354496445,VN100
2025-08-08,1701.46,1710.57,1680.05,1703.18,1466758100,VN100
2025-08-11,1703.18,1723.57,1703.18,1717.27,1279138044,VN100
2025-08-12,1717.27,1730.66,1708.66,1730.45,1293730747,VN100
2025-08-13,1740.1,1742.11,1706.7,1736.25,1558829536,VN100
2025-08-14,1752.2,1777.05,1748.73,1777.05,1497033798,VN100
2025-08-15,1796.87,1808.25,1753.25,1768.43,1651861149,VN100
2025-08-18,1777.38,1784.0,1763.09,1778.16,1319669577,VN100
2025-08-19,1789.57,1819.0,1785.69,1804.39,1520740036,VN100
2025-08-20,1812.22,1817.88,1754.48,1817.6,1957705393,VN100
2025-08-21,1833.47,1861.69,1827.64,1855.24,1420477363,VN100
2025-08-22,1845.95,1846.49,1775.94,1797.62,1879529253,VN100
2025-08-25,1815.46,1816.32,1747.7,1754.96,1293158664,VN100
2025-08-26,1751.92,1822.48,1742.05,1822.28,1233149599,VN100
2025-08-27,1837.5,1852.99,1818.31,1823.27,1352029068,VN100
2025-08-28,1829.53,1842.25,1806.87,1838.37,1043282440,VN100
2025-08-29,1850.57,1860.54,1838.03,1844.4,1276523914,VN100
2025-09-03,1843.52,1849.04,1831.41,1845.56,1097170789,VN100
2025-09-04,1853.93,1864.96,1840.28,1864.54,1158530414,VN100
2025-09-05,1876.77,1880.8,1823.4,1824.91,1395175190,VN100
2025-09-08,1816.87,1824.68,1772.72,1772.72,1625887327,VN100
2025-09-09,1779.22,1792.59,1758.98,1792.59,941409429,VN100
2025-09-10,1803.02,1803.51,1778.95,1795.38,850748088,VN100
2025-09-11,1789.19,1816.54,1746.52,1813.71,1080282552,VN100
2025-09-12,1819.34,1827.32,1807.22,1823.56,939914220,VN100
2025-09-15,1829.65,1840.69,1821.38,1840.69,1035282526,VN100
2025-09-16,1855.17,1855.17,1830.52,1836.72,1127606734,VN100
2025-09-17,1833.97,1842.98,1821.53,1824.79,871337277,VN100
2025-09-18,1830.42,1835.05,1806.26,1819.65,756534976,VN100
2025-09-19,1826.57,1826.79,1796.68,1814.0,769774759,VN100
2025-09-22,1811.81,1813.97,1761.32,1780.83,1013653506,VN100
2025-09-23,1781.87,1794.3,1772.81,1781.08,687391620,VN100
2025-09-24,1782.1,1814.83,1762.35,1814.83,865320549,VN100
2025-09-25,1819.34,1826.02,1809.67,1821.95,792648549,VN100
2025-09-26,1822.85,1826.04,1809.92,1812.71,770974586,VN100
2025-09-29,1811.15,1827.18,1805.97,1820.38,783531878,VN100
2025-09-30,1822.48,1832.18,1797.07,1817.7,964074784,VN100
2025-10-01,1821.85,1832.98,1814.33,1826.3,616848473,VN100
2025-10-02,1830.29,1844.39,1807.94,1810.69,653785524,VN100
2025-10-03,1809.49,1815.67,1795.31,1803.15,713769068,VN100
2025-10-06,1835.13,1864.34,1824.37,1864.34,939446215,VN100
2025-10-07,1875.24,1875.24,1843.08,1850.55,729646189,VN100
2025-10-08,1868.1,1870.62,1845.1,1861.87,924383942,VN100
2025-10-09,1867.66,1882.75,1863.04,1879.62,967032077,VN100
2025-10-10,1887.19,1911.56,1883.95,1911.55,909972964,VN100
2025-10-13,1899.22,1936.66,1898.17,1935.65,1147553996,VN100
2025-10-14,1957.81,1971.66,1927.81,1935.25,1348797410,VN100
2025-10-15,1940.87,1954.44,1927.36,1937.17,1037128764,VN100
2025-10-16,1945.17,1950.26,1933.02,1950.03,1016465923,VN100
2025-10-17,1956.98,1956.98,1903.17,1908.4,1072657450,VN100
2025-10-20,1899.59,1905.19,1800.51,1800.51,1451915071,VN100
2025-10-21,1809.51,1849.5,1780.75,1832.98,1369402789,VN100
2025-10-22,1850.79,1850.79,1788.37,1847.12,822519116,VN100
2025-10-23,1851.13,1871.19,1837.53,1854.2,622014140,VN100
2025-10-24,1849.97,1858.98,1821.2,1848.01,817664216,VN100
2025-10-27,1863.51,1863.98,1810.65,1810.65,834388229,VN100
2025-10-28,1806.88,1853.69,1782.26,1853.69,769274795,VN100
2025-10-29,1857.48,1872.98,1848.52,1859.11,759392165,VN100
2025-10-30,1862.12,1864.39,1827.13,1835.82,650043066,VN100
2025-10-31,1834.81,1834.81,1795.09,1798.62,704124628,VN100
2025-11-03,1801.85,1811.52,1765.36,1765.36,857572559,VN100
2025-11-04,1766.83,1821.01,1748.07,1812.1,1008955479,VN100
2025-11-05,1805.06,1812.2,1794.16,1802.59,568925010,VN100
2025-11-06,1802.99,1805.56,1781.31,1785.91,497890457,VN100
2025-11-07,1780.35,1783.33,1732.17,1735.99,738539613,VN100
2025-11-10,1735.65,1752.89,1715.56,1715.56,638072959,VN100
2025-11-11,1722.86,1737.83,1712.51,1732.96,568762698,VN100
2025-11-12,1739.94,1780.02,1735.44,1779.78,655499404,VN100
2025-11-13,1780.88,1783.81,1767.89,1773.67,596358326,VN100
2025-11-14,1768.18,1785.02,1763.42,1780.35,591070542,VN100
2025-11-17,1787.18,1804.18,1787.14,1804.18,651839900,VN100
2025-11-18,1806.77,1811.38,1794.77,1810.72,627077978,VN100
2025-11-19,1809.83,1811.74,1789.09,1796.7,737119058,VN100
2025-11-20,1800.51,1809.55,1794.31,1804.39,578793057,VN100
2025-11-21,1793.31,1806.18,1781.18,1802.47,591408006,VN100
2025-11-24,1804.67,1822.73,1804.49,1813.34,465304968,VN100
2025-11-25,1815.37,1821.78,1799.68,1803.41,791397340,VN100
2025-11-26,1810.66,1829.13,1808.51,1826.35,697003639,VN100
2025-11-27,1832.3,1842.81,1824.61,1827.32,600218102,VN100
2025-11-28,1827.49,1838.09,1816.63,1829.88,620469608,VN100
2025-12-01,1837.65,1849.21,1831.97,1834.56,522769571,VN100
2025-12-02,1834.79,1850.83,1818.22,1847.4,588264070,VN100
2025-12-03,1856.29,1878.54,1847.32,1868.56,686689313,VN100
2025-12-04,1874.23,1884.57,1864.35,1878.72,775875188,VN100
2025-12-05,1898.2,1898.2,1873.13,1876.2,542766671,VN100
2025-12-08,1891.95,1892.97,1873.88,1880.12,572402239,VN100
2025-12-09,1897.25,1897.25,1845.21,1869.86,802249516,VN100
2025-12-10,1872.94,1872.94,1839.61,1844.94,514936558,VN100
2025-12-11,1839.67,1848.54,1820.28,1827.05,456876451,VN100
2025-12-12,1831.36,1831.36,1759.66,1767.08,758274632,VN100
2025-12-15,1768.04,1786.98,1755.1,1765.08,553437532,VN100
2025-12-16,1767.25,1818.08,1745.2,1807.62,691129633,VN100
2025-12-17,1808.28,1814.26,1790.14,1798.31,506359468,VN100
2025-12-18,1799.2,1804.06,1787.52,1804.06,539692681,VN100
2025-12-19,1805.51,1835.91,1804.51,1831.78,645569858,VN100
2025-12-22,1845.24,1885.64,1839.91,1885.64,857120334,VN100
2025-12-23,1901.94,1915.95,1899.01,1907.33,735426008,VN100
2025-12-24,1918.14,1922.85,1890.87,1922.8,678045588,VN100
2025-12-25,1919.62,1944.64,1873.79,1873.79,694651989,VN100
2025-12-26,1839.53,1866.0,1811.5,1861.57,941929285,VN100
2025-12-29,1866.42,1884.24,1863.89,1884.24,550212963,VN100
2025-12-30,1888.14,1900.27,1869.58,1900.27,541620405,VN100
2025-12-31,1893.68,1919.59,1893.25,1918.0,604677721,VN100
2026-01-05,1918.99,1928.46,1896.13,1912.69,756675120,VN100
2026-01-06,1918.39,1938.55,1904.35,1935.93,836875113,VN100
2026-01-07,1948.71,1973.69,1934.21,1973.69,871849843,VN100
2026-01-08,1987.66,1997.23,1950.08,1956.73,1092729016,VN100
2026-01-09,1961.23,1969.71,1931.64,1944.22,1106195439,VN100
2026-01-12,1947.68,1965.12,1941.98,1961.77,1192371326,VN100
2026-01-13,1960.11,1988.0,1944.93,1976.38,1164733508,VN100
2026-01-14,1984.43,1984.5,1930.78,1950.48,1218275257,VN100
2026-01-15,1944.19,1946.16,1909.53,1935.22,1066986225,VN100
2026-01-16,1946.01,1973.21,1945.51,1956.26,849755461,VN100
2026-01-19,1974.32,1977.27,1956.57,1971.81,1023569048,VN100
2026-01-20,1976.7,1985.18,1953.18,1964.23,908817628,VN100
2026-01-21,1949.65,1968.64,1936.72,1954.03,1002712433,VN100
2026-01-22,1961.08,1972.81,1952.04,1961.84,838435057,VN100
2026-01-23,1972.14,1979.48,1952.07,1956.64,699161912,VN100
2026-01-26,1960.66,1961.47,1901.44,1909.38,911123832,VN100
2026-01-27,1909.66,1912.27,1884.89,1893.38,649431713,VN100
2026-01-28,1894.4,1903.45,1860.02,1869.14,885052238,VN100
2026-01-29,1874.1,1885.88,1870.02,1881.82,574956427,VN100
2026-01-30,1887.51,1896.8,1872.37,1895.4,724352067,VN100
2026-02-02,1889.42,1892.46,1842.77,1869.17,834189470,VN100
2026-02-03,1872.35,1885.31,1864.79,1872.59,848192330,VN100
2026-02-04,1874.39,1875.31,1850.39,1861.24,921751609,VN100
2026-02-05,1861.5,1868.84,1847.81,1847.81,635975176,VN100
2026-02-06,1836.26,1843.95,1816.25,1817.49,1012746632,VN100
2026-02-09,1832.59,1834.87,1816.22,1819.63,619781592,VN100
2026-02-10,1823.0,1841.69,1812.46,1826.92,811744392,VN100
2026-02-11,1840.95,1882.34,1839.3,1879.24,1049592240,VN100
2026-02-12,1890.61,1898.1,1885.84,1895.81,443024137,VN100
2026-02-13,1896.82,1904.61,1878.54,1904.16,535770702,VN100
2026-02-23,1911.6,1931.63,1910.28,1927.92,651411925,VN100
2026-02-24,1926.91,1936.82,1916.13,1936.82,873971131,VN100
2026-02-25,1938.45,1949.17,1929.17,1932.71,1042913127,VN100
2026-02-26,1934.79,1955.22,1934.06,1952.69,774094564,VN100
2026-02-27,1955.85,1961.77,1935.07,1948.72,799650166,VN100
2026-03-02,1945.22,1946.41,1903.5,1903.5,1321191388,VN100
2026-03-03,1909.77,1912.24,1859.37,1864.78,1139539942,VN100
2026-03-04,1854.53,1876.08,1804.63,1856.66,1342662679,VN100
2026-03-05,1877.92,1887.94,1847.64,1850.66,977677570,VN100
2026-03-06,1846.4,1847.41,1815.78,1817.73,910352990,VN100
2026-03-09,1810.94,1810.94,1695.53,1699.6,1220207891,VN100
2026-03-10,1717.0,1768.63,1710.99,1740.71,1350944704,VN100
2026-03-11,1743.38,1801.73,1742.24,1796.23,863393626,VN100
2026-03-12,1777.17,1792.81,1764.88,1776.44,845137405,VN100
2026-03-13,1763.8,1789.89,1757.23,1772.56,891564254,VN100
2026-03-16,1775.63,1784.02,1760.49,1772.6,741078048,VN100
2026-03-17,1787.22,1814.26,1786.7,1788.73,732640800,VN100
2026-03-18,1796.92,1816.11,1769.96,1783.56,725793178,VN100
2026-03-19,1768.29,1781.8,1754.94,1771.74,780203161,VN100
2026-03-20,1770.53,1770.53,1708.71,1726.81,823176605,VN100
2026-03-23,1709.01,1712.03,1663.12,1664.96,967823619,VN100
2026-03-24,1701.34,1711.93,1685.54,1696.93,668543999,VN100
2026-03-25,1717.39,1744.94,1713.54,1744.4,756325984,VN100
2026-03-26,1746.87,1747.38,1719.05,1728.57,712751498,VN100
2026-03-27,1727.36,1760.71,1723.37,1759.1,808350919,VN100
2026-03-30,1729.78,1762.31,1719.32,1749.23,721744221,VN100
2026-03-31,1756.61,1770.93,1755.31,1767.05,821136404,VN100
2026-04-01,1805.71,1807.53,1791.68,1792.16,833052800,VN100
2026-04-02,1792.95,1792.95,1768.67,1781.33,787631931,VN100
2026-04-03,1785.32,1794.41,1761.73,1766.97,684297357,VN100
2026-04-06,1764.44,1778.66,1756.63,1760.97,587734070,VN100
2026-04-07,1766.8,1778.24,1755.48,1769.19,526082614,VN100
2026-04-08,1803.48,1856.95,1803.48,1856.15,1106875293,VN100
2026-04-09,1850.45,1861.37,1838.83,1843.49,936124326,VN100
2026-04-10,1860.29,1872.3,1854.26,1856.76,864122483,VN100
2026-04-13,1841.68,1868.38,1837.44,1860.33,775221697,VN100
2026-04-14,1879.87,1888.91,1869.79,1878.19,796285506,VN100
2026-04-15,1891.67,1895.95,1888.6,1892.92,841320976,VN100
2026-04-16,1897.1,1911.55,1890.51,1908.08,910566728,VN100
2026-04-17,1920.29,1934.03,1907.34,1907.34,656255304,VN100
2026-04-20,1911.52,1929.09,1900.03,1927.96,618151769,VN100
2026-04-21,1945.31,1958.08,1925.79,1925.79,768122809,VN100
2026-04-22,1928.55,1948.44,1913.39,1943.91,637495940,VN100
2026-04-23,1953.91,1966.98,1931.69,1944.05,911908256,VN100
2026-04-24,1946.53,1951.87,1919.84,1930.67,595755352,VN100
2026-04-28,1929.4,1961.04,1928.77,1952.67,557964890,VN100
2026-04-29,1952.96,1955.25,1924.25,1936.31,650128200,VN100
2026-05-04,1948.27,1955.64,1921.72,1928.89,600548222,VN100
2026-05-05,1927.32,1944.47,1922.56,1944.47,701669766,VN100
2026-05-06,1951.84,1969.75,1942.66,1967.64,787148168,VN100
2026-05-07,1976.25,2005.04,1976.02,1992.48,876168473,VN100
2026-05-08,1993.72,2003.53,1980.19,1997.02,871586803,VN100
2026-05-11,1999.21,2006.41,1976.73,1978.37,866697725,VN100
2026-05-12,1976.83,1990.7,1964.71,1988.39,663849961,VN100
2026-05-13,2000.47,2000.47,1954.43,1976.98,879852224,VN100
2026-05-14,1972.67,1996.95,1964.77,1996.22,610028450,VN100
2026-05-15,1998.65,1999.79,1973.97,1982.89,670411672,VN100
2026-05-18,1976.87,1983.51,1964.74,1978.45,737588489,VN100
2026-05-19,1981.53,1981.68,1959.58,1965.64,931406626,VN100
2026-05-20,1961.37,1971.61,1908.84,1958.35,1092014340,VN100
2026-05-21,1967.32,1969.65,1941.15,1952.0,612911190,VN100
2026-05-22,1952.43,1952.43,1918.86,1937.14,776631680,VN100
2026-05-25,1940.26,1958.44,1940.26,1950.39,632619883,VN100
2026-05-26,1953.1,1959.86,1947.87,1956.87,639962558,VN100
2026-05-27,1962.69,1962.69,1944.16,1951.75,753539917,VN100
2026-05-28,1947.96,1957.99,1933.02,1933.02,610869936,VN100
2026-05-29,1932.89,1941.58,1918.84,1925.55,607275686,VN100
2026-06-01,1929.14,1934.37,1910.56,1915.27,436960974,VN100
2026-06-02,1914.87,1924.9,1890.04,1894.18,642762353,VN100
2026-06-03,1891.94,1908.87,1878.5,1893.09,637921620,VN100
2026-06-04,1895.3,1902.83,1884.85,1902.15,513261391,VN100
2026-06-05,1904.26,1911.21,1896.93,1904.58,451774266,VN100
2026-06-08,1887.76,1888.37,1857.55,1859.67,630769364,VN100
2026-06-09,1866.98,1875.48,1854.73,1871.55,469661142,VN100
2026-06-10,1871.68,1884.6,1868.15,1881.42,543997377,VN100
2026-06-11,1871.7,1877.28,1866.06,1871.39,354463406,VN100
2026-06-12,1888.5,1888.65,1864.03,1865.93,572125195,VN100
2026-06-15,1881.15,1889.47,1862.29,1882.63,695903759,VN100
2026-06-16,1890.28,1891.28,1883.14,1887.98,571481976,VN100
2026-06-17,1880.54,1891.45,1871.59,1887.29,747869663,VN100
2026-06-18,1900.52,1905.65,1897.26,1899.67,575130339,VN100
2026-06-19,1905.35,1906.29,1873.55,1894.86,538435909,VN100
2026-06-22,1899.78,1918.56,1895.12,1915.25,455454701,VN100
2026-06-23,1927.55,1951.22,1921.5,1928.14,859281740,VN100
2026-06-24,1937.11,1950.1,1925.94,1940.44,564125330,VN100
2026-06-25,1943.1,1944.89,1925.41,1932.68,430360918,VN100
2026-06-26,1929.05,1939.96,1921.01,1937.79,455802689,VN100
2026-06-29,1935.27,1938.65,1929.45,1933.17,545886216,VN100
2026-06-30,1933.79,1936.97,1924.43,1931.52,608741030,VN100
2026-07-01,1931.68,1946.32,1931.68,1942.19,552564948,VN100
2026-07-02,1946.8,1952.12,1936.68,1938.99,500730536,VN100
2026-07-03,1939.67,1941.12,1924.81,1932.28,515045049,VN100
2026-07-06,1940.71,1942.42,1898.88,1914.29,703111688,VN100
2026-07-07,1912.44,1922.44,1901.16,1922.44,452471369,VN100
2026-07-08,1920.66,1930.68,1914.54,1926.12,548093425,VN100
2026-07-09,1914.98,1920.35,1907.1,1908.47,501421018,VN100
2026-07-10,1906.79,1913.95,1891.94,1891.94,511182332,VN100
2026-07-13,1889.47,1889.47,1841.7,1861.08,751101270,VN100
2026-07-14,1853.16,1868.47,1837.19,1868.47,499357368,VN100
2026-07-15,1868.69,1868.69,1836.19,1839.44,532964301,VN100
2026-07-16,1829.46,1864.82,1816.33,1864.31,710573604,VN100
2026-07-17,1863.99,1864.86,1845.32,1852.65,381422711,VN100
2026-07-20,1844.02,1845.91,1796.33,1805.16,770813951,VN100
2026-07-21,1796.42,1817.48,1792.14,1797.8,722870036,VN100
2026-07-22,1799.3,1808.18,1740.29,1743.88,826598642,VN100
2026-07-23,1740.61,1774.32,1722.75,1767.7,782399667,VN100
2026-07-24,1752.4,1760.09,1741.65,1751.49,516512564,VN100
2026-07-27,1760.92,1771.94,1726.66,1729.22,549807865,VN100
2026-07-28,1715.09,1749.99,1712.39,1745.18,719691748,VN100
2026-07-29,1745.23,1762.6,1736.5,1762.6,497033133,VN100
2026-07-30,1762.48,1805.28,1759.07,1800.95,753878153,VN100
2026-07-31,1816.99,1816.99,1754.71,1786.9,691371164,VN100
2026-08-03,1796.12,1829.66,1792.08,1825.3,692839957,VN100
2026-08-04,1828.3,1841.63,1822.62,1841.63,616641137,VN100
2026-08-05,1851.14,1855.44,1829.79,1836.22,680588611,VN100
2026-08-06,1844.69,1844.69,1821.2,1822.07,524004016,VN100
2026-08-07,1818.68,1829.93,1812.21,1823.7,579118466,VN100
2026-08-10,1828.75,1845.06,1815.11,1838.02,640471443,VN100
2026-08-11,1841.8,1851.93,1832.21,1837.69,539776495,VN100
2026-08-12,1840.6,1856.85,1835.55,1850.94,488607083,VN100
2026-08-13,1854.17,1858.67,1821.94,1824.51,665483518,VN100
2026-08-14,1822.22,1822.39,1787.07,1795.69,656293787,VN100
2026-08-17,1794.1,1802.3,1785.01,1793.86,472891202,VN100
2026-08-18,1795.66,1810.59,1783.18,1791.35,491691543,VN100
2026-08-19,1791.86,1794.46,1780.13,1788.39,522268663,VN100
2026-08-20,1796.94,1805.16,1791.71,1795.57,412020426,VN100
2026-08-21,1795.65,1837.77,1788.56,1837.77,700487722,VN100
2026-08-24,1858.58,1863.09,1846.89,1853.99,753298048,VN100
2026-08-25,1857.14,1871.32,1848.14,1851.76,737796551,VN100
2026-08-26,1851.16,1879.52,1847.84,1879.52,662603566,VN100
2026-08-27,1880.17,1893.64,1877.41,1888.06,540514937,VN100
2026-08-28,1888.83,1898.92,1879.15,1891.44,594391873,VN100
2026-09-03,1880.63,1882.46,1862.81,1874.2,576312022,VN100
2026-09-04,1876.08,1899.62,1876.08,1894.93,562700255,VN100
2026-09-07,1898.47,1910.2,1870.98,1870.98,575490743,VN100
2026-09-08,1869.72,1877.49,1865.26,1873.51,451338101,VN100
2026-09-09,1877.2,1885.95,1868.3,1869.84,488382074,VN100
2026-09-10,1867.48,1881.73,1858.5,1876.33,424900512,VN100
2026-09-11,1867.01,1867.87,1838.59,1838.59,626155817,VN100
2026-09-14,1835.51,1842.58,1816.15,1826.99,714214025,VN100
2026-09-15,1833.5,1850.24,1833.38,1846.98,572724089,VN100
2026-09-16,1849.1,1850.15,1839.14,1847.52,507529298,VN100
2026-09-17,1839.44,1870.8,1838.25,1866.59,639158054,VN100
2026-09-18,1878.61,1889.83,1860.89,1860.89,786894106,VN100
2026-09-21,1874.95,1874.95,1831.37,1845.03,589181980,VN100
2026-09-22,1844.0,1858.65,1837.13,1856.95,462652227,VN100
2026-09-23,1857.6,1866.66,1848.75,1850.79,594052881,VN100
2026-09-24,1850.45,1850.57,1826.21,1827.38,581108019,VN100
2026-09-25,1826.42,1848.0,1823.66,1836.01,562342029,VN100
2026-09-28,1837.63,1837.79,1809.59,1821.76,596159999,VN100
